item,p,k,n,seed,alpha_forced,sub,onmi,mean_umax,m_used,extra_json
census,0.0,32,8000,0,,flags,,,,"{""flag_both"": 0.85175, ""flag_text"": 0.072625, ""flag_img"": 0.075625, ""flag_none"": 0.0, ""content_dim"": 16, ""frac_zero_content_rows"": 0.0, ""effective_rank_nonzero_rows"": 16}"
mselect,0.0,32,8000,0,,robust_fit,0.7560901100706122,0.5272377284939168,1.3,
mladder,0.0,32,8000,0,,ladder,,,,"{""floor"": 0.2734375, ""ladder"": {""1.5"": 0.03125014638028303, ""1.3"": 0.5272377284939168, ""1.2"": 0.7733685719949036, ""1.1"": 0.8727395705979948}}"
census,0.4,32,8000,0,,flags,,,,"{""flag_both"": 0.31575, ""flag_text"": 0.243375, ""flag_img"": 0.24725, ""flag_none"": 0.193625, ""content_dim"": 16, ""frac_zero_content_rows"": 0.193625, ""effective_rank_nonzero_rows"": 16}"
mselect,0.4,32,8000,0,,robust_fit,0.35024805581182883,0.3408728718195284,1.1,
mladder,0.4,32,8000,0,,ladder,,,,"{""floor"": 0.2734375, ""ladder"": {""1.5"": 0.031250070603391564, ""1.3"": 0.03125019821912786, ""1.2"": 0.05159713522579831, ""1.1"": 0.3408728718195284}}"
census,0.8,32,8000,0,,flags,,,,"{""flag_both"": 0.0355, ""flag_text"": 0.14575, ""flag_img"": 0.15325, ""flag_none"": 0.6655, ""content_dim"": 16, ""frac_zero_content_rows"": 0.6655, ""effective_rank_nonzero_rows"": 16}"
mselect,0.8,32,8000,0,,robust_fit,0.0,0.03126036855156539,1.1,
mladder,0.8,32,8000,0,,ladder,,,,"{""floor"": 0.2734375, ""ladder"": {""1.5"": 0.03125011847459968, ""1.3"": 0.031250185359719324, ""1.2"": 0.03125074447791832, ""1.1"": 0.03126036855156539}}"
structure_alone,0,32,8000,0,0.0,struct,0.0,0.031265078678224,1.1,
content_alone,0.8,32,8000,0,1.0,content,0.0005716986022754611,0.8886483110469929,1.5,
alpha_sweep,0.8,32,8000,0,0.05,fixed_alpha,0.0,0.03126181278101837,1.1,
alpha_sweep,0.8,32,8000,0,0.15,fixed_alpha,0.0,0.03126225319288994,1.1,
alpha_sweep,0.8,32,8000,0,0.3,fixed_alpha,0.0,0.03125999568226798,1.1,
alpha_sweep,0.8,32,8000,0,0.5,fixed_alpha,0.0,0.21787141686655825,1.1,
alpha_sweep,0.8,32,8000,0,0.7,fixed_alpha,0.0021985115990721393,0.2862888472209696,1.2,
alpha_sweep,0.8,32,8000,0,0.85,fixed_alpha,0.000579000973124133,0.3960249213459209,1.3,
onset,0.0,32,8000,0,,robust,0.7560901100706122,0.5272377284939168,1.3,
onset,0.2,32,8000,0,,robust,0.49389860718466727,0.32675393894482446,1.2,
onset,0.4,32,8000,0,,robust,0.35024805581182883,0.3408728718195284,1.1,
onset,0.6,32,8000,0,,robust,0.03658903500803201,0.06262763565082484,1.1,
onset,0.7,32,8000,0,,robust,0.0,0.03125795736009098,1.1,
onset,0.8,32,8000,0,,robust,0.0,0.03126036855156539,1.1,
k_interaction,0.8,4,1000,0,,robust,0.8398918995758664,0.9263775503479803,1.5,
k_interaction,0.8,8,2000,0,,robust,0.8065099344713655,0.8250724307949497,1.5,
k_interaction,0.8,16,4000,0,,robust,0.6512191591297158,0.6413439080637784,1.3,
k_interaction,0.8,32,8000,0,,robust,0.0,0.03126036855156539,1.1,
census,0.0,32,8000,1,,flags,,,,"{""flag_both"": 0.85075, ""flag_text"": 0.0765, ""flag_img"": 0.07275, ""flag_none"": 0.0, ""content_dim"": 16, ""frac_zero_content_rows"": 0.0, ""effective_rank_nonzero_rows"": 16}"
mselect,0.0,32,8000,1,,robust_fit,0.6761146391620317,0.46853612803929945,1.3,
mladder,0.0,32,8000,1,,ladder,,,,"{""floor"": 0.2734375, ""ladder"": {""1.5"": 0.031250195514274326, ""1.3"": 0.46853612803929945, ""1.2"": 0.7598969856895338, ""1.1"": 0.874588677986157}}"
census,0.4,32,8000,1,,flags,,,,"{""flag_both"": 0.310375, ""flag_text"": 0.245375, ""flag_img"": 0.25075, ""flag_none"": 0.1935, ""content_dim"": 16, ""frac_zero_content_rows"": 0.1935, ""effective_rank_nonzero_rows"": 16}"
mselect,0.4,32,8000,1,,robust_fit,0.33892944927234125,0.3749051701111268,1.1,
mladder,0.4,32,8000,1,,ladder,,,,"{""floor"": 0.2734375, ""ladder"": {""1.5"": 0.031250088041333224, ""1.3"": 0.03125027750570544, ""1.2"": 0.04133502425183095, ""1.1"": 0.3749051701111268}}"
census,0.8,32,8000,1,,flags,,,,"{""flag_both"": 0.0345, ""flag_text"": 0.150625, ""flag_img"": 0.153625, ""flag_none"": 0.66125, ""content_dim"": 16, ""frac_zero_content_rows"": 0.66125, ""effective_rank_nonzero_rows"": 16}"
mselect,0.8,32,8000,1,,robust_fit,0.0,0.03126148450348613,1.1,
mladder,0.8,32,8000,1,,ladder,,,,"{""floor"": 0.2734375, ""ladder"": {""1.5"": 0.03125011911344494, ""1.3"": 0.03125018651158564, ""1.2"": 0.03125075090761015, ""1.1"": 0.03126148450348613}}"
structure_alone,0,32,8000,1,0.0,struct,0.0,0.0312611977683164,1.1,
content_alone,0.8,32,8000,1,1.0,content,0.00033402968095641583,0.89630886578365,1.5,
alpha_sweep,0.8,32,8000,1,0.05,fixed_alpha,0.0,0.03126211129566721,1.1,
alpha_sweep,0.8,32,8000,1,0.15,fixed_alpha,0.0,0.0312608726054669,1.1,
alpha_sweep,0.8,32,8000,1,0.3,fixed_alpha,0.0,0.031259020070209455,1.1,
alpha_sweep,0.8,32,8000,1,0.5,fixed_alpha,0.0,0.2304920311191775,1.1,
alpha_sweep,0.8,32,8000,1,0.7,fixed_alpha,0.0013088372980676333,0.3157650764942359,1.2,
alpha_sweep,0.8,32,8000,1,0.85,fixed_alpha,0.0003572007914066644,0.4056681450551039,1.3,
onset,0.0,32,8000,1,,robust,0.6761146391620317,0.46853612803929945,1.3,
onset,0.2,32,8000,1,,robust,0.5085347287799559,0.3780053310220916,1.2,
onset,0.4,32,8000,1,,robust,0.33892944927234125,0.3749051701111268,1.1,
onset,0.6,32,8000,1,,robust,0.08120196868676921,0.07536522664284069,1.1,
onset,0.7,32,8000,1,,robust,0.0,0.03125777156482977,1.1,
onset,0.8,32,8000,1,,robust,0.0,0.03126148450348613,1.1,
k_interaction,0.8,4,1000,1,,robust,0.8483103596177037,0.9192042790548844,1.5,
k_interaction,0.8,8,2000,1,,robust,0.8287367397874659,0.8211546867202835,1.5,
k_interaction,0.8,16,4000,1,,robust,0.6497582216846776,0.645701433080332,1.3,
k_interaction,0.8,32,8000,1,,robust,0.0,0.03126148450348613,1.1,
census,0.0,32,8000,2,,flags,,,,"{""flag_both"": 0.85675, ""flag_text"": 0.071125, ""flag_img"": 0.072125, ""flag_none"": 0.0, ""content_dim"": 16, ""frac_zero_content_rows"": 0.0, ""effective_rank_nonzero_rows"": 16}"
mselect,0.0,32,8000,2,,robust_fit,0.7638414736598791,0.5478507509071119,1.3,
mladder,0.0,32,8000,2,,ladder,,,,"{""floor"": 0.2734375, ""ladder"": {""1.5"": 0.03125016311915949, ""1.3"": 0.5478507509071119, ""1.2"": 0.7566762051993087, ""1.1"": 0.9009410108589657}}"
census,0.4,32,8000,2,,flags,,,,"{""flag_both"": 0.29675, ""flag_text"": 0.25725, ""flag_img"": 0.247625, ""flag_none"": 0.198375, ""content_dim"": 16, ""frac_zero_content_rows"": 0.198375, ""effective_rank_nonzero_rows"": 16}"
mselect,0.4,32,8000,2,,robust_fit,0.3455784243147747,0.34852637037821727,1.1,
mladder,0.4,32,8000,2,,ladder,,,,"{""floor"": 0.2734375, ""ladder"": {""1.5"": 0.03125006692214922, ""1.3"": 0.03125017326976616, ""1.2"": 0.031250317764304904, ""1.1"": 0.34852637037821727}}"
census,0.8,32,8000,2,,flags,,,,"{""flag_both"": 0.03275, ""flag_text"": 0.151625, ""flag_img"": 0.148375, ""flag_none"": 0.66725, ""content_dim"": 16, ""frac_zero_content_rows"": 0.66725, ""effective_rank_nonzero_rows"": 16}"
mselect,0.8,32,8000,2,,robust_fit,0.0,0.03125779819697707,1.1,
mladder,0.8,32,8000,2,,ladder,,,,"{""floor"": 0.2734375, ""ladder"": {""1.5"": 0.03125012334973122, ""1.3"": 0.031250194797948896, ""1.2"": 0.031250790270067476, ""1.1"": 0.03125779819697707}}"
structure_alone,0,32,8000,2,0.0,struct,0.0,0.0312616250000393,1.1,
content_alone,0.8,32,8000,2,1.0,content,0.0003881840450570273,0.8797487185260348,1.5,
alpha_sweep,0.8,32,8000,2,0.05,fixed_alpha,0.0,0.03126133305274782,1.1,
alpha_sweep,0.8,32,8000,2,0.15,fixed_alpha,0.0,0.031261639724266765,1.1,
alpha_sweep,0.8,32,8000,2,0.3,fixed_alpha,0.0,0.03126006146366907,1.1,
alpha_sweep,0.8,32,8000,2,0.5,fixed_alpha,0.0,0.20375747378941167,1.1,
alpha_sweep,0.8,32,8000,2,0.7,fixed_alpha,0.0011046281177540251,0.31728391196050965,1.2,
alpha_sweep,0.8,32,8000,2,0.85,fixed_alpha,0.0005313921751096684,0.31856732663835574,1.3,
onset,0.0,32,8000,2,,robust,0.7638414736598791,0.5478507509071119,1.3,
onset,0.2,32,8000,2,,robust,0.483727048054292,0.33903189279840656,1.2,
onset,0.4,32,8000,2,,robust,0.3455784243147747,0.34852637037821727,1.1,
onset,0.6,32,8000,2,,robust,0.03372109892576669,0.06198348096454369,1.1,
onset,0.7,32,8000,2,,robust,0.0,0.031257947975164145,1.1,
onset,0.8,32,8000,2,,robust,0.0,0.03125779819697707,1.1,
