condition,severity,method,seed,k,n,avg_degree,onmi,modularity,f1,mean_umax,collapsed,wall_fit_s,peak_rss_mb,success,error
noise,1.0,nfmcd_default,0,32,8000,17.92875,0.02288883270107256,0.058502891448240286,0.03544962684941681,0.03125461787773375,True,28.468999999997322,625.283072,True,
noise,1.0,nfmcd_default,1,32,8000,17.86025,0.02380263322004439,0.05760738911646614,0.019585733109029734,0.0312549167323667,True,17.875,624.574464,True,
noise,1.0,nfmcd_default,2,32,8000,18.08425,0.018962927065131696,0.06484747694362857,0.047550465314703146,0.031255183619833746,True,17.92199999999866,627.154944,True,
noise,2.0,nfmcd_default,0,32,8000,18.00125,0.023465221775726963,0.026620605516688427,0.03743443736304555,0.031254081165715465,True,67.04699999999866,626.003968,True,
noise,2.0,nfmcd_default,1,32,8000,17.9955,0.02247697640080515,0.026662671007821534,0.02464851222687289,0.03125404782014732,True,20.485000000000582,624.603136,True,
noise,2.0,nfmcd_default,2,32,8000,17.94225,0.018907297043983418,0.03343435732471217,0.02899752011010099,0.03125372605298475,True,20.57800000000134,626.7904,True,
noise,4.0,nfmcd_default,0,32,8000,17.948,0.024166396160351322,0.010266272615230073,0.034177670552533596,0.03125394297521799,True,19.265999999995984,625.07008,True,
noise,4.0,nfmcd_default,1,32,8000,18.04175,0.022951672067992535,0.00963904013112203,0.024576816433551432,0.03125610192267327,True,16.718999999997322,605.741056,True,
noise,4.0,nfmcd_default,2,32,8000,18.0345,0.01862866246211725,0.01462280375522792,0.03424986897520267,0.031253299032320846,True,17.5940000000046,627.556352,True,
noise,8.0,nfmcd_default,0,32,8000,17.89225,0.02159664478069645,0.00016088137659563028,0.04375001706491065,0.03125371522655539,True,15.953000000001339,606.24896,True,
noise,8.0,nfmcd_default,1,32,8000,17.98475,0.023616813680442217,0.002564750815533525,0.02183918989908694,0.031256478097839324,True,17.125,624.730112,True,
noise,8.0,nfmcd_default,2,32,8000,17.96975,0.06046946096167649,-0.0007230525426873551,0.05309046997890511,0.031254345451694705,True,17.264999999999418,627.339264,True,
noise,1.0,nfmcd_robust,0,32,8000,17.92875,0.7560901100706122,0.17505915199036734,0.8674521553921719,0.5272377284939235,False,13.328000000001339,548.63872,True,
noise,1.0,nfmcd_robust,1,32,8000,17.86025,0.664078944573607,0.16637974565919741,0.7603431243781378,0.46853612803928785,False,12.953999999997905,548.532224,True,
noise,1.0,nfmcd_robust,2,32,8000,18.08425,0.7638414736598791,0.17177569047057348,0.8641192277912833,0.5478507509071247,False,12.14100000000326,597.700608,True,
noise,2.0,nfmcd_robust,0,32,8000,18.00125,0.6062167050295406,0.08119330609370753,0.7267209257066511,0.4366428342276545,False,13.218000000000757,549.269504,True,
noise,2.0,nfmcd_robust,1,32,8000,17.9955,0.5403684124294009,0.07538676959519239,0.5374665318024375,0.3086971079479647,False,13.687999999994645,594.345984,True,
noise,2.0,nfmcd_robust,2,32,8000,17.94225,0.6474132762633625,0.0792726024852873,0.7457757899408672,0.45451312718168096,False,12.43699999999808,584.671232,True,
noise,4.0,nfmcd_robust,0,32,8000,17.948,0.6581523164960545,0.030307333630481867,0.7196537581922089,0.4318163129313063,False,12.968000000000757,548.773888,True,
noise,4.0,nfmcd_robust,1,32,8000,18.04175,0.4816913406028265,0.02605477001335607,0.4899334449018007,0.29127766723650883,False,12.860000000000582,593.7152,True,
noise,4.0,nfmcd_robust,2,32,8000,18.0345,0.6578255765114317,0.03006400118241984,0.7446991512162979,0.4506574350109494,False,12.390999999995984,591.060992,True,
noise,8.0,nfmcd_robust,0,32,8000,17.89225,0.6573270874270096,0.0019310679170713321,0.7191429400804936,0.43005994237323514,False,12.952999999994063,549.412864,True,
noise,8.0,nfmcd_robust,1,32,8000,17.98475,0.4685484718363251,0.0024116353841665194,0.48629230109657023,0.2907266735456149,False,12.953000000001339,589.979648,True,
noise,8.0,nfmcd_robust,2,32,8000,17.96975,0.6557695780022244,0.0033537349296646184,0.7435940800103531,0.44957862476881943,False,12.23399999999674,596.758528,True,
noise,1.0,louvain,0,32,8000,17.92875,0.0,0.0650596732286547,0.08333578005872902,,,1.9530000000013388,313.798656,True,
noise,1.0,louvain,1,32,8000,17.86025,0.0,0.06716144149697925,0.08310241032589802,,,2.8589999999967404,316.366848,True,
noise,1.0,louvain,2,32,8000,18.08425,0.0,0.06531383680562586,0.0851179189196701,,,2.389999999999418,311.771136,True,
noise,2.0,louvain,0,32,8000,18.00125,0.0,0.05779934144081386,0.07165483856092668,,,2.312999999994645,311.332864,True,
noise,2.0,louvain,1,32,8000,17.9955,0.0,0.059914359299199665,0.06786060558243434,,,3.3280000000013388,311.865344,True,
noise,2.0,louvain,2,32,8000,17.94225,0.0,0.05958363553434388,0.07039889567395143,,,3.4690000000045984,311.955456,True,
noise,4.0,louvain,0,32,8000,17.948,0.0,0.05395871003342791,0.06807411465865484,,,2.2960000000020955,313.311232,True,
noise,4.0,louvain,1,32,8000,18.04175,0.0,0.05451475747495583,0.06494012495620144,,,2.0319999999992433,311.607296,True,
noise,4.0,louvain,2,32,8000,18.0345,0.0,0.058082387764150895,0.06690994707915986,,,2.4060000000026776,312.590336,True,
noise,8.0,louvain,0,32,8000,17.89225,0.0,0.05345935303313458,0.064339343377422,,,2.9530000000013388,311.250944,True,
noise,8.0,louvain,1,32,8000,17.98475,0.0,0.05390075301886878,0.06467920556791187,,,3.4060000000026776,311.48032,True,
noise,8.0,louvain,2,32,8000,17.96975,0.0,0.05257718452558162,0.06624777284189295,,,1.860000000000582,309.673984,True,
noise,1.0,spectral_graph_content,0,32,8000,17.92875,0.7501617195683142,0.15782808381046956,0.8699502477642437,,,9.968000000000757,3931.705344,True,
noise,1.0,spectral_graph_content,1,32,8000,17.86025,0.7616972263336746,0.15880814298816479,0.8768706937065895,,,9.905999999995402,3931.754496,True,
noise,1.0,spectral_graph_content,2,32,8000,18.08425,0.7739205371608098,0.1611999781328802,0.8840520250968137,,,9.937999999994645,3930.411008,True,
noise,2.0,spectral_graph_content,0,32,8000,18.00125,0.7230583635875207,0.07531376537540231,0.8581999588001563,,,10.031000000002678,3929.526272,True,
noise,2.0,spectral_graph_content,1,32,8000,17.9955,0.7333893545840151,0.07462346949361948,0.8631332797073228,,,9.922000000005937,3930.914816,True,
noise,2.0,spectral_graph_content,2,32,8000,17.94225,0.7419244731505075,0.0759773486299239,0.8690882759925382,,,10.01600000000326,3931.07456,True,
noise,4.0,spectral_graph_content,0,32,8000,17.948,0.7155651520359062,0.027952487862659622,0.853354483192954,,,10.0,3929.137152,True,
noise,4.0,spectral_graph_content,1,32,8000,18.04175,0.7275553467026831,0.02769881287726374,0.8589842315665643,,,10.0,3930.529792,True,
noise,4.0,spectral_graph_content,2,32,8000,18.0345,0.7350059304225492,0.028648497103314834,0.864055152529606,,,10.030999999995402,3929.964544,True,
noise,8.0,spectral_graph_content,0,32,8000,17.89225,0.7103021703330754,0.0024574891202005537,0.8505503764416726,,,10.296999999998661,3930.267648,True,
noise,8.0,spectral_graph_content,1,32,8000,17.98475,0.721043011290941,0.003351704166223939,0.8546110227223762,,,10.281000000002678,3931.140096,True,
noise,8.0,spectral_graph_content,2,32,8000,17.96975,0.7300628520987049,0.003322288563716694,0.8602087772865908,,,10.25,3931.09504,True,
missing,0.0,nfmcd_default,0,32,8000,17.92875,0.02288883270107256,0.058502891448240286,0.03544962684941681,0.03125461787773375,True,15.89100000000326,607.883264,True,
missing,0.0,nfmcd_default,1,32,8000,17.86025,0.02380263322004439,0.05760738911646614,0.019585733109029734,0.0312549167323667,True,16.10899999999674,604.07808,True,
missing,0.0,nfmcd_default,2,32,8000,18.08425,0.018962927065131696,0.06484747694362857,0.047550465314703146,0.031255183619833746,True,16.25,627.490816,True,
missing,0.4,nfmcd_default,0,32,8000,17.92875,0.0031971924953652087,0.08249846082071798,0.03730792049341966,0.03125015650198198,True,6.75,451.592192,True,
missing,0.4,nfmcd_default,1,32,8000,17.86025,0.004029630018188346,0.07857893401790596,0.04464692107062612,0.03125010877450891,True,6.796999999998661,453.57056,True,
missing,0.4,nfmcd_default,2,32,8000,18.08425,0.0,0.08928960675769917,0.09603079758528033,0.031250030900315175,True,6.98399999999674,454.0416,True,
missing,0.8,nfmcd_default,0,32,8000,17.92875,0.0,0.12812342166283142,0.0863230784532413,0.03125004299972657,True,1.4380000000019209,428.806144,True,
missing,0.8,nfmcd_default,1,32,8000,17.86025,0.0,0.1250506035779228,0.09271539360702868,0.03125004161155695,True,1.2819999999992433,423.940096,True,
missing,0.8,nfmcd_default,2,32,8000,18.08425,0.0,0.12736556894099774,0.08986258831046728,0.03125004431358374,True,1.2030000000013388,428.220416,True,
missing,0.0,nfmcd_robust,0,32,8000,17.92875,0.7560901100706122,0.17505915199036734,0.8674521553921719,0.5272377284939235,False,12.485000000000582,548.683776,True,
missing,0.0,nfmcd_robust,1,32,8000,17.86025,0.6761146391620317,0.16637962075266868,0.7605703787414215,0.46853612803928785,False,13.25,588.619776,True,
missing,0.0,nfmcd_robust,2,32,8000,18.08425,0.7638414736598791,0.17177569047057348,0.8641192277912833,0.5478507509071247,False,12.390999999995984,597.168128,True,
missing,0.4,nfmcd_robust,0,32,8000,17.92875,0.35024805581182883,0.11397924999133173,0.4992294813432936,0.3408728718195314,False,5.921999999998661,481.787904,True,
missing,0.4,nfmcd_robust,1,32,8000,17.86025,0.33892944927234125,0.11230157895248193,0.5222699077745517,0.3749051701111209,False,4.125,482.729984,True,
missing,0.4,nfmcd_robust,2,32,8000,18.08425,0.3455784243147746,0.11382367340590151,0.48686618538261095,0.34852637037822043,False,4.360000000000582,482.435072,True,
missing,0.8,nfmcd_robust,0,32,8000,17.92875,0.0,0.14853243432828986,0.0908772171851654,0.03126036855156539,True,2.077999999994063,418.816,True,
missing,0.8,nfmcd_robust,1,32,8000,17.86025,0.0,0.15305094764045063,0.09067994830149112,0.03126148450348612,True,2.0940000000045984,435.216384,True,
missing,0.8,nfmcd_robust,2,32,8000,18.08425,0.0,0.14577265104855494,0.09739311907813829,0.03125779819697707,True,2.0789999999979045,435.798016,True,
missing,0.0,louvain,0,32,8000,17.92875,0.0,0.0650596732286547,0.08333578005872902,,,1.9539999999979045,313.856,True,
missing,0.0,louvain,1,32,8000,17.86025,0.0,0.06716144149697925,0.08310241032589802,,,2.875,312.889344,True,
missing,0.0,louvain,2,32,8000,18.08425,0.0,0.06531383680562586,0.0851179189196701,,,2.5159999999959837,312.303616,True,
missing,0.4,louvain,0,32,8000,17.92875,0.0,0.0650596732286547,0.08333578005872902,,,1.9689999999973224,311.84896,True,
missing,0.4,louvain,1,32,8000,17.86025,0.0,0.06716144149697925,0.08310241032589802,,,2.813000000001921,312.2176,True,
missing,0.4,louvain,2,32,8000,18.08425,0.0,0.06531383680562586,0.0851179189196701,,,2.389999999999418,311.967744,True,
missing,0.8,louvain,0,32,8000,17.92875,0.0,0.0650596732286547,0.08333578005872902,,,1.9369999999980791,313.102336,True,
missing,0.8,louvain,1,32,8000,17.86025,0.0,0.06716144149697925,0.08310241032589802,,,2.7969999999986612,312.315904,True,
missing,0.8,louvain,2,32,8000,18.08425,0.0,0.06531383680562586,0.0851179189196701,,,2.3590000000040163,311.574528,True,
missing,0.0,spectral_graph_content,0,32,8000,17.92875,0.7501617195683142,0.15782808381046956,0.8699502477642437,,,10.140999999995984,3928.973312,True,
missing,0.0,spectral_graph_content,1,32,8000,17.86025,0.7616972263336746,0.15880814298816479,0.8768706937065895,,,9.953000000001339,3929.677824,True,
missing,0.0,spectral_graph_content,2,32,8000,18.08425,0.7739205371608098,0.1611999781328802,0.8840520250968137,,,9.969000000004598,3930.128384,True,
missing,0.4,spectral_graph_content,0,32,8000,17.92875,0.6036142678924432,0.10486451778344437,0.7620518584749936,,,10.156000000002678,3930.722304,True,
missing,0.4,spectral_graph_content,1,32,8000,17.86025,0.603368664629806,0.10670722155223197,0.755414413356331,,,10.264999999999418,3930.226688,True,
missing,0.4,spectral_graph_content,2,32,8000,18.08425,0.5959255511640971,0.1046583526271719,0.7569840178294394,,,10.235000000000582,3929.624576,True,
missing,0.8,spectral_graph_content,0,32,8000,17.92875,0.0010927072026452045,0.017348983528709668,0.4199237730288947,,,10.906000000002678,3929.534464,True,
missing,0.8,spectral_graph_content,1,32,8000,17.86025,0.0014454458208729148,0.019619195531964152,0.42557160824645834,,,11.171999999998661,3930.390528,True,
missing,0.8,spectral_graph_content,2,32,8000,18.08425,0.0012105236508210826,0.01713405023404541,0.42212894118627897,,,11.23399999999674,3929.485312,True,
mismatch,0.0,nfmcd_default,0,32,8000,17.92875,0.02288883270107256,0.058502891448240286,0.03544962684941681,0.03125461787773375,True,15.235000000000582,610.578432,True,
mismatch,0.0,nfmcd_default,1,32,8000,17.86025,0.02380263322004439,0.05760738911646614,0.019585733109029734,0.0312549167323667,True,15.359000000004016,607.510528,True,
mismatch,0.0,nfmcd_default,2,32,8000,18.08425,0.018962927065131696,0.06484747694362857,0.047550465314703146,0.031255183619833746,True,15.73399999999674,627.73248,True,
mismatch,0.2,nfmcd_default,0,32,8000,17.92875,0.024203194655950666,0.05958594848712298,0.023059504210100015,0.03125176577094295,True,13.469000000004598,608.313344,True,
mismatch,0.2,nfmcd_default,1,32,8000,17.86025,0.026376672055782757,0.05514140125290294,0.03379919631746552,0.03125187636321281,True,13.312000000005355,609.91488,True,
mismatch,0.2,nfmcd_default,2,32,8000,18.08425,0.015249984100169645,0.06362573943004196,0.06490450194255327,0.031251749058795145,True,13.530999999995402,609.742848,True,
mismatch,0.4,nfmcd_default,0,32,8000,17.92875,0.00586126165983103,0.051803119855411986,0.06884110459492519,0.03125042179292927,True,12.06199999999808,607.358976,True,
mismatch,0.4,nfmcd_default,1,32,8000,17.86025,0.0,0.05493127986550738,0.0666093255515996,0.03125056285295611,True,13.015999999995984,624.47616,True,
mismatch,0.4,nfmcd_default,2,32,8000,18.08425,0.0,0.05106797617920311,0.11201550807817684,0.0312503584442388,True,13.0,626.823168,True,
mismatch,0.0,nfmcd_robust,0,32,8000,17.92875,0.7560901100706122,0.17505915199036734,0.8674521553921719,0.5272377284939235,False,11.905999999995402,548.429824,True,
mismatch,0.0,nfmcd_robust,1,32,8000,17.86025,0.664078944573607,0.16637974565919741,0.7603431243781378,0.4685361280392878,False,12.328000000001339,548.388864,True,
mismatch,0.0,nfmcd_robust,2,32,8000,18.08425,0.7638414736598791,0.17177569047057348,0.8641192277912833,0.5478507509071247,False,11.656000000002678,550.977536,True,
mismatch,0.2,nfmcd_robust,0,32,8000,17.92875,0.6395506707020844,0.15782540037874185,0.7591963260840724,0.5385452953787632,False,11.485000000000582,548.59776,True,
mismatch,0.2,nfmcd_robust,1,32,8000,17.86025,0.586109920505422,0.1538985950854764,0.7277890837251226,0.522073174143844,False,11.406000000002678,571.928576,True,
mismatch,0.2,nfmcd_robust,2,32,8000,18.08425,0.5531774462861987,0.1472034484577172,0.6631308729510896,0.47785465970159463,False,10.625,551.64928,True,
mismatch,0.4,nfmcd_robust,0,32,8000,17.92875,0.6453303003831414,0.1555133031234841,0.8114600085008878,0.7179333022259542,False,9.48399999999674,548.282368,True,
mismatch,0.4,nfmcd_robust,1,32,8000,17.86025,0.6584139620784618,0.1583210293724509,0.8143263302471557,0.7120319377925878,False,11.187000000005355,548.622336,True,
mismatch,0.4,nfmcd_robust,2,32,8000,18.08425,0.6340303574695456,0.1536867799744378,0.79927892254951,0.6832010672821843,False,11.171999999998661,589.307904,True,
mismatch,0.0,louvain,0,32,8000,17.92875,0.0,0.0650596732286547,0.08333578005872902,,,1.9219999999986612,312.840192,True,
mismatch,0.0,louvain,1,32,8000,17.86025,0.0,0.06716144149697925,0.08310241032589802,,,2.7809999999954016,313.42592,True,
mismatch,0.0,louvain,2,32,8000,18.08425,0.0,0.06531383680562586,0.0851179189196701,,,2.3590000000040163,312.492032,True,
mismatch,0.2,louvain,0,32,8000,17.92875,0.0,0.0650596732286547,0.08333578005872902,,,1.9680000000007567,313.97888,True,
mismatch,0.2,louvain,1,32,8000,17.86025,0.0,0.06716144149697925,0.08310241032589802,,,2.7660000000032596,315.871232,True,
mismatch,0.2,louvain,2,32,8000,18.08425,0.0,0.06531383680562586,0.0851179189196701,,,2.375,312.09472,True,
mismatch,0.4,louvain,0,32,8000,17.92875,0.0,0.0650596732286547,0.08333578005872902,,,1.9210000000020955,312.500224,True,
mismatch,0.4,louvain,1,32,8000,17.86025,0.0,0.06716144149697925,0.08310241032589802,,,2.7660000000032596,315.727872,True,
mismatch,0.4,louvain,2,32,8000,18.08425,0.0,0.06531383680562586,0.0851179189196701,,,2.3909999999959837,311.99232,True,
mismatch,0.0,spectral_graph_content,0,32,8000,17.92875,0.7501617195683142,0.15782808381046956,0.8699502477642437,,,10.047000000005937,3931.09504,True,
mismatch,0.0,spectral_graph_content,1,32,8000,17.86025,0.7616972263336746,0.15880814298816479,0.8768706937065895,,,9.968000000000757,3931.774976,True,
mismatch,0.0,spectral_graph_content,2,32,8000,18.08425,0.7739205371608098,0.1611999781328802,0.8840520250968137,,,10.030999999995402,3931.078656,True,
mismatch,0.2,spectral_graph_content,0,32,8000,17.92875,0.6377007738987983,0.11212757000601332,0.7776098267180375,,,9.953000000001339,3931.324416,True,
mismatch,0.2,spectral_graph_content,1,32,8000,17.86025,0.6604857018719993,0.12187233736079156,0.7970927205051331,,,10.01600000000326,3930.136576,True,
mismatch,0.2,spectral_graph_content,2,32,8000,18.08425,0.6650522204163566,0.11676996473824405,0.7946116291688925,,,9.968000000000757,3930.509312,True,
mismatch,0.4,spectral_graph_content,0,32,8000,17.92875,0.5596197254674623,0.0824317889849308,0.6890976150222947,,,10.375,3931.447296,True,
mismatch,0.4,spectral_graph_content,1,32,8000,17.86025,0.58559554071075,0.08970571673264678,0.7107095328937743,,,10.343999999997322,3931.467776,True,
mismatch,0.4,spectral_graph_content,2,32,8000,18.08425,0.5912096274586309,0.08823833075733455,0.7166762812828213,,,10.328000000001339,3930.39872,True,
