regime,agreement,missingness,variant,sc_mean,variant_mean,mean_diff,t,p_raw,p_bh,sig_raw_05,sig_bh_05,sc_wins
strong_struct_weak_content,0.1,0.0,nfmcd_alpha_fixed,1.0,0.9137697122338405,0.08623028776615949,30.196924783296353,7.163608809491403e-06,7.163608809491403e-05,True,True,True
strong_struct_weak_content,0.1,0.0,nfmcd_adaptive,1.0,0.5451535156515568,0.4548464843484432,3.246060984228178,0.03149280920301332,0.04127222952202319,True,True,True
strong_struct_weak_content,0.1,0.2,nfmcd_alpha_fixed,1.0,0.9465675090235569,0.05343249097644309,18.297898458410714,5.247446462687174e-05,0.0002018248639495067,True,True,True
strong_struct_weak_content,0.1,0.2,nfmcd_adaptive,1.0,0.907884989919516,0.09211501008048395,15.886076391145721,9.176949830896855e-05,0.0004152781738389949,True,True,True
strong_struct_weak_content,0.1,0.4,nfmcd_alpha_fixed,1.0,0.9616519199211648,0.03834808007883517,4.9958748108477735,0.007512333306441447,0.010731904723487782,True,True,True
strong_struct_weak_content,0.1,0.4,nfmcd_adaptive,1.0,0.9481204075496359,0.05187959245036411,10.069257404596115,0.0005471818862602918,0.0013028140149054567,True,True,True
strong_struct_weak_content,0.1,0.6,nfmcd_alpha_fixed,1.0,0.9762131294858509,0.023786870514149072,4.472929305651717,0.011049748302190148,0.014932092300256956,True,True,True
strong_struct_weak_content,0.1,0.6,nfmcd_adaptive,1.0,0.9751131282375946,0.02488687176240545,5.423489069188513,0.005604020827883018,0.008490940648307603,True,True,True
strong_struct_weak_content,0.1,0.8,nfmcd_alpha_fixed,0.9967046549957231,0.98435233357001,0.012352321425713186,3.2000727166527647,0.03289852998368108,0.04012015851668424,True,True,True
strong_struct_weak_content,0.1,0.8,nfmcd_adaptive,0.9967046549957231,0.9859955632509184,0.010709091744804722,2.334984501421414,0.07981522942946473,0.09280840631333108,False,False,True
strong_struct_weak_content,0.3,0.0,nfmcd_alpha_fixed,1.0,0.9197857313801447,0.08021426861985526,12.666282375232711,0.00022372790725477663,0.0005593197681369416,True,True,True
strong_struct_weak_content,0.3,0.0,nfmcd_adaptive,1.0,0.42881556389165254,0.5711844361083475,3.2228797212744333,0.03219233902717809,0.04127222952202319,True,True,True
strong_struct_weak_content,0.3,0.2,nfmcd_alpha_fixed,1.0,0.9453080686811589,0.05469193131884109,10.91628237397836,0.0003998877788111257,0.0008693212582850558,True,True,True
strong_struct_weak_content,0.3,0.2,nfmcd_adaptive,1.0,0.8962830474834009,0.10371695251659907,5.895657341256758,0.004139996059921731,0.006899993433202884,True,True,True
strong_struct_weak_content,0.3,0.4,nfmcd_alpha_fixed,1.0,0.9599432471685688,0.040056752831431175,17.939340496107988,5.6752091699533066e-05,0.00020268604178404664,True,True,True
strong_struct_weak_content,0.3,0.4,nfmcd_adaptive,1.0,0.9487020684483818,0.051297931551618214,11.899016439614892,0.0002857129034584802,0.0008403320689955299,True,True,True
strong_struct_weak_content,0.3,0.6,nfmcd_alpha_fixed,1.0,0.9781717300359235,0.021828269964076497,15.575439891511369,9.920841909746783e-05,0.00031002630967958696,True,True,True
strong_struct_weak_content,0.3,0.6,nfmcd_adaptive,1.0,0.9708911252535802,0.029108874746419766,5.932937091502006,0.004045671018467832,0.006899993433202884,True,True,True
strong_struct_weak_content,0.3,0.8,nfmcd_alpha_fixed,0.9967046549957231,0.9843523335700102,0.012352321425712964,2.8979587802354083,0.04420835403920827,0.052628992903819366,True,False,True
strong_struct_weak_content,0.3,0.8,nfmcd_adaptive,0.9967046549957231,0.9859955632509184,0.010709091744804722,2.1739350031560316,0.09538921645086779,0.10839683687598613,False,False,True
strong_struct_weak_content,0.5,0.0,nfmcd_alpha_fixed,1.0,0.9156898301613486,0.08431016983865136,20.575273671830573,3.2957965701913655e-05,0.00016830566571962273,True,True,True
strong_struct_weak_content,0.5,0.0,nfmcd_adaptive,1.0,0.45364864332789734,0.5463513566721027,2.9443382750620994,0.042206424826945754,0.05147124978895824,True,False,True
strong_struct_weak_content,0.5,0.2,nfmcd_alpha_fixed,1.0,0.947352139402649,0.05264786059735105,5.957698861226763,0.003984474505998963,0.00622574141562338,True,True,True
strong_struct_weak_content,0.5,0.2,nfmcd_adaptive,1.0,0.9151668311761906,0.08483316882380942,6.360119111372125,0.0031325789153150096,0.006024190221759634,True,True,True
strong_struct_weak_content,0.5,0.4,nfmcd_alpha_fixed,0.9967046549957231,0.9629364058952099,0.03376824910051324,6.944535443566403,0.0022584327810107373,0.0041822829277976615,True,True,True
strong_struct_weak_content,0.5,0.4,nfmcd_adaptive,0.9967046549957231,0.9575401817606485,0.03916447323507466,5.7931605531293755,0.00441359463405118,0.007118701022663194,True,True,True
strong_struct_weak_content,0.5,0.6,nfmcd_alpha_fixed,0.9967046549957231,0.9798149597168317,0.016889695278891392,3.691162196754756,0.020997328946293022,0.026919652495247463,True,True,True
strong_struct_weak_content,0.5,0.6,nfmcd_adaptive,0.9967046549957231,0.9760707420937813,0.02063391290194183,2.9943959590912046,0.04016340975235405,0.050204262190442564,True,False,True
strong_struct_weak_content,0.5,0.8,nfmcd_alpha_fixed,0.9842949028378494,0.9807505033390296,0.0035443994988197947,0.6677258223489992,0.5408595637536042,0.5408595637536042,False,False,True
strong_struct_weak_content,0.5,0.8,nfmcd_adaptive,0.9842949028378494,0.9814581893977399,0.002836713440109495,0.5152113089140173,0.6335700341994999,0.6335700341994999,False,False,True
strong_struct_weak_content,0.7,0.0,nfmcd_alpha_fixed,1.0,0.9387438333570675,0.06125616664293254,14.222166690373106,0.00014194107270631143,0.0003942807575175318,True,True,True
strong_struct_weak_content,0.7,0.0,nfmcd_adaptive,1.0,0.8540272388852355,0.14597276111476454,11.708074064201556,0.0003043531771118598,0.0008454254919773883,True,True,True
strong_struct_weak_content,0.7,0.2,nfmcd_alpha_fixed,0.996704654995723,0.9613586192859895,0.03534603570973349,6.697989077471368,0.0025848984744965145,0.004456721507752612,True,True,True
strong_struct_weak_content,0.7,0.2,nfmcd_adaptive,0.996704654995723,0.9349588097659038,0.061745845229819185,9.352495349397648,0.0007278549074143045,0.00159726186115118,True,True,True
strong_struct_weak_content,0.7,0.4,nfmcd_alpha_fixed,0.9901139649871691,0.9673883095769703,0.022725655410198775,3.3540534778855564,0.02846148465736042,0.03557685582170052,True,True,True
strong_struct_weak_content,0.7,0.4,nfmcd_adaptive,0.9901139649871691,0.9696402107622182,0.020473754224950902,2.7996661323423324,0.04882816523206966,0.05812876813341626,True,False,True
strong_struct_weak_content,0.7,0.6,nfmcd_alpha_fixed,0.9744233880290212,0.9803581881494836,-0.005934800120462436,-0.9050543941625825,0.41662051044334536,0.4339796983784847,False,False,False
strong_struct_weak_content,0.7,0.6,nfmcd_adaptive,0.9744233880290212,0.9816091026408456,-0.007185714611824379,-1.1818339933850914,0.30273139840741153,0.329055867834143,False,False,False
strong_struct_weak_content,0.7,0.8,nfmcd_alpha_fixed,0.9656988493963834,0.9820014178303916,-0.016302568434008236,-1.2874230560447624,0.2673882313701777,0.2906393819241062,False,False,False
strong_struct_weak_content,0.7,0.8,nfmcd_adaptive,0.9656988493963834,0.9810004311365059,-0.015301581740122527,-1.1420785558907975,0.3171430884187381,0.3373862642752533,False,False,False
strong_struct_weak_content,0.9,0.0,nfmcd_alpha_fixed,0.9934093099914462,0.985287877192208,0.00812143279923816,0.9089458354157135,0.4147919572762752,0.4339796983784847,False,False,True
strong_struct_weak_content,0.9,0.0,nfmcd_adaptive,0.9934093099914462,0.9693248398930541,0.024084470098392097,4.344316094779939,0.01221145658461237,0.01696035636751718,True,True,True
strong_struct_weak_content,0.9,0.2,nfmcd_alpha_fixed,0.9967046549957231,0.9917838515954589,0.00492080340026424,2.44946977563855,0.07048551232847883,0.08195989805637073,False,False,True
strong_struct_weak_content,0.9,0.2,nfmcd_adaptive,0.9967046549957231,0.9820014178303917,0.014703237165331395,7.6987063115674905,0.0015315962318693834,0.0031908254830612156,True,True,True
strong_struct_weak_content,0.9,0.4,nfmcd_alpha_fixed,0.9934093099914462,0.9847446487595561,0.008664661231890025,1.8902325205942447,0.13171517905636068,0.1496763398367735,False,False,True
strong_struct_weak_content,0.9,0.4,nfmcd_adaptive,0.9934093099914462,0.9876387929318264,0.005770517059619729,0.8618516941863091,0.4373718578753611,0.4462978141585317,False,False,True
strong_struct_weak_content,0.9,0.6,nfmcd_alpha_fixed,0.9646196535515482,0.9831014190786481,-0.018481765527099903,-1.6305727171577602,0.17831477380995475,0.1981275264555053,False,False,False
strong_struct_weak_content,0.9,0.6,nfmcd_adaptive,0.9646196535515482,0.9843523335700102,-0.019732680018461957,-1.7741101916723947,0.1507154861526757,0.16746165128075077,False,False,False
strong_struct_weak_content,0.9,0.8,nfmcd_alpha_fixed,0.9747950679936734,0.9814581893977399,-0.006663121404066441,-0.8182926851311446,0.45913519773780365,0.46850530381408534,False,False,False
strong_struct_weak_content,0.9,0.8,nfmcd_adaptive,0.9747950679936734,0.9827091038891019,-0.007914035895428495,-1.0232604723532461,0.3640304370005645,0.379198371875588,False,False,False
weak_struct_strong_content,0.1,0.0,nfmcd_alpha_fixed,0.3102335418266112,0.0,0.3102335418266112,5.3488972570441815,0.0058899982434205125,0.008661762122677224,True,True,True
weak_struct_strong_content,0.1,0.0,nfmcd_adaptive,0.3102335418266112,0.0,0.3102335418266112,5.3488972570441815,0.0058899982434205125,0.008661762122677224,True,True,True
weak_struct_strong_content,0.1,0.2,nfmcd_alpha_fixed,0.43293417107795984,0.01391738852691668,0.41901678255104313,11.088874976645274,0.00037619640914135087,0.0008549918389576157,True,True,True
weak_struct_strong_content,0.1,0.2,nfmcd_adaptive,0.43293417107795984,0.0,0.43293417107795984,12.929290744987014,0.00020640876776611383,0.0007036187786892432,True,True,True
weak_struct_strong_content,0.1,0.4,nfmcd_alpha_fixed,0.443243900573609,0.006957300520825739,0.4362866000527833,6.276897584496164,0.0032888144787789884,0.0054813574646316475,True,True,True
weak_struct_strong_content,0.1,0.4,nfmcd_adaptive,0.443243900573609,0.0080382715511665,0.43520562902244253,6.246567887769611,0.0033481270321598683,0.006135567958673379,True,True,True
weak_struct_strong_content,0.1,0.6,nfmcd_alpha_fixed,0.3178835346862211,0.0052499775416982395,0.31263355714452284,6.817280789844776,0.002420149554390508,0.004321695632840192,True,True,True
weak_struct_strong_content,0.1,0.6,nfmcd_adaptive,0.3178835346862211,0.00440760176804734,0.31347593291817377,6.815771492841519,0.002422151764563474,0.004844303529126948,True,True,True
weak_struct_strong_content,0.1,0.8,nfmcd_alpha_fixed,0.2828442851476214,0.0040746735506996205,0.27876961159692176,9.27313029459341,0.00075214992360543,0.0014464421607796733,True,True,True
weak_struct_strong_content,0.1,0.8,nfmcd_adaptive,0.2828442851476214,0.0051397005523010795,0.2777045845953203,9.329672171771307,0.0007347404561295429,0.00159726186115118,True,True,True
weak_struct_strong_content,0.3,0.0,nfmcd_alpha_fixed,0.3058643226418893,0.0,0.3058643226418893,5.535498665658468,0.005205777462631706,0.00788754161004804,True,True,True
weak_struct_strong_content,0.3,0.0,nfmcd_adaptive,0.3058643226418893,0.0,0.3058643226418893,5.535498665658468,0.005205777462631706,0.008134027285362042,True,True,True
weak_struct_strong_content,0.3,0.2,nfmcd_alpha_fixed,0.4422315858150048,0.00847006888280544,0.4337615169321994,3.860513251965558,0.018139321800339833,0.023867528684657673,True,True,True
weak_struct_strong_content,0.3,0.2,nfmcd_adaptive,0.4422315858150048,0.0,0.4422315858150048,3.995762071277265,0.016187068355938798,0.021874416697214592,True,True,True
weak_struct_strong_content,0.3,0.4,nfmcd_alpha_fixed,0.4435253798153164,0.006698087421851519,0.4368272923934649,10.24346376088113,0.00051199141879359,0.00102398283758718,True,True,True
weak_struct_strong_content,0.3,0.4,nfmcd_adaptive,0.4435253798153164,0.007902666302549499,0.43562271351276693,10.208580348366851,0.0005188076790273693,0.0012970191975684232,True,True,True
weak_struct_strong_content,0.3,0.6,nfmcd_alpha_fixed,0.3141216652851679,0.0052073769241347805,0.30891428836103313,4.880711171078488,0.008156428193463003,0.011328372490920838,True,True,True
weak_struct_strong_content,0.3,0.6,nfmcd_adaptive,0.3141216652851679,0.00445459526297764,0.30966707002219024,4.837563813565149,0.008414940952047858,0.012021344217211226,True,True,True
weak_struct_strong_content,0.3,0.8,nfmcd_alpha_fixed,0.28059103320365225,0.00268363628256972,0.2779073969210825,6.220092573420814,0.0034009802685694753,0.005485452046079799,True,True,True
weak_struct_strong_content,0.3,0.8,nfmcd_adaptive,0.28059103320365225,0.0029006721587063198,0.27769036104494593,6.202867610225263,0.0034359180568570924,0.006135567958673379,True,True,True
weak_struct_strong_content,0.5,0.0,nfmcd_alpha_fixed,0.5533085894297477,0.0,0.5533085894297477,15.290107647624854,0.00010671492726568732,0.00031386743313437446,True,True,True
weak_struct_strong_content,0.5,0.0,nfmcd_adaptive,0.5533085894297477,0.0,0.5533085894297477,15.290107647624854,0.00010671492726568732,0.0004152781738389949,True,True,True
weak_struct_strong_content,0.5,0.2,nfmcd_alpha_fixed,0.5456517828638147,0.007691653703558539,0.5379601291602562,23.7582478416432,1.8611508755959533e-05,0.00015509590629966276,True,True,True
weak_struct_strong_content,0.5,0.2,nfmcd_adaptive,0.5456517828638147,0.0,0.5456517828638147,23.2901400831689,2.01439197593719e-05,0.00019406085705941155,True,True,True
weak_struct_strong_content,0.5,0.4,nfmcd_alpha_fixed,0.5157241640900465,0.0066356383828374,0.5090885257072091,12.771171590376321,0.00021661186787154662,0.0005593197681369416,True,True,True
weak_struct_strong_content,0.5,0.4,nfmcd_adaptive,0.5157241640900465,0.006609230032640361,0.5091149340574062,12.855631887565488,0.00021108563360677297,0.0007036187786892432,True,True,True
weak_struct_strong_content,0.5,0.6,nfmcd_alpha_fixed,0.4660748279051809,0.00408982192835732,0.46198500597682357,15.831375071381265,9.302767461855e-05,0.00031002630967958696,True,True,True
weak_struct_strong_content,0.5,0.6,nfmcd_adaptive,0.4660748279051809,0.0051304214821486,0.4609444064230323,15.244759379829594,0.00010797232519813867,0.0004152781738389949,True,True,True
weak_struct_strong_content,0.5,0.8,nfmcd_alpha_fixed,0.37855858945481546,0.0030745004052964,0.3754840890495191,19.34456011831994,4.2093798754781655e-05,0.00017539082814492358,True,True,True
weak_struct_strong_content,0.5,0.8,nfmcd_adaptive,0.37855858945481546,0.00136755928742332,0.37719103016739214,19.3030095635235,4.245417890881804e-05,0.00021227089454409022,True,True,True
weak_struct_strong_content,0.7,0.0,nfmcd_alpha_fixed,0.6427600648113593,0.0,0.6427600648113593,12.201961969949284,0.00025895985875539374,0.000616571092274747,True,True,True
weak_struct_strong_content,0.7,0.0,nfmcd_adaptive,0.6427600648113593,0.0,0.6427600648113593,12.201961969949284,0.00025895985875539374,0.0008092495586106054,True,True,True
weak_struct_strong_content,0.7,0.2,nfmcd_alpha_fixed,0.6597169066381149,0.009054638052240962,0.650662268585874,10.671685196100656,0.0004367314818450382,0.0009098572538438296,True,True,True
weak_struct_strong_content,0.7,0.2,nfmcd_adaptive,0.6597169066381149,0.0,0.6597169066381149,11.07880265941807,0.00037753024437009556,0.0009935006430791989,True,True,True
weak_struct_strong_content,0.7,0.4,nfmcd_alpha_fixed,0.6258025886401557,0.00868816713510448,0.6171144215050512,19.980345072046926,3.7027246458317e-05,0.00016830566571962273,True,True,True
weak_struct_strong_content,0.7,0.4,nfmcd_adaptive,0.6258025886401557,0.0088820143639743,0.6169205742761814,19.758019360148516,3.870768265137093e-05,0.00021227089454409022,True,True,True
weak_struct_strong_content,0.7,0.6,nfmcd_alpha_fixed,0.5880897629330035,0.0069516897800525595,0.581138073152951,22.003925904247023,2.5246095275029906e-05,0.00016830566571962273,True,True,True
weak_struct_strong_content,0.7,0.6,nfmcd_adaptive,0.5880897629330035,0.0058673466536198395,0.5822224162793836,22.45577401819209,2.328730284712939e-05,0.00019406085705941155,True,True,True
weak_struct_strong_content,0.7,0.8,nfmcd_alpha_fixed,0.5521084191458674,0.00441299955418274,0.5476954195916847,50.145018738959685,9.464321954905975e-07,2.366080488726494e-05,True,True,True
weak_struct_strong_content,0.7,0.8,nfmcd_adaptive,0.5521084191458674,0.0033119883879473206,0.5487964307579201,48.595996670224814,1.0728135873540464e-06,2.682033968385116e-05,True,True,True
weak_struct_strong_content,0.9,0.0,nfmcd_alpha_fixed,0.823069929868496,0.0,0.823069929868496,35.3794626671598,3.8092263028688133e-06,4.761532878586017e-05,True,True,True
weak_struct_strong_content,0.9,0.0,nfmcd_adaptive,0.823069929868496,0.0,0.823069929868496,35.3794626671598,3.8092263028688133e-06,4.761532878586017e-05,True,True,True
weak_struct_strong_content,0.9,0.2,nfmcd_alpha_fixed,0.8360586917186232,0.01208807629451992,0.8239706154241033,20.43175934798902,3.38863097874069e-05,0.00016830566571962273,True,True,True
weak_struct_strong_content,0.9,0.2,nfmcd_adaptive,0.8360586917186232,0.0,0.8360586917186232,19.58985216719229,4.004234807504121e-05,0.00021227089454409022,True,True,True
weak_struct_strong_content,0.9,0.4,nfmcd_alpha_fixed,0.8452910242439486,0.00804972981019662,0.8372412944337521,21.257165155451055,2.8956727377968416e-05,0.00016830566571962273,True,True,True
weak_struct_strong_content,0.9,0.4,nfmcd_adaptive,0.8452910242439486,0.00853446246464366,0.836756561779305,20.929287331266774,3.080012664347174e-05,0.00021227089454409022,True,True,True
weak_struct_strong_content,0.9,0.6,nfmcd_alpha_fixed,0.7965802975491039,0.00832801041521314,0.7882522871338907,43.57212652969803,1.6587950983869756e-06,2.764658497311626e-05,True,True,True
weak_struct_strong_content,0.9,0.6,nfmcd_adaptive,0.7965802975491039,0.007317313159441581,0.7892629843896622,43.20009950047994,1.716573698222694e-06,2.8609561637044902e-05,True,True,True
weak_struct_strong_content,0.9,0.8,nfmcd_alpha_fixed,0.7983102287527973,0.00440708457492974,0.7939031441778676,55.112457672046496,6.489324885263119e-07,2.366080488726494e-05,True,True,True
weak_struct_strong_content,0.9,0.8,nfmcd_adaptive,0.7983102287527973,0.0035049188009725002,0.7948053099518249,58.502454568074334,5.112218661758634e-07,2.556109330879317e-05,True,True,True
