diagnostic,dataset,seed,variant,metric,value
sanity,fakeddit,0,default,nfmcd,0.324045
sanity,fakeddit,0,default,helper,0.324045
sanity,fakeddit,0,default,nfmcd_a05,0.393909
sanity,fakeddit,0,default,helper_a05,0.393909
d1_alpha_conf,fakeddit,0,full,onmi,0.324045
d1_alpha_conf,fakeddit,0,full,alpha_n,1200.000000
d1_alpha_conf,fakeddit,0,full,alpha_mean,0.579577
d1_alpha_conf,fakeddit,0,full,alpha_sd,0.130095
d1_alpha_conf,fakeddit,0,full,alpha_q05,0.240300
d1_alpha_conf,fakeddit,0,full,alpha_q25,0.564486
d1_alpha_conf,fakeddit,0,full,alpha_q50,0.633055
d1_alpha_conf,fakeddit,0,full,alpha_q75,0.659172
d1_alpha_conf,fakeddit,0,full,alpha_q95,0.673357
d1_alpha_conf,fakeddit,0,full,conf_n,1200.000000
d1_alpha_conf,fakeddit,0,full,conf_mean,0.613681
d1_alpha_conf,fakeddit,0,full,conf_sd,0.185849
d1_alpha_conf,fakeddit,0,full,conf_q05,0.129000
d1_alpha_conf,fakeddit,0,full,conf_q25,0.592124
d1_alpha_conf,fakeddit,0,full,conf_q50,0.690078
d1_alpha_conf,fakeddit,0,full,conf_q75,0.727389
d1_alpha_conf,fakeddit,0,full,conf_q95,0.747653
d1_alpha_conf,fakeddit,0,full,n_flag_both,1143.000000
d1_alpha_conf,fakeddit,0,full,n_flag_single,57.000000
d1_alpha_conf,fakeddit,1,full,onmi,0.364141
d1_alpha_conf,fakeddit,1,full,alpha_n,1200.000000
d1_alpha_conf,fakeddit,1,full,alpha_mean,0.581388
d1_alpha_conf,fakeddit,1,full,alpha_sd,0.128295
d1_alpha_conf,fakeddit,1,full,alpha_q05,0.235311
d1_alpha_conf,fakeddit,1,full,alpha_q25,0.562739
d1_alpha_conf,fakeddit,1,full,alpha_q50,0.631942
d1_alpha_conf,fakeddit,1,full,alpha_q75,0.658446
d1_alpha_conf,fakeddit,1,full,alpha_q95,0.673516
d1_alpha_conf,fakeddit,1,full,conf_n,1200.000000
d1_alpha_conf,fakeddit,1,full,conf_mean,0.616269
d1_alpha_conf,fakeddit,1,full,conf_sd,0.183279
d1_alpha_conf,fakeddit,1,full,conf_q05,0.121873
d1_alpha_conf,fakeddit,1,full,conf_q25,0.589627
d1_alpha_conf,fakeddit,1,full,conf_q50,0.688489
d1_alpha_conf,fakeddit,1,full,conf_q75,0.726351
d1_alpha_conf,fakeddit,1,full,conf_q95,0.747881
d1_alpha_conf,fakeddit,1,full,n_flag_both,1143.000000
d1_alpha_conf,fakeddit,1,full,n_flag_single,57.000000
d1_alpha_conf,fakeddit,2,full,onmi,0.259944
d1_alpha_conf,fakeddit,2,full,alpha_n,1200.000000
d1_alpha_conf,fakeddit,2,full,alpha_mean,0.584050
d1_alpha_conf,fakeddit,2,full,alpha_sd,0.126565
d1_alpha_conf,fakeddit,2,full,alpha_q05,0.236932
d1_alpha_conf,fakeddit,2,full,alpha_q25,0.570339
d1_alpha_conf,fakeddit,2,full,alpha_q50,0.633690
d1_alpha_conf,fakeddit,2,full,alpha_q75,0.659219
d1_alpha_conf,fakeddit,2,full,alpha_q95,0.672802
d1_alpha_conf,fakeddit,2,full,conf_n,1200.000000
d1_alpha_conf,fakeddit,2,full,conf_mean,0.620072
d1_alpha_conf,fakeddit,2,full,conf_sd,0.180807
d1_alpha_conf,fakeddit,2,full,conf_q05,0.124188
d1_alpha_conf,fakeddit,2,full,conf_q25,0.600484
d1_alpha_conf,fakeddit,2,full,conf_q50,0.690986
d1_alpha_conf,fakeddit,2,full,conf_q75,0.727456
d1_alpha_conf,fakeddit,2,full,conf_q95,0.746859
d1_alpha_conf,fakeddit,2,full,n_flag_both,1143.000000
d1_alpha_conf,fakeddit,2,full,n_flag_single,57.000000
d1_alpha_conf,fakeddit,0,text_only,onmi,0.786601
d1_alpha_conf,fakeddit,0,text_only,alpha_n,1200.000000
d1_alpha_conf,fakeddit,0,text_only,alpha_mean,0.150000
d1_alpha_conf,fakeddit,0,text_only,alpha_sd,0.000000
d1_alpha_conf,fakeddit,0,text_only,alpha_q05,0.150000
d1_alpha_conf,fakeddit,0,text_only,alpha_q25,0.150000
d1_alpha_conf,fakeddit,0,text_only,alpha_q50,0.150000
d1_alpha_conf,fakeddit,0,text_only,alpha_q75,0.150000
d1_alpha_conf,fakeddit,0,text_only,alpha_q95,0.150000
d1_alpha_conf,fakeddit,0,text_only,conf_n,1200.000000
d1_alpha_conf,fakeddit,0,text_only,conf_mean,0.000000
d1_alpha_conf,fakeddit,0,text_only,conf_sd,0.000000
d1_alpha_conf,fakeddit,0,text_only,conf_q05,0.000000
d1_alpha_conf,fakeddit,0,text_only,conf_q25,0.000000
d1_alpha_conf,fakeddit,0,text_only,conf_q50,0.000000
d1_alpha_conf,fakeddit,0,text_only,conf_q75,0.000000
d1_alpha_conf,fakeddit,0,text_only,conf_q95,0.000000
d1_alpha_conf,fakeddit,0,text_only,n_flag_both,0.000000
d1_alpha_conf,fakeddit,0,text_only,n_flag_single,1200.000000
d1_alpha_conf,fakeddit,1,text_only,onmi,0.785236
d1_alpha_conf,fakeddit,1,text_only,alpha_n,1200.000000
d1_alpha_conf,fakeddit,1,text_only,alpha_mean,0.150000
d1_alpha_conf,fakeddit,1,text_only,alpha_sd,0.000000
d1_alpha_conf,fakeddit,1,text_only,alpha_q05,0.150000
d1_alpha_conf,fakeddit,1,text_only,alpha_q25,0.150000
d1_alpha_conf,fakeddit,1,text_only,alpha_q50,0.150000
d1_alpha_conf,fakeddit,1,text_only,alpha_q75,0.150000
d1_alpha_conf,fakeddit,1,text_only,alpha_q95,0.150000
d1_alpha_conf,fakeddit,1,text_only,conf_n,1200.000000
d1_alpha_conf,fakeddit,1,text_only,conf_mean,0.000000
d1_alpha_conf,fakeddit,1,text_only,conf_sd,0.000000
d1_alpha_conf,fakeddit,1,text_only,conf_q05,0.000000
d1_alpha_conf,fakeddit,1,text_only,conf_q25,0.000000
d1_alpha_conf,fakeddit,1,text_only,conf_q50,0.000000
d1_alpha_conf,fakeddit,1,text_only,conf_q75,0.000000
d1_alpha_conf,fakeddit,1,text_only,conf_q95,0.000000
d1_alpha_conf,fakeddit,1,text_only,n_flag_both,0.000000
d1_alpha_conf,fakeddit,1,text_only,n_flag_single,1200.000000
d1_alpha_conf,fakeddit,2,text_only,onmi,0.785803
d1_alpha_conf,fakeddit,2,text_only,alpha_n,1200.000000
d1_alpha_conf,fakeddit,2,text_only,alpha_mean,0.150000
d1_alpha_conf,fakeddit,2,text_only,alpha_sd,0.000000
d1_alpha_conf,fakeddit,2,text_only,alpha_q05,0.150000
d1_alpha_conf,fakeddit,2,text_only,alpha_q25,0.150000
d1_alpha_conf,fakeddit,2,text_only,alpha_q50,0.150000
d1_alpha_conf,fakeddit,2,text_only,alpha_q75,0.150000
d1_alpha_conf,fakeddit,2,text_only,alpha_q95,0.150000
d1_alpha_conf,fakeddit,2,text_only,conf_n,1200.000000
d1_alpha_conf,fakeddit,2,text_only,conf_mean,0.000000
d1_alpha_conf,fakeddit,2,text_only,conf_sd,0.000000
d1_alpha_conf,fakeddit,2,text_only,conf_q05,0.000000
d1_alpha_conf,fakeddit,2,text_only,conf_q25,0.000000
d1_alpha_conf,fakeddit,2,text_only,conf_q50,0.000000
d1_alpha_conf,fakeddit,2,text_only,conf_q75,0.000000
d1_alpha_conf,fakeddit,2,text_only,conf_q95,0.000000
d1_alpha_conf,fakeddit,2,text_only,n_flag_both,0.000000
d1_alpha_conf,fakeddit,2,text_only,n_flag_single,1200.000000
d1_alpha_conf,fakeddit,0,image_only,onmi,0.772019
d1_alpha_conf,fakeddit,0,image_only,alpha_n,1200.000000
d1_alpha_conf,fakeddit,0,image_only,alpha_mean,0.150000
d1_alpha_conf,fakeddit,0,image_only,alpha_sd,0.000000
d1_alpha_conf,fakeddit,0,image_only,alpha_q05,0.150000
d1_alpha_conf,fakeddit,0,image_only,alpha_q25,0.150000
d1_alpha_conf,fakeddit,0,image_only,alpha_q50,0.150000
d1_alpha_conf,fakeddit,0,image_only,alpha_q75,0.150000
d1_alpha_conf,fakeddit,0,image_only,alpha_q95,0.150000
d1_alpha_conf,fakeddit,0,image_only,conf_n,1200.000000
d1_alpha_conf,fakeddit,0,image_only,conf_mean,0.000000
d1_alpha_conf,fakeddit,0,image_only,conf_sd,0.000000
d1_alpha_conf,fakeddit,0,image_only,conf_q05,0.000000
d1_alpha_conf,fakeddit,0,image_only,conf_q25,0.000000
d1_alpha_conf,fakeddit,0,image_only,conf_q50,0.000000
d1_alpha_conf,fakeddit,0,image_only,conf_q75,0.000000
d1_alpha_conf,fakeddit,0,image_only,conf_q95,0.000000
d1_alpha_conf,fakeddit,0,image_only,n_flag_both,0.000000
d1_alpha_conf,fakeddit,0,image_only,n_flag_single,1143.000000
d1_alpha_conf,fakeddit,1,image_only,onmi,0.822286
d1_alpha_conf,fakeddit,1,image_only,alpha_n,1200.000000
d1_alpha_conf,fakeddit,1,image_only,alpha_mean,0.150000
d1_alpha_conf,fakeddit,1,image_only,alpha_sd,0.000000
d1_alpha_conf,fakeddit,1,image_only,alpha_q05,0.150000
d1_alpha_conf,fakeddit,1,image_only,alpha_q25,0.150000
d1_alpha_conf,fakeddit,1,image_only,alpha_q50,0.150000
d1_alpha_conf,fakeddit,1,image_only,alpha_q75,0.150000
d1_alpha_conf,fakeddit,1,image_only,alpha_q95,0.150000
d1_alpha_conf,fakeddit,1,image_only,conf_n,1200.000000
d1_alpha_conf,fakeddit,1,image_only,conf_mean,0.000000
d1_alpha_conf,fakeddit,1,image_only,conf_sd,0.000000
d1_alpha_conf,fakeddit,1,image_only,conf_q05,0.000000
d1_alpha_conf,fakeddit,1,image_only,conf_q25,0.000000
d1_alpha_conf,fakeddit,1,image_only,conf_q50,0.000000
d1_alpha_conf,fakeddit,1,image_only,conf_q75,0.000000
d1_alpha_conf,fakeddit,1,image_only,conf_q95,0.000000
d1_alpha_conf,fakeddit,1,image_only,n_flag_both,0.000000
d1_alpha_conf,fakeddit,1,image_only,n_flag_single,1143.000000
d1_alpha_conf,fakeddit,2,image_only,onmi,0.772030
d1_alpha_conf,fakeddit,2,image_only,alpha_n,1200.000000
d1_alpha_conf,fakeddit,2,image_only,alpha_mean,0.150000
d1_alpha_conf,fakeddit,2,image_only,alpha_sd,0.000000
d1_alpha_conf,fakeddit,2,image_only,alpha_q05,0.150000
d1_alpha_conf,fakeddit,2,image_only,alpha_q25,0.150000
d1_alpha_conf,fakeddit,2,image_only,alpha_q50,0.150000
d1_alpha_conf,fakeddit,2,image_only,alpha_q75,0.150000
d1_alpha_conf,fakeddit,2,image_only,alpha_q95,0.150000
d1_alpha_conf,fakeddit,2,image_only,conf_n,1200.000000
d1_alpha_conf,fakeddit,2,image_only,conf_mean,0.000000
d1_alpha_conf,fakeddit,2,image_only,conf_sd,0.000000
d1_alpha_conf,fakeddit,2,image_only,conf_q05,0.000000
d1_alpha_conf,fakeddit,2,image_only,conf_q25,0.000000
d1_alpha_conf,fakeddit,2,image_only,conf_q50,0.000000
d1_alpha_conf,fakeddit,2,image_only,conf_q75,0.000000
d1_alpha_conf,fakeddit,2,image_only,conf_q95,0.000000
d1_alpha_conf,fakeddit,2,image_only,n_flag_both,0.000000
d1_alpha_conf,fakeddit,2,image_only,n_flag_single,1143.000000
d2_alpha_sweep,fakeddit,0,a=0.02,onmi,0.822307
d2_alpha_sweep,fakeddit,0,a=0.15,onmi,0.791185
d2_alpha_sweep,fakeddit,0,a=0.3,onmi,0.787527
d2_alpha_sweep,fakeddit,0,a=0.5,onmi,0.393909
d2_alpha_sweep,fakeddit,0,a=0.7,onmi,0.229854
d2_alpha_sweep,fakeddit,0,a=0.85,onmi,0.153266
d2_alpha_sweep,fakeddit,0,a=0.98,onmi,0.061372
d2_alpha_sweep,fakeddit,1,a=0.02,onmi,0.822307
d2_alpha_sweep,fakeddit,1,a=0.15,onmi,0.791495
d2_alpha_sweep,fakeddit,1,a=0.3,onmi,0.751948
d2_alpha_sweep,fakeddit,1,a=0.5,onmi,0.411110
d2_alpha_sweep,fakeddit,1,a=0.7,onmi,0.182223
d2_alpha_sweep,fakeddit,1,a=0.85,onmi,0.115545
d2_alpha_sweep,fakeddit,1,a=0.98,onmi,0.034428
d2_alpha_sweep,fakeddit,2,a=0.02,onmi,0.781092
d2_alpha_sweep,fakeddit,2,a=0.15,onmi,0.790749
d2_alpha_sweep,fakeddit,2,a=0.3,onmi,0.751259
d2_alpha_sweep,fakeddit,2,a=0.5,onmi,0.377101
d2_alpha_sweep,fakeddit,2,a=0.7,onmi,0.190241
d2_alpha_sweep,fakeddit,2,a=0.85,onmi,0.140047
d2_alpha_sweep,fakeddit,2,a=0.98,onmi,0.064865
d3_content_only,fakeddit,0,all,cca_fused_kmeans,0.037930
d3_content_only,fakeddit,0,all,cca_fused_fcm,0.058255
d3_content_only,fakeddit,0,all,raw_text_kmeans,0.037449
d3_content_only,fakeddit,0,all,raw_text_fcm,0.039090
d3_content_only,fakeddit,0,all,raw_image_kmeans,0.066453
d3_content_only,fakeddit,0,all,raw_image_fcm,0.065410
d3_content_only,fakeddit,0,all,raw_text+image_kmeans,0.151855
d3_content_only,fakeddit,0,all,raw_text+image_fcm,0.063200
d3_content_only,fakeddit,1,all,cca_fused_kmeans,0.031274
d3_content_only,fakeddit,1,all,cca_fused_fcm,0.032970
d3_content_only,fakeddit,1,all,raw_text_kmeans,0.034714
d3_content_only,fakeddit,1,all,raw_text_fcm,0.032281
d3_content_only,fakeddit,1,all,raw_image_kmeans,0.113386
d3_content_only,fakeddit,1,all,raw_image_fcm,0.062020
d3_content_only,fakeddit,1,all,raw_text+image_kmeans,0.081618
d3_content_only,fakeddit,1,all,raw_text+image_fcm,0.066639
d3_content_only,fakeddit,2,all,cca_fused_kmeans,0.038490
d3_content_only,fakeddit,2,all,cca_fused_fcm,0.069058
d3_content_only,fakeddit,2,all,raw_text_kmeans,0.034628
d3_content_only,fakeddit,2,all,raw_text_fcm,0.052323
d3_content_only,fakeddit,2,all,raw_image_kmeans,0.092260
d3_content_only,fakeddit,2,all,raw_image_fcm,0.026595
d3_content_only,fakeddit,2,all,raw_text+image_kmeans,0.080281
d3_content_only,fakeddit,2,all,raw_text+image_fcm,0.053115
d4_confidence,fakeddit,0,all,cca_fused_acc_overall,0.293963
d4_confidence,fakeddit,0,all,cca_fused_spearman_agreement,0.064476
d4_confidence,fakeddit,0,all,cca_fused_spearman_conf,0.064476
d4_confidence,fakeddit,0,all,cca_fused_acc_agq1,0.244755
d4_confidence,fakeddit,0,all,agq1_mean_agreement,0.655310
d4_confidence,fakeddit,0,all,cca_fused_acc_agq2,0.298246
d4_confidence,fakeddit,0,all,agq2_mean_agreement,0.847640
d4_confidence,fakeddit,0,all,cca_fused_acc_agq3,0.311189
d4_confidence,fakeddit,0,all,agq3_mean_agreement,0.909716
d4_confidence,fakeddit,0,all,cca_fused_acc_agq4,0.321678
d4_confidence,fakeddit,0,all,agq4_mean_agreement,0.957251
d4_confidence,fakeddit,0,all,raw_text_acc_overall,0.368329
d4_confidence,fakeddit,0,all,raw_text_spearman_agreement,0.129452
d4_confidence,fakeddit,0,all,raw_text_spearman_conf,0.129452
d4_confidence,fakeddit,0,all,raw_text_acc_agq1,0.283217
d4_confidence,fakeddit,0,all,raw_text_acc_agq2,0.343860
d4_confidence,fakeddit,0,all,raw_text_acc_agq3,0.412587
d4_confidence,fakeddit,0,all,raw_text_acc_agq4,0.433566
d4_confidence,fakeddit,1,all,cca_fused_acc_overall,0.280840
d4_confidence,fakeddit,1,all,cca_fused_spearman_agreement,-0.039011
d4_confidence,fakeddit,1,all,cca_fused_spearman_conf,-0.039011
d4_confidence,fakeddit,1,all,cca_fused_acc_agq1,0.332168
d4_confidence,fakeddit,1,all,agq1_mean_agreement,0.664615
d4_confidence,fakeddit,1,all,cca_fused_acc_agq2,0.242105
d4_confidence,fakeddit,1,all,agq2_mean_agreement,0.848424
d4_confidence,fakeddit,1,all,cca_fused_acc_agq3,0.272727
d4_confidence,fakeddit,1,all,agq3_mean_agreement,0.908970
d4_confidence,fakeddit,1,all,cca_fused_acc_agq4,0.276224
d4_confidence,fakeddit,1,all,agq4_mean_agreement,0.957011
d4_confidence,fakeddit,1,all,raw_text_acc_overall,0.369204
d4_confidence,fakeddit,1,all,raw_text_spearman_agreement,0.027741
d4_confidence,fakeddit,1,all,raw_text_spearman_conf,0.027741
d4_confidence,fakeddit,1,all,raw_text_acc_agq1,0.353147
d4_confidence,fakeddit,1,all,raw_text_acc_agq2,0.385965
d4_confidence,fakeddit,1,all,raw_text_acc_agq3,0.360140
d4_confidence,fakeddit,1,all,raw_text_acc_agq4,0.377622
d4_confidence,fakeddit,2,all,cca_fused_acc_overall,0.289589
d4_confidence,fakeddit,2,all,cca_fused_spearman_agreement,0.009318
d4_confidence,fakeddit,2,all,cca_fused_spearman_conf,0.009318
d4_confidence,fakeddit,2,all,cca_fused_acc_agq1,0.318182
d4_confidence,fakeddit,2,all,agq1_mean_agreement,0.678899
d4_confidence,fakeddit,2,all,cca_fused_acc_agq2,0.238596
d4_confidence,fakeddit,2,all,agq2_mean_agreement,0.851884
d4_confidence,fakeddit,2,all,cca_fused_acc_agq3,0.279720
d4_confidence,fakeddit,2,all,agq3_mean_agreement,0.911297
d4_confidence,fakeddit,2,all,cca_fused_acc_agq4,0.321678
d4_confidence,fakeddit,2,all,agq4_mean_agreement,0.955318
d4_confidence,fakeddit,2,all,raw_text_acc_overall,0.356080
d4_confidence,fakeddit,2,all,raw_text_spearman_agreement,-0.002292
d4_confidence,fakeddit,2,all,raw_text_spearman_conf,-0.002292
d4_confidence,fakeddit,2,all,raw_text_acc_agq1,0.342657
d4_confidence,fakeddit,2,all,raw_text_acc_agq2,0.378947
d4_confidence,fakeddit,2,all,raw_text_acc_agq3,0.356643
d4_confidence,fakeddit,2,all,raw_text_acc_agq4,0.346154
d6_agreement,fakeddit,0,full,n,1143.000000
d6_agreement,fakeddit,0,full,mean,0.842475
d6_agreement,fakeddit,0,full,sd,0.137369
d6_agreement,fakeddit,0,full,q05,0.574008
d6_agreement,fakeddit,0,full,q25,0.798437
d6_agreement,fakeddit,0,full,q50,0.884055
d6_agreement,fakeddit,0,full,q75,0.933813
d6_agreement,fakeddit,0,full,q95,0.971349
d6_agreement,fakeddit,0,full,bimodality_coef,0.593812
d6_agreement,fakeddit,0,full,bic_gain_2_vs_1,643.777412
d7_mixed_space,fakeddit,0,all,n_single,57.000000
d7_mixed_space,fakeddit,0,all,onmi_asis,0.324045
d7_mixed_space,fakeddit,0,all,onmi_zeroed,0.369095
d7_mixed_space,fakeddit,0,all,onmi_projected,0.287488
d7_mixed_space,fakeddit,1,all,n_single,57.000000
d7_mixed_space,fakeddit,1,all,onmi_asis,0.364141
d7_mixed_space,fakeddit,1,all,onmi_zeroed,0.364251
d7_mixed_space,fakeddit,1,all,onmi_projected,0.280118
d7_mixed_space,fakeddit,2,all,n_single,57.000000
d7_mixed_space,fakeddit,2,all,onmi_asis,0.259944
d7_mixed_space,fakeddit,2,all,onmi_zeroed,0.340393
d7_mixed_space,fakeddit,2,all,onmi_projected,0.336221
d5_cca,fakeddit,0,"cd=2,div=16",onmi,0.465914
d5_cca,fakeddit,0,"cd=2,div=16",alpha_mean,0.507904
d5_cca,fakeddit,0,"cd=2,div=16",conf_mean,0.511291
d5_cca,fakeddit,0,"cd=2,div=16",agr_n,1143.000000
d5_cca,fakeddit,0,"cd=2,div=16",agr_mean,0.630637
d5_cca,fakeddit,0,"cd=2,div=16",agr_sd,0.516496
d5_cca,fakeddit,0,"cd=2,div=16",agr_q05,-0.754418
d5_cca,fakeddit,0,"cd=2,div=16",agr_q25,0.503985
d5_cca,fakeddit,0,"cd=2,div=16",agr_q50,0.868240
d5_cca,fakeddit,0,"cd=2,div=16",agr_q75,0.970484
d5_cca,fakeddit,0,"cd=2,div=16",agr_q95,0.998712
d5_cca,fakeddit,0,"cd=2,div=8",onmi,0.431161
d5_cca,fakeddit,0,"cd=2,div=8",alpha_mean,0.536218
d5_cca,fakeddit,0,"cd=2,div=8",conf_mean,0.551739
d5_cca,fakeddit,0,"cd=2,div=8",agr_n,1143.000000
d5_cca,fakeddit,0,"cd=2,div=8",agr_mean,0.699301
d5_cca,fakeddit,0,"cd=2,div=8",agr_sd,0.477735
d5_cca,fakeddit,0,"cd=2,div=8",agr_q05,-0.619437
d5_cca,fakeddit,0,"cd=2,div=8",agr_q25,0.655534
d5_cca,fakeddit,0,"cd=2,div=8",agr_q50,0.914265
d5_cca,fakeddit,0,"cd=2,div=8",agr_q75,0.983443
d5_cca,fakeddit,0,"cd=2,div=8",agr_q95,0.999337
d5_cca,fakeddit,0,"cd=2,div=4",onmi,0.225151
d5_cca,fakeddit,0,"cd=2,div=4",alpha_mean,0.578212
d5_cca,fakeddit,0,"cd=2,div=4",conf_mean,0.611731
d5_cca,fakeddit,0,"cd=2,div=4",agr_n,1143.000000
d5_cca,fakeddit,0,"cd=2,div=4",agr_mean,0.812143
d5_cca,fakeddit,0,"cd=2,div=4",agr_sd,0.360196
d5_cca,fakeddit,0,"cd=2,div=4",agr_q05,0.012876
d5_cca,fakeddit,0,"cd=2,div=4",agr_q25,0.829022
d5_cca,fakeddit,0,"cd=2,div=4",agr_q50,0.953636
d5_cca,fakeddit,0,"cd=2,div=4",agr_q75,0.989723
d5_cca,fakeddit,0,"cd=2,div=4",agr_q95,0.999705
d5_cca,fakeddit,0,"cd=4,div=16",onmi,0.638510
d5_cca,fakeddit,0,"cd=4,div=16",alpha_mean,0.464842
d5_cca,fakeddit,0,"cd=4,div=16",conf_mean,0.449775
d5_cca,fakeddit,0,"cd=4,div=16",agr_n,1143.000000
d5_cca,fakeddit,0,"cd=4,div=16",agr_mean,0.601173
d5_cca,fakeddit,0,"cd=4,div=16",agr_sd,0.380559
d5_cca,fakeddit,0,"cd=4,div=16",agr_q05,-0.238831
d5_cca,fakeddit,0,"cd=4,div=16",agr_q25,0.454373
d5_cca,fakeddit,0,"cd=4,div=16",agr_q50,0.729359
d5_cca,fakeddit,0,"cd=4,div=16",agr_q75,0.882191
d5_cca,fakeddit,0,"cd=4,div=16",agr_q95,0.969261
d5_cca,fakeddit,0,"cd=4,div=8",onmi,0.579125
d5_cca,fakeddit,0,"cd=4,div=8",alpha_mean,0.500399
d5_cca,fakeddit,0,"cd=4,div=8",conf_mean,0.500570
d5_cca,fakeddit,0,"cd=4,div=8",agr_n,1143.000000
d5_cca,fakeddit,0,"cd=4,div=8",agr_mean,0.687947
d5_cca,fakeddit,0,"cd=4,div=8",agr_sd,0.317205
d5_cca,fakeddit,0,"cd=4,div=8",agr_q05,0.009185
d5_cca,fakeddit,0,"cd=4,div=8",agr_q25,0.581215
d5_cca,fakeddit,0,"cd=4,div=8",agr_q50,0.795187
d5_cca,fakeddit,0,"cd=4,div=8",agr_q75,0.913490
d5_cca,fakeddit,0,"cd=4,div=8",agr_q95,0.980888
d5_cca,fakeddit,0,"cd=4,div=4",onmi,0.180068
d5_cca,fakeddit,0,"cd=4,div=4",alpha_mean,0.581849
d5_cca,fakeddit,0,"cd=4,div=4",conf_mean,0.616928
d5_cca,fakeddit,0,"cd=4,div=4",agr_n,1143.000000
d5_cca,fakeddit,0,"cd=4,div=4",agr_mean,0.846360
d5_cca,fakeddit,0,"cd=4,div=4",agr_sd,0.192823
d5_cca,fakeddit,0,"cd=4,div=4",agr_q05,0.473706
d5_cca,fakeddit,0,"cd=4,div=4",agr_q25,0.805599
d5_cca,fakeddit,0,"cd=4,div=4",agr_q50,0.915759
d5_cca,fakeddit,0,"cd=4,div=4",agr_q75,0.962552
d5_cca,fakeddit,0,"cd=4,div=4",agr_q95,0.990100
d5_cca,fakeddit,0,"cd=8,div=16",onmi,0.732815
d5_cca,fakeddit,0,"cd=8,div=16",alpha_mean,0.426618
d5_cca,fakeddit,0,"cd=8,div=16",conf_mean,0.395169
d5_cca,fakeddit,0,"cd=8,div=16",agr_n,1143.000000
d5_cca,fakeddit,0,"cd=8,div=16",agr_mean,0.570419
d5_cca,fakeddit,0,"cd=8,div=16",agr_sd,0.290794
d5_cca,fakeddit,0,"cd=8,div=16",agr_q05,0.005902
d5_cca,fakeddit,0,"cd=8,div=16",agr_q25,0.418404
d5_cca,fakeddit,0,"cd=8,div=16",agr_q50,0.628375
d5_cca,fakeddit,0,"cd=8,div=16",agr_q75,0.802764
d5_cca,fakeddit,0,"cd=8,div=16",agr_q95,0.921044
d5_cca,fakeddit,0,"cd=8,div=8",onmi,0.486237
d5_cca,fakeddit,0,"cd=8,div=8",alpha_mean,0.482799
d5_cca,fakeddit,0,"cd=8,div=8",conf_mean,0.475428
d5_cca,fakeddit,0,"cd=8,div=8",agr_n,1143.000000
d5_cca,fakeddit,0,"cd=8,div=8",agr_mean,0.683662
d5_cca,fakeddit,0,"cd=8,div=8",agr_sd,0.222918
d5_cca,fakeddit,0,"cd=8,div=8",agr_q05,0.254859
d5_cca,fakeddit,0,"cd=8,div=8",agr_q25,0.576698
d5_cca,fakeddit,0,"cd=8,div=8",agr_q50,0.735460
d5_cca,fakeddit,0,"cd=8,div=8",agr_q75,0.856105
d5_cca,fakeddit,0,"cd=8,div=8",agr_q95,0.933155
d5_cca,fakeddit,0,"cd=8,div=4",onmi,0.324045
d5_cca,fakeddit,0,"cd=8,div=4",alpha_mean,0.579577
d5_cca,fakeddit,0,"cd=8,div=4",conf_mean,0.613681
d5_cca,fakeddit,0,"cd=8,div=4",agr_n,1143.000000
d5_cca,fakeddit,0,"cd=8,div=4",agr_mean,0.842475
d5_cca,fakeddit,0,"cd=8,div=4",agr_sd,0.137369
d5_cca,fakeddit,0,"cd=8,div=4",agr_q05,0.574008
d5_cca,fakeddit,0,"cd=8,div=4",agr_q25,0.798437
d5_cca,fakeddit,0,"cd=8,div=4",agr_q50,0.884055
d5_cca,fakeddit,0,"cd=8,div=4",agr_q75,0.933813
d5_cca,fakeddit,0,"cd=8,div=4",agr_q95,0.971349
d5_cca,fakeddit,0,"cd=16,div=16",onmi,0.731068
d5_cca,fakeddit,0,"cd=16,div=16",alpha_mean,0.383837
d5_cca,fakeddit,0,"cd=16,div=16",conf_mean,0.334052
d5_cca,fakeddit,0,"cd=16,div=16",agr_n,1143.000000
d5_cca,fakeddit,0,"cd=16,div=16",agr_mean,0.517939
d5_cca,fakeddit,0,"cd=16,div=16",agr_sd,0.230760
d5_cca,fakeddit,0,"cd=16,div=16",agr_q05,0.078232
d5_cca,fakeddit,0,"cd=16,div=16",agr_q25,0.374886
d5_cca,fakeddit,0,"cd=16,div=16",agr_q50,0.555383
d5_cca,fakeddit,0,"cd=16,div=16",agr_q75,0.697808
d5_cca,fakeddit,0,"cd=16,div=16",agr_q95,0.837611
d5_cca,fakeddit,0,"cd=16,div=8",onmi,0.340612
d5_cca,fakeddit,0,"cd=16,div=8",alpha_mean,0.460103
d5_cca,fakeddit,0,"cd=16,div=8",conf_mean,0.443004
d5_cca,fakeddit,0,"cd=16,div=8",agr_n,1143.000000
d5_cca,fakeddit,0,"cd=16,div=8",agr_mean,0.658442
d5_cca,fakeddit,0,"cd=16,div=8",agr_sd,0.171743
d5_cca,fakeddit,0,"cd=16,div=8",agr_q05,0.349435
d5_cca,fakeddit,0,"cd=16,div=8",agr_q25,0.563220
d5_cca,fakeddit,0,"cd=16,div=8",agr_q50,0.683638
d5_cca,fakeddit,0,"cd=16,div=8",agr_q75,0.789129
d5_cca,fakeddit,0,"cd=16,div=8",agr_q95,0.881345
d5_cca,fakeddit,0,"cd=16,div=4",onmi,0.177007
d5_cca,fakeddit,0,"cd=16,div=4",alpha_mean,0.573402
d5_cca,fakeddit,0,"cd=16,div=4",conf_mean,0.604860
d5_cca,fakeddit,0,"cd=16,div=4",agr_n,1143.000000
d5_cca,fakeddit,0,"cd=16,div=4",agr_mean,0.828931
d5_cca,fakeddit,0,"cd=16,div=4",agr_sd,0.121865
d5_cca,fakeddit,0,"cd=16,div=4",agr_q05,0.599430
d5_cca,fakeddit,0,"cd=16,div=4",agr_q25,0.793182
d5_cca,fakeddit,0,"cd=16,div=4",agr_q50,0.862854
d5_cca,fakeddit,0,"cd=16,div=4",agr_q75,0.909182
d5_cca,fakeddit,0,"cd=16,div=4",agr_q95,0.948208
d5_cca,fakeddit,1,"cd=2,div=16",onmi,0.479106
d5_cca,fakeddit,1,"cd=2,div=16",alpha_mean,0.511002
d5_cca,fakeddit,1,"cd=2,div=16",conf_mean,0.515717
d5_cca,fakeddit,1,"cd=2,div=16",agr_n,1143.000000
d5_cca,fakeddit,1,"cd=2,div=16",agr_mean,0.634157
d5_cca,fakeddit,1,"cd=2,div=16",agr_sd,0.515574
d5_cca,fakeddit,1,"cd=2,div=16",agr_q05,-0.687539
d5_cca,fakeddit,1,"cd=2,div=16",agr_q25,0.539013
d5_cca,fakeddit,1,"cd=2,div=16",agr_q50,0.873213
d5_cca,fakeddit,1,"cd=2,div=16",agr_q75,0.971223
d5_cca,fakeddit,1,"cd=2,div=16",agr_q95,0.999082
d5_cca,fakeddit,1,"cd=2,div=8",onmi,0.410672
d5_cca,fakeddit,1,"cd=2,div=8",alpha_mean,0.536464
d5_cca,fakeddit,1,"cd=2,div=8",conf_mean,0.552092
d5_cca,fakeddit,1,"cd=2,div=8",agr_n,1143.000000
d5_cca,fakeddit,1,"cd=2,div=8",agr_mean,0.703351
d5_cca,fakeddit,1,"cd=2,div=8",agr_sd,0.464776
d5_cca,fakeddit,1,"cd=2,div=8",agr_q05,-0.534704
d5_cca,fakeddit,1,"cd=2,div=8",agr_q25,0.658560
d5_cca,fakeddit,1,"cd=2,div=8",agr_q50,0.911555
d5_cca,fakeddit,1,"cd=2,div=8",agr_q75,0.980510
d5_cca,fakeddit,1,"cd=2,div=8",agr_q95,0.998992
d5_cca,fakeddit,1,"cd=2,div=4",onmi,0.196752
d5_cca,fakeddit,1,"cd=2,div=4",alpha_mean,0.577307
d5_cca,fakeddit,1,"cd=2,div=4",conf_mean,0.610438
d5_cca,fakeddit,1,"cd=2,div=4",agr_n,1143.000000
d5_cca,fakeddit,1,"cd=2,div=4",agr_mean,0.810058
d5_cca,fakeddit,1,"cd=2,div=4",agr_sd,0.369163
d5_cca,fakeddit,1,"cd=2,div=4",agr_q05,0.029916
d5_cca,fakeddit,1,"cd=2,div=4",agr_q25,0.835287
d5_cca,fakeddit,1,"cd=2,div=4",agr_q50,0.954972
d5_cca,fakeddit,1,"cd=2,div=4",agr_q75,0.992087
d5_cca,fakeddit,1,"cd=2,div=4",agr_q95,0.999796
d5_cca,fakeddit,1,"cd=4,div=16",onmi,0.614972
d5_cca,fakeddit,1,"cd=4,div=16",alpha_mean,0.464479
d5_cca,fakeddit,1,"cd=4,div=16",conf_mean,0.449256
d5_cca,fakeddit,1,"cd=4,div=16",agr_n,1143.000000
d5_cca,fakeddit,1,"cd=4,div=16",agr_mean,0.608338
d5_cca,fakeddit,1,"cd=4,div=16",agr_sd,0.366332
d5_cca,fakeddit,1,"cd=4,div=16",agr_q05,-0.207241
d5_cca,fakeddit,1,"cd=4,div=16",agr_q25,0.432295
d5_cca,fakeddit,1,"cd=4,div=16",agr_q50,0.731730
d5_cca,fakeddit,1,"cd=4,div=16",agr_q75,0.882055
d5_cca,fakeddit,1,"cd=4,div=16",agr_q95,0.971407
d5_cca,fakeddit,1,"cd=4,div=8",onmi,0.590510
d5_cca,fakeddit,1,"cd=4,div=8",alpha_mean,0.499106
d5_cca,fakeddit,1,"cd=4,div=8",conf_mean,0.498723
d5_cca,fakeddit,1,"cd=4,div=8",agr_n,1143.000000
d5_cca,fakeddit,1,"cd=4,div=8",agr_mean,0.687775
d5_cca,fakeddit,1,"cd=4,div=8",agr_sd,0.314456
d5_cca,fakeddit,1,"cd=4,div=8",agr_q05,0.001616
d5_cca,fakeddit,1,"cd=4,div=8",agr_q25,0.561911
d5_cca,fakeddit,1,"cd=4,div=8",agr_q50,0.794523
d5_cca,fakeddit,1,"cd=4,div=8",agr_q75,0.915956
d5_cca,fakeddit,1,"cd=4,div=8",agr_q95,0.977912
d5_cca,fakeddit,1,"cd=4,div=4",onmi,0.133723
d5_cca,fakeddit,1,"cd=4,div=4",alpha_mean,0.578558
d5_cca,fakeddit,1,"cd=4,div=4",conf_mean,0.612226
d5_cca,fakeddit,1,"cd=4,div=4",agr_n,1143.000000
d5_cca,fakeddit,1,"cd=4,div=4",agr_mean,0.838276
d5_cca,fakeddit,1,"cd=4,div=4",agr_sd,0.215472
d5_cca,fakeddit,1,"cd=4,div=4",agr_q05,0.382969
d5_cca,fakeddit,1,"cd=4,div=4",agr_q25,0.812440
d5_cca,fakeddit,1,"cd=4,div=4",agr_q50,0.914276
d5_cca,fakeddit,1,"cd=4,div=4",agr_q75,0.964166
d5_cca,fakeddit,1,"cd=4,div=4",agr_q95,0.989925
d5_cca,fakeddit,1,"cd=8,div=16",onmi,0.734581
d5_cca,fakeddit,1,"cd=8,div=16",alpha_mean,0.427833
d5_cca,fakeddit,1,"cd=8,div=16",conf_mean,0.396904
d5_cca,fakeddit,1,"cd=8,div=16",agr_n,1143.000000
d5_cca,fakeddit,1,"cd=8,div=16",agr_mean,0.572564
d5_cca,fakeddit,1,"cd=8,div=16",agr_sd,0.291105
d5_cca,fakeddit,1,"cd=8,div=16",agr_q05,-0.016977
d5_cca,fakeddit,1,"cd=8,div=16",agr_q25,0.417656
d5_cca,fakeddit,1,"cd=8,div=16",agr_q50,0.634030
d5_cca,fakeddit,1,"cd=8,div=16",agr_q75,0.796850
d5_cca,fakeddit,1,"cd=8,div=16",agr_q95,0.922500
d5_cca,fakeddit,1,"cd=8,div=8",onmi,0.408551
d5_cca,fakeddit,1,"cd=8,div=8",alpha_mean,0.486190
d5_cca,fakeddit,1,"cd=8,div=8",conf_mean,0.480271
d5_cca,fakeddit,1,"cd=8,div=8",agr_n,1143.000000
d5_cca,fakeddit,1,"cd=8,div=8",agr_mean,0.686108
d5_cca,fakeddit,1,"cd=8,div=8",agr_sd,0.229275
d5_cca,fakeddit,1,"cd=8,div=8",agr_q05,0.207625
d5_cca,fakeddit,1,"cd=8,div=8",agr_q25,0.583125
d5_cca,fakeddit,1,"cd=8,div=8",agr_q50,0.749437
d5_cca,fakeddit,1,"cd=8,div=8",agr_q75,0.850146
d5_cca,fakeddit,1,"cd=8,div=8",agr_q95,0.939801
d5_cca,fakeddit,1,"cd=8,div=4",onmi,0.364141
d5_cca,fakeddit,1,"cd=8,div=4",alpha_mean,0.581388
d5_cca,fakeddit,1,"cd=8,div=4",conf_mean,0.616269
d5_cca,fakeddit,1,"cd=8,div=4",agr_n,1143.000000
d5_cca,fakeddit,1,"cd=8,div=4",agr_mean,0.844752
d5_cca,fakeddit,1,"cd=8,div=4",agr_sd,0.134502
d5_cca,fakeddit,1,"cd=8,div=4",agr_q05,0.601232
d5_cca,fakeddit,1,"cd=8,div=4",agr_q25,0.800011
d5_cca,fakeddit,1,"cd=8,div=4",agr_q50,0.882212
d5_cca,fakeddit,1,"cd=8,div=4",agr_q75,0.932384
d5_cca,fakeddit,1,"cd=8,div=4",agr_q95,0.972106
d5_cca,fakeddit,1,"cd=16,div=16",onmi,0.690653
d5_cca,fakeddit,1,"cd=16,div=16",alpha_mean,0.385068
d5_cca,fakeddit,1,"cd=16,div=16",conf_mean,0.335811
d5_cca,fakeddit,1,"cd=16,div=16",agr_n,1143.000000
d5_cca,fakeddit,1,"cd=16,div=16",agr_mean,0.521479
d5_cca,fakeddit,1,"cd=16,div=16",agr_sd,0.228333
d5_cca,fakeddit,1,"cd=16,div=16",agr_q05,0.112342
d5_cca,fakeddit,1,"cd=16,div=16",agr_q25,0.383055
d5_cca,fakeddit,1,"cd=16,div=16",agr_q50,0.550061
d5_cca,fakeddit,1,"cd=16,div=16",agr_q75,0.693566
d5_cca,fakeddit,1,"cd=16,div=16",agr_q95,0.842187
d5_cca,fakeddit,1,"cd=16,div=8",onmi,0.554440
d5_cca,fakeddit,1,"cd=16,div=8",alpha_mean,0.458747
d5_cca,fakeddit,1,"cd=16,div=8",conf_mean,0.441068
d5_cca,fakeddit,1,"cd=16,div=8",agr_n,1143.000000
d5_cca,fakeddit,1,"cd=16,div=8",agr_mean,0.655137
d5_cca,fakeddit,1,"cd=16,div=8",agr_sd,0.177973
d5_cca,fakeddit,1,"cd=16,div=8",agr_q05,0.319991
d5_cca,fakeddit,1,"cd=16,div=8",agr_q25,0.555940
d5_cca,fakeddit,1,"cd=16,div=8",agr_q50,0.687487
d5_cca,fakeddit,1,"cd=16,div=8",agr_q75,0.786856
d5_cca,fakeddit,1,"cd=16,div=8",agr_q95,0.889598
d5_cca,fakeddit,1,"cd=16,div=4",onmi,0.207263
d5_cca,fakeddit,1,"cd=16,div=4",alpha_mean,0.573814
d5_cca,fakeddit,1,"cd=16,div=4",conf_mean,0.605449
d5_cca,fakeddit,1,"cd=16,div=4",agr_n,1143.000000
d5_cca,fakeddit,1,"cd=16,div=4",agr_mean,0.830276
d5_cca,fakeddit,1,"cd=16,div=4",agr_sd,0.115227
d5_cca,fakeddit,1,"cd=16,div=4",agr_q05,0.599064
d5_cca,fakeddit,1,"cd=16,div=4",agr_q25,0.787307
d5_cca,fakeddit,1,"cd=16,div=4",agr_q50,0.863757
d5_cca,fakeddit,1,"cd=16,div=4",agr_q75,0.906445
d5_cca,fakeddit,1,"cd=16,div=4",agr_q95,0.949137
d5_cca,fakeddit,2,"cd=2,div=16",onmi,0.507041
d5_cca,fakeddit,2,"cd=2,div=16",alpha_mean,0.507830
d5_cca,fakeddit,2,"cd=2,div=16",conf_mean,0.511186
d5_cca,fakeddit,2,"cd=2,div=16",agr_n,1143.000000
d5_cca,fakeddit,2,"cd=2,div=16",agr_mean,0.634787
d5_cca,fakeddit,2,"cd=2,div=16",agr_sd,0.505562
d5_cca,fakeddit,2,"cd=2,div=16",agr_q05,-0.646028
d5_cca,fakeddit,2,"cd=2,div=16",agr_q25,0.521997
d5_cca,fakeddit,2,"cd=2,div=16",agr_q50,0.864220
d5_cca,fakeddit,2,"cd=2,div=16",agr_q75,0.971621
d5_cca,fakeddit,2,"cd=2,div=16",agr_q95,0.999067
d5_cca,fakeddit,2,"cd=2,div=8",onmi,0.430235
d5_cca,fakeddit,2,"cd=2,div=8",alpha_mean,0.537074
d5_cca,fakeddit,2,"cd=2,div=8",conf_mean,0.552963
d5_cca,fakeddit,2,"cd=2,div=8",agr_n,1143.000000
d5_cca,fakeddit,2,"cd=2,div=8",agr_mean,0.700677
d5_cca,fakeddit,2,"cd=2,div=8",agr_sd,0.472762
d5_cca,fakeddit,2,"cd=2,div=8",agr_q05,-0.537088
d5_cca,fakeddit,2,"cd=2,div=8",agr_q25,0.678733
d5_cca,fakeddit,2,"cd=2,div=8",agr_q50,0.909634
d5_cca,fakeddit,2,"cd=2,div=8",agr_q75,0.981799
d5_cca,fakeddit,2,"cd=2,div=8",agr_q95,0.999299
d5_cca,fakeddit,2,"cd=2,div=4",onmi,0.175863
d5_cca,fakeddit,2,"cd=2,div=4",alpha_mean,0.576858
d5_cca,fakeddit,2,"cd=2,div=4",conf_mean,0.609798
d5_cca,fakeddit,2,"cd=2,div=4",agr_n,1143.000000
d5_cca,fakeddit,2,"cd=2,div=4",agr_mean,0.810824
d5_cca,fakeddit,2,"cd=2,div=4",agr_sd,0.364469
d5_cca,fakeddit,2,"cd=2,div=4",agr_q05,0.037890
d5_cca,fakeddit,2,"cd=2,div=4",agr_q25,0.834951
d5_cca,fakeddit,2,"cd=2,div=4",agr_q50,0.957012
d5_cca,fakeddit,2,"cd=2,div=4",agr_q75,0.992345
d5_cca,fakeddit,2,"cd=2,div=4",agr_q95,0.999736
d5_cca,fakeddit,2,"cd=4,div=16",onmi,0.578890
d5_cca,fakeddit,2,"cd=4,div=16",alpha_mean,0.465278
d5_cca,fakeddit,2,"cd=4,div=16",conf_mean,0.450398
d5_cca,fakeddit,2,"cd=4,div=16",agr_n,1143.000000
d5_cca,fakeddit,2,"cd=4,div=16",agr_mean,0.610563
d5_cca,fakeddit,2,"cd=4,div=16",agr_sd,0.362698
d5_cca,fakeddit,2,"cd=4,div=16",agr_q05,-0.152142
d5_cca,fakeddit,2,"cd=4,div=16",agr_q25,0.458508
d5_cca,fakeddit,2,"cd=4,div=16",agr_q50,0.730020
d5_cca,fakeddit,2,"cd=4,div=16",agr_q75,0.881651
d5_cca,fakeddit,2,"cd=4,div=16",agr_q95,0.969180
d5_cca,fakeddit,2,"cd=4,div=8",onmi,0.497493
d5_cca,fakeddit,2,"cd=4,div=8",alpha_mean,0.499620
d5_cca,fakeddit,2,"cd=4,div=8",conf_mean,0.499458
d5_cca,fakeddit,2,"cd=4,div=8",agr_n,1143.000000
d5_cca,fakeddit,2,"cd=4,div=8",agr_mean,0.683776
d5_cca,fakeddit,2,"cd=4,div=8",agr_sd,0.328258
d5_cca,fakeddit,2,"cd=4,div=8",agr_q05,-0.033174
d5_cca,fakeddit,2,"cd=4,div=8",agr_q25,0.569961
d5_cca,fakeddit,2,"cd=4,div=8",agr_q50,0.798066
d5_cca,fakeddit,2,"cd=4,div=8",agr_q75,0.915439
d5_cca,fakeddit,2,"cd=4,div=8",agr_q95,0.981201
d5_cca,fakeddit,2,"cd=4,div=4",onmi,0.157124
d5_cca,fakeddit,2,"cd=4,div=4",alpha_mean,0.582189
d5_cca,fakeddit,2,"cd=4,div=4",conf_mean,0.617412
d5_cca,fakeddit,2,"cd=4,div=4",agr_n,1143.000000
d5_cca,fakeddit,2,"cd=4,div=4",agr_mean,0.847065
d5_cca,fakeddit,2,"cd=4,div=4",agr_sd,0.193696
d5_cca,fakeddit,2,"cd=4,div=4",agr_q05,0.468820
d5_cca,fakeddit,2,"cd=4,div=4",agr_q25,0.811854
d5_cca,fakeddit,2,"cd=4,div=4",agr_q50,0.916951
d5_cca,fakeddit,2,"cd=4,div=4",agr_q75,0.961853
d5_cca,fakeddit,2,"cd=4,div=4",agr_q95,0.989525
d5_cca,fakeddit,2,"cd=8,div=16",onmi,0.733116
d5_cca,fakeddit,2,"cd=8,div=16",alpha_mean,0.427863
d5_cca,fakeddit,2,"cd=8,div=16",conf_mean,0.396947
d5_cca,fakeddit,2,"cd=8,div=16",agr_n,1143.000000
d5_cca,fakeddit,2,"cd=8,div=16",agr_mean,0.575840
d5_cca,fakeddit,2,"cd=8,div=16",agr_sd,0.283811
d5_cca,fakeddit,2,"cd=8,div=16",agr_q05,0.022419
d5_cca,fakeddit,2,"cd=8,div=16",agr_q25,0.416627
d5_cca,fakeddit,2,"cd=8,div=16",agr_q50,0.640871
d5_cca,fakeddit,2,"cd=8,div=16",agr_q75,0.798614
d5_cca,fakeddit,2,"cd=8,div=16",agr_q95,0.919915
d5_cca,fakeddit,2,"cd=8,div=8",onmi,0.435564
d5_cca,fakeddit,2,"cd=8,div=8",alpha_mean,0.481290
d5_cca,fakeddit,2,"cd=8,div=8",conf_mean,0.473271
d5_cca,fakeddit,2,"cd=8,div=8",agr_n,1143.000000
d5_cca,fakeddit,2,"cd=8,div=8",agr_mean,0.680468
d5_cca,fakeddit,2,"cd=8,div=8",agr_sd,0.226715
d5_cca,fakeddit,2,"cd=8,div=8",agr_q05,0.215994
d5_cca,fakeddit,2,"cd=8,div=8",agr_q25,0.571300
d5_cca,fakeddit,2,"cd=8,div=8",agr_q50,0.735077
d5_cca,fakeddit,2,"cd=8,div=8",agr_q75,0.850838
d5_cca,fakeddit,2,"cd=8,div=8",agr_q95,0.938909
d5_cca,fakeddit,2,"cd=8,div=4",onmi,0.259944
d5_cca,fakeddit,2,"cd=8,div=4",alpha_mean,0.584050
d5_cca,fakeddit,2,"cd=8,div=4",conf_mean,0.620072
d5_cca,fakeddit,2,"cd=8,div=4",agr_n,1143.000000
d5_cca,fakeddit,2,"cd=8,div=4",agr_mean,0.849347
d5_cca,fakeddit,2,"cd=8,div=4",agr_sd,0.125088
d5_cca,fakeddit,2,"cd=8,div=4",agr_q05,0.579958
d5_cca,fakeddit,2,"cd=8,div=4",agr_q25,0.806631
d5_cca,fakeddit,2,"cd=8,div=4",agr_q50,0.886892
d5_cca,fakeddit,2,"cd=8,div=4",agr_q75,0.933591
d5_cca,fakeddit,2,"cd=8,div=4",agr_q95,0.968954
d5_cca,fakeddit,2,"cd=16,div=16",onmi,0.732635
d5_cca,fakeddit,2,"cd=16,div=16",alpha_mean,0.385184
d5_cca,fakeddit,2,"cd=16,div=16",conf_mean,0.335976
d5_cca,fakeddit,2,"cd=16,div=16",agr_n,1143.000000
d5_cca,fakeddit,2,"cd=16,div=16",agr_mean,0.520321
d5_cca,fakeddit,2,"cd=16,div=16",agr_sd,0.231386
d5_cca,fakeddit,2,"cd=16,div=16",agr_q05,0.079906
d5_cca,fakeddit,2,"cd=16,div=16",agr_q25,0.378245
d5_cca,fakeddit,2,"cd=16,div=16",agr_q50,0.555091
d5_cca,fakeddit,2,"cd=16,div=16",agr_q75,0.692832
d5_cca,fakeddit,2,"cd=16,div=16",agr_q95,0.835068
d5_cca,fakeddit,2,"cd=16,div=8",onmi,0.549058
d5_cca,fakeddit,2,"cd=16,div=8",alpha_mean,0.458696
d5_cca,fakeddit,2,"cd=16,div=8",conf_mean,0.440994
d5_cca,fakeddit,2,"cd=16,div=8",agr_n,1143.000000
d5_cca,fakeddit,2,"cd=16,div=8",agr_mean,0.655335
d5_cca,fakeddit,2,"cd=16,div=8",agr_sd,0.175895
d5_cca,fakeddit,2,"cd=16,div=8",agr_q05,0.336563
d5_cca,fakeddit,2,"cd=16,div=8",agr_q25,0.556866
d5_cca,fakeddit,2,"cd=16,div=8",agr_q50,0.687423
d5_cca,fakeddit,2,"cd=16,div=8",agr_q75,0.783775
d5_cca,fakeddit,2,"cd=16,div=8",agr_q95,0.885595
d5_cca,fakeddit,2,"cd=16,div=4",onmi,0.209020
d5_cca,fakeddit,2,"cd=16,div=4",alpha_mean,0.573440
d5_cca,fakeddit,2,"cd=16,div=4",conf_mean,0.604914
d5_cca,fakeddit,2,"cd=16,div=4",agr_n,1143.000000
d5_cca,fakeddit,2,"cd=16,div=4",agr_mean,0.829342
d5_cca,fakeddit,2,"cd=16,div=4",agr_sd,0.121959
d5_cca,fakeddit,2,"cd=16,div=4",agr_q05,0.588376
d5_cca,fakeddit,2,"cd=16,div=4",agr_q25,0.792302
d5_cca,fakeddit,2,"cd=16,div=4",agr_q50,0.865646
d5_cca,fakeddit,2,"cd=16,div=4",agr_q75,0.909861
d5_cca,fakeddit,2,"cd=16,div=4",agr_q95,0.946859
sanity,crisismmd,0,default,nfmcd,0.590905
sanity,crisismmd,0,default,helper,0.590905
sanity,crisismmd,0,default,nfmcd_a05,0.663226
sanity,crisismmd,0,default,helper_a05,0.663226
d1_alpha_conf,crisismmd,0,full,onmi,0.590905
d1_alpha_conf,crisismmd,0,full,alpha_n,800.000000
d1_alpha_conf,crisismmd,0,full,alpha_mean,0.600169
d1_alpha_conf,crisismmd,0,full,alpha_sd,0.095071
d1_alpha_conf,crisismmd,0,full,alpha_q05,0.390653
d1_alpha_conf,crisismmd,0,full,alpha_q25,0.576272
d1_alpha_conf,crisismmd,0,full,alpha_q50,0.636107
d1_alpha_conf,crisismmd,0,full,alpha_q75,0.662725
d1_alpha_conf,crisismmd,0,full,alpha_q95,0.675570
d1_alpha_conf,crisismmd,0,full,conf_n,800.000000
d1_alpha_conf,crisismmd,0,full,conf_mean,0.643099
d1_alpha_conf,crisismmd,0,full,conf_sd,0.135816
d1_alpha_conf,crisismmd,0,full,conf_q05,0.343791
d1_alpha_conf,crisismmd,0,full,conf_q25,0.608960
d1_alpha_conf,crisismmd,0,full,conf_q50,0.694438
d1_alpha_conf,crisismmd,0,full,conf_q75,0.732465
d1_alpha_conf,crisismmd,0,full,conf_q95,0.750814
d1_alpha_conf,crisismmd,0,full,n_flag_both,800.000000
d1_alpha_conf,crisismmd,0,full,n_flag_single,0.000000
d1_alpha_conf,crisismmd,1,full,onmi,0.629056
d1_alpha_conf,crisismmd,1,full,alpha_n,800.000000
d1_alpha_conf,crisismmd,1,full,alpha_mean,0.602996
d1_alpha_conf,crisismmd,1,full,alpha_sd,0.090797
d1_alpha_conf,crisismmd,1,full,alpha_q05,0.401367
d1_alpha_conf,crisismmd,1,full,alpha_q25,0.581768
d1_alpha_conf,crisismmd,1,full,alpha_q50,0.638450
d1_alpha_conf,crisismmd,1,full,alpha_q75,0.663266
d1_alpha_conf,crisismmd,1,full,alpha_q95,0.675209
d1_alpha_conf,crisismmd,1,full,conf_n,800.000000
d1_alpha_conf,crisismmd,1,full,conf_mean,0.647137
d1_alpha_conf,crisismmd,1,full,conf_sd,0.129710
d1_alpha_conf,crisismmd,1,full,conf_q05,0.359096
d1_alpha_conf,crisismmd,1,full,conf_q25,0.616812
d1_alpha_conf,crisismmd,1,full,conf_q50,0.697786
d1_alpha_conf,crisismmd,1,full,conf_q75,0.733238
d1_alpha_conf,crisismmd,1,full,conf_q95,0.750298
d1_alpha_conf,crisismmd,1,full,n_flag_both,800.000000
d1_alpha_conf,crisismmd,1,full,n_flag_single,0.000000
d1_alpha_conf,crisismmd,2,full,onmi,0.607619
d1_alpha_conf,crisismmd,2,full,alpha_n,800.000000
d1_alpha_conf,crisismmd,2,full,alpha_mean,0.600984
d1_alpha_conf,crisismmd,2,full,alpha_sd,0.093734
d1_alpha_conf,crisismmd,2,full,alpha_q05,0.402187
d1_alpha_conf,crisismmd,2,full,alpha_q25,0.573683
d1_alpha_conf,crisismmd,2,full,alpha_q50,0.639193
d1_alpha_conf,crisismmd,2,full,alpha_q75,0.664131
d1_alpha_conf,crisismmd,2,full,alpha_q95,0.674746
d1_alpha_conf,crisismmd,2,full,conf_n,800.000000
d1_alpha_conf,crisismmd,2,full,conf_mean,0.644262
d1_alpha_conf,crisismmd,2,full,conf_sd,0.133906
d1_alpha_conf,crisismmd,2,full,conf_q05,0.360268
d1_alpha_conf,crisismmd,2,full,conf_q25,0.605262
d1_alpha_conf,crisismmd,2,full,conf_q50,0.698847
d1_alpha_conf,crisismmd,2,full,conf_q75,0.734472
d1_alpha_conf,crisismmd,2,full,conf_q95,0.749637
d1_alpha_conf,crisismmd,2,full,n_flag_both,800.000000
d1_alpha_conf,crisismmd,2,full,n_flag_single,0.000000
d1_alpha_conf,crisismmd,0,text_only,onmi,0.669577
d1_alpha_conf,crisismmd,0,text_only,alpha_n,800.000000
d1_alpha_conf,crisismmd,0,text_only,alpha_mean,0.150000
d1_alpha_conf,crisismmd,0,text_only,alpha_sd,0.000000
d1_alpha_conf,crisismmd,0,text_only,alpha_q05,0.150000
d1_alpha_conf,crisismmd,0,text_only,alpha_q25,0.150000
d1_alpha_conf,crisismmd,0,text_only,alpha_q50,0.150000
d1_alpha_conf,crisismmd,0,text_only,alpha_q75,0.150000
d1_alpha_conf,crisismmd,0,text_only,alpha_q95,0.150000
d1_alpha_conf,crisismmd,0,text_only,conf_n,800.000000
d1_alpha_conf,crisismmd,0,text_only,conf_mean,0.000000
d1_alpha_conf,crisismmd,0,text_only,conf_sd,0.000000
d1_alpha_conf,crisismmd,0,text_only,conf_q05,0.000000
d1_alpha_conf,crisismmd,0,text_only,conf_q25,0.000000
d1_alpha_conf,crisismmd,0,text_only,conf_q50,0.000000
d1_alpha_conf,crisismmd,0,text_only,conf_q75,0.000000
d1_alpha_conf,crisismmd,0,text_only,conf_q95,0.000000
d1_alpha_conf,crisismmd,0,text_only,n_flag_both,0.000000
d1_alpha_conf,crisismmd,0,text_only,n_flag_single,800.000000
d1_alpha_conf,crisismmd,1,text_only,onmi,0.669577
d1_alpha_conf,crisismmd,1,text_only,alpha_n,800.000000
d1_alpha_conf,crisismmd,1,text_only,alpha_mean,0.150000
d1_alpha_conf,crisismmd,1,text_only,alpha_sd,0.000000
d1_alpha_conf,crisismmd,1,text_only,alpha_q05,0.150000
d1_alpha_conf,crisismmd,1,text_only,alpha_q25,0.150000
d1_alpha_conf,crisismmd,1,text_only,alpha_q50,0.150000
d1_alpha_conf,crisismmd,1,text_only,alpha_q75,0.150000
d1_alpha_conf,crisismmd,1,text_only,alpha_q95,0.150000
d1_alpha_conf,crisismmd,1,text_only,conf_n,800.000000
d1_alpha_conf,crisismmd,1,text_only,conf_mean,0.000000
d1_alpha_conf,crisismmd,1,text_only,conf_sd,0.000000
d1_alpha_conf,crisismmd,1,text_only,conf_q05,0.000000
d1_alpha_conf,crisismmd,1,text_only,conf_q25,0.000000
d1_alpha_conf,crisismmd,1,text_only,conf_q50,0.000000
d1_alpha_conf,crisismmd,1,text_only,conf_q75,0.000000
d1_alpha_conf,crisismmd,1,text_only,conf_q95,0.000000
d1_alpha_conf,crisismmd,1,text_only,n_flag_both,0.000000
d1_alpha_conf,crisismmd,1,text_only,n_flag_single,800.000000
d1_alpha_conf,crisismmd,2,text_only,onmi,0.552623
d1_alpha_conf,crisismmd,2,text_only,alpha_n,800.000000
d1_alpha_conf,crisismmd,2,text_only,alpha_mean,0.150000
d1_alpha_conf,crisismmd,2,text_only,alpha_sd,0.000000
d1_alpha_conf,crisismmd,2,text_only,alpha_q05,0.150000
d1_alpha_conf,crisismmd,2,text_only,alpha_q25,0.150000
d1_alpha_conf,crisismmd,2,text_only,alpha_q50,0.150000
d1_alpha_conf,crisismmd,2,text_only,alpha_q75,0.150000
d1_alpha_conf,crisismmd,2,text_only,alpha_q95,0.150000
d1_alpha_conf,crisismmd,2,text_only,conf_n,800.000000
d1_alpha_conf,crisismmd,2,text_only,conf_mean,0.000000
d1_alpha_conf,crisismmd,2,text_only,conf_sd,0.000000
d1_alpha_conf,crisismmd,2,text_only,conf_q05,0.000000
d1_alpha_conf,crisismmd,2,text_only,conf_q25,0.000000
d1_alpha_conf,crisismmd,2,text_only,conf_q50,0.000000
d1_alpha_conf,crisismmd,2,text_only,conf_q75,0.000000
d1_alpha_conf,crisismmd,2,text_only,conf_q95,0.000000
d1_alpha_conf,crisismmd,2,text_only,n_flag_both,0.000000
d1_alpha_conf,crisismmd,2,text_only,n_flag_single,800.000000
d1_alpha_conf,crisismmd,0,image_only,onmi,0.674704
d1_alpha_conf,crisismmd,0,image_only,alpha_n,800.000000
d1_alpha_conf,crisismmd,0,image_only,alpha_mean,0.150000
d1_alpha_conf,crisismmd,0,image_only,alpha_sd,0.000000
d1_alpha_conf,crisismmd,0,image_only,alpha_q05,0.150000
d1_alpha_conf,crisismmd,0,image_only,alpha_q25,0.150000
d1_alpha_conf,crisismmd,0,image_only,alpha_q50,0.150000
d1_alpha_conf,crisismmd,0,image_only,alpha_q75,0.150000
d1_alpha_conf,crisismmd,0,image_only,alpha_q95,0.150000
d1_alpha_conf,crisismmd,0,image_only,conf_n,800.000000
d1_alpha_conf,crisismmd,0,image_only,conf_mean,0.000000
d1_alpha_conf,crisismmd,0,image_only,conf_sd,0.000000
d1_alpha_conf,crisismmd,0,image_only,conf_q05,0.000000
d1_alpha_conf,crisismmd,0,image_only,conf_q25,0.000000
d1_alpha_conf,crisismmd,0,image_only,conf_q50,0.000000
d1_alpha_conf,crisismmd,0,image_only,conf_q75,0.000000
d1_alpha_conf,crisismmd,0,image_only,conf_q95,0.000000
d1_alpha_conf,crisismmd,0,image_only,n_flag_both,0.000000
d1_alpha_conf,crisismmd,0,image_only,n_flag_single,800.000000
d1_alpha_conf,crisismmd,1,image_only,onmi,0.654747
d1_alpha_conf,crisismmd,1,image_only,alpha_n,800.000000
d1_alpha_conf,crisismmd,1,image_only,alpha_mean,0.150000
d1_alpha_conf,crisismmd,1,image_only,alpha_sd,0.000000
d1_alpha_conf,crisismmd,1,image_only,alpha_q05,0.150000
d1_alpha_conf,crisismmd,1,image_only,alpha_q25,0.150000
d1_alpha_conf,crisismmd,1,image_only,alpha_q50,0.150000
d1_alpha_conf,crisismmd,1,image_only,alpha_q75,0.150000
d1_alpha_conf,crisismmd,1,image_only,alpha_q95,0.150000
d1_alpha_conf,crisismmd,1,image_only,conf_n,800.000000
d1_alpha_conf,crisismmd,1,image_only,conf_mean,0.000000
d1_alpha_conf,crisismmd,1,image_only,conf_sd,0.000000
d1_alpha_conf,crisismmd,1,image_only,conf_q05,0.000000
d1_alpha_conf,crisismmd,1,image_only,conf_q25,0.000000
d1_alpha_conf,crisismmd,1,image_only,conf_q50,0.000000
d1_alpha_conf,crisismmd,1,image_only,conf_q75,0.000000
d1_alpha_conf,crisismmd,1,image_only,conf_q95,0.000000
d1_alpha_conf,crisismmd,1,image_only,n_flag_both,0.000000
d1_alpha_conf,crisismmd,1,image_only,n_flag_single,800.000000
d1_alpha_conf,crisismmd,2,image_only,onmi,0.654216
d1_alpha_conf,crisismmd,2,image_only,alpha_n,800.000000
d1_alpha_conf,crisismmd,2,image_only,alpha_mean,0.150000
d1_alpha_conf,crisismmd,2,image_only,alpha_sd,0.000000
d1_alpha_conf,crisismmd,2,image_only,alpha_q05,0.150000
d1_alpha_conf,crisismmd,2,image_only,alpha_q25,0.150000
d1_alpha_conf,crisismmd,2,image_only,alpha_q50,0.150000
d1_alpha_conf,crisismmd,2,image_only,alpha_q75,0.150000
d1_alpha_conf,crisismmd,2,image_only,alpha_q95,0.150000
d1_alpha_conf,crisismmd,2,image_only,conf_n,800.000000
d1_alpha_conf,crisismmd,2,image_only,conf_mean,0.000000
d1_alpha_conf,crisismmd,2,image_only,conf_sd,0.000000
d1_alpha_conf,crisismmd,2,image_only,conf_q05,0.000000
d1_alpha_conf,crisismmd,2,image_only,conf_q25,0.000000
d1_alpha_conf,crisismmd,2,image_only,conf_q50,0.000000
d1_alpha_conf,crisismmd,2,image_only,conf_q75,0.000000
d1_alpha_conf,crisismmd,2,image_only,conf_q95,0.000000
d1_alpha_conf,crisismmd,2,image_only,n_flag_both,0.000000
d1_alpha_conf,crisismmd,2,image_only,n_flag_single,800.000000
d2_alpha_sweep,crisismmd,0,a=0.02,onmi,0.604266
d2_alpha_sweep,crisismmd,0,a=0.15,onmi,0.692087
d2_alpha_sweep,crisismmd,0,a=0.3,onmi,0.727217
d2_alpha_sweep,crisismmd,0,a=0.5,onmi,0.663226
d2_alpha_sweep,crisismmd,0,a=0.7,onmi,0.348149
d2_alpha_sweep,crisismmd,0,a=0.85,onmi,0.043781
d2_alpha_sweep,crisismmd,0,a=0.98,onmi,0.147714
d2_alpha_sweep,crisismmd,1,a=0.02,onmi,0.607245
d2_alpha_sweep,crisismmd,1,a=0.15,onmi,0.702945
d2_alpha_sweep,crisismmd,1,a=0.3,onmi,0.644625
d2_alpha_sweep,crisismmd,1,a=0.5,onmi,0.681917
d2_alpha_sweep,crisismmd,1,a=0.7,onmi,0.127423
d2_alpha_sweep,crisismmd,1,a=0.85,onmi,0.173086
d2_alpha_sweep,crisismmd,1,a=0.98,onmi,0.099111
d2_alpha_sweep,crisismmd,2,a=0.02,onmi,0.604012
d2_alpha_sweep,crisismmd,2,a=0.15,onmi,0.558783
d2_alpha_sweep,crisismmd,2,a=0.3,onmi,0.699898
d2_alpha_sweep,crisismmd,2,a=0.5,onmi,0.696652
d2_alpha_sweep,crisismmd,2,a=0.7,onmi,0.179244
d2_alpha_sweep,crisismmd,2,a=0.85,onmi,0.056524
d2_alpha_sweep,crisismmd,2,a=0.98,onmi,0.117288
d3_content_only,crisismmd,0,all,cca_fused_kmeans,0.173412
d3_content_only,crisismmd,0,all,cca_fused_fcm,0.087816
d3_content_only,crisismmd,0,all,raw_text_kmeans,0.457162
d3_content_only,crisismmd,0,all,raw_text_fcm,0.145537
d3_content_only,crisismmd,0,all,raw_image_kmeans,0.000000
d3_content_only,crisismmd,0,all,raw_image_fcm,0.002366
d3_content_only,crisismmd,0,all,raw_text+image_kmeans,0.394373
d3_content_only,crisismmd,0,all,raw_text+image_fcm,0.135795
d3_content_only,crisismmd,1,all,cca_fused_kmeans,0.144510
d3_content_only,crisismmd,1,all,cca_fused_fcm,0.097821
d3_content_only,crisismmd,1,all,raw_text_kmeans,0.456238
d3_content_only,crisismmd,1,all,raw_text_fcm,0.147302
d3_content_only,crisismmd,1,all,raw_image_kmeans,0.073214
d3_content_only,crisismmd,1,all,raw_image_fcm,0.002366
d3_content_only,crisismmd,1,all,raw_text+image_kmeans,0.406474
d3_content_only,crisismmd,1,all,raw_text+image_fcm,0.065738
d3_content_only,crisismmd,2,all,cca_fused_kmeans,0.166662
d3_content_only,crisismmd,2,all,cca_fused_fcm,0.116102
d3_content_only,crisismmd,2,all,raw_text_kmeans,0.450329
d3_content_only,crisismmd,2,all,raw_text_fcm,0.246467
d3_content_only,crisismmd,2,all,raw_image_kmeans,0.072001
d3_content_only,crisismmd,2,all,raw_image_fcm,0.002240
d3_content_only,crisismmd,2,all,raw_text+image_kmeans,0.420978
d3_content_only,crisismmd,2,all,raw_text+image_fcm,0.005359
d4_confidence,crisismmd,0,all,cca_fused_acc_overall,0.362500
d4_confidence,crisismmd,0,all,cca_fused_spearman_agreement,0.050318
d4_confidence,crisismmd,0,all,cca_fused_spearman_conf,0.050318
d4_confidence,crisismmd,0,all,cca_fused_acc_agq1,0.325000
d4_confidence,crisismmd,0,all,agq1_mean_agreement,0.640075
d4_confidence,crisismmd,0,all,cca_fused_acc_agq2,0.355000
d4_confidence,crisismmd,0,all,agq2_mean_agreement,0.846593
d4_confidence,crisismmd,0,all,cca_fused_acc_agq3,0.385000
d4_confidence,crisismmd,0,all,agq3_mean_agreement,0.916669
d4_confidence,crisismmd,0,all,cca_fused_acc_agq4,0.385000
d4_confidence,crisismmd,0,all,agq4_mean_agreement,0.965763
d4_confidence,crisismmd,0,all,raw_text_acc_overall,0.637500
d4_confidence,crisismmd,0,all,raw_text_spearman_agreement,0.055295
d4_confidence,crisismmd,0,all,raw_text_spearman_conf,0.055295
d4_confidence,crisismmd,0,all,raw_text_acc_agq1,0.620000
d4_confidence,crisismmd,0,all,raw_text_acc_agq2,0.620000
d4_confidence,crisismmd,0,all,raw_text_acc_agq3,0.620000
d4_confidence,crisismmd,0,all,raw_text_acc_agq4,0.690000
d4_confidence,crisismmd,1,all,cca_fused_acc_overall,0.391250
d4_confidence,crisismmd,1,all,cca_fused_spearman_agreement,0.032424
d4_confidence,crisismmd,1,all,cca_fused_spearman_conf,0.032424
d4_confidence,crisismmd,1,all,cca_fused_acc_agq1,0.360000
d4_confidence,crisismmd,1,all,agq1_mean_agreement,0.654571
d4_confidence,crisismmd,1,all,cca_fused_acc_agq2,0.365000
d4_confidence,crisismmd,1,all,agq2_mean_agreement,0.852024
d4_confidence,crisismmd,1,all,cca_fused_acc_agq3,0.455000
d4_confidence,crisismmd,1,all,agq3_mean_agreement,0.915176
d4_confidence,crisismmd,1,all,cca_fused_acc_agq4,0.385000
d4_confidence,crisismmd,1,all,agq4_mean_agreement,0.964549
d4_confidence,crisismmd,1,all,raw_text_acc_overall,0.658750
d4_confidence,crisismmd,1,all,raw_text_spearman_agreement,0.016879
d4_confidence,crisismmd,1,all,raw_text_spearman_conf,0.016879
d4_confidence,crisismmd,1,all,raw_text_acc_agq1,0.640000
d4_confidence,crisismmd,1,all,raw_text_acc_agq2,0.665000
d4_confidence,crisismmd,1,all,raw_text_acc_agq3,0.670000
d4_confidence,crisismmd,1,all,raw_text_acc_agq4,0.660000
d4_confidence,crisismmd,2,all,cca_fused_acc_overall,0.356250
d4_confidence,crisismmd,2,all,cca_fused_spearman_agreement,0.071517
d4_confidence,crisismmd,2,all,cca_fused_spearman_conf,0.071517
d4_confidence,crisismmd,2,all,cca_fused_acc_agq1,0.285000
d4_confidence,crisismmd,2,all,agq1_mean_agreement,0.641973
d4_confidence,crisismmd,2,all,cca_fused_acc_agq2,0.350000
d4_confidence,crisismmd,2,all,agq2_mean_agreement,0.848094
d4_confidence,crisismmd,2,all,cca_fused_acc_agq3,0.415000
d4_confidence,crisismmd,2,all,agq3_mean_agreement,0.920068
d4_confidence,crisismmd,2,all,cca_fused_acc_agq4,0.375000
d4_confidence,crisismmd,2,all,agq4_mean_agreement,0.964653
d4_confidence,crisismmd,2,all,raw_text_acc_overall,0.636250
d4_confidence,crisismmd,2,all,raw_text_spearman_agreement,0.074949
d4_confidence,crisismmd,2,all,raw_text_spearman_conf,0.074949
d4_confidence,crisismmd,2,all,raw_text_acc_agq1,0.590000
d4_confidence,crisismmd,2,all,raw_text_acc_agq2,0.610000
d4_confidence,crisismmd,2,all,raw_text_acc_agq3,0.670000
d4_confidence,crisismmd,2,all,raw_text_acc_agq4,0.675000
d6_agreement,crisismmd,0,full,n,800.000000
d6_agreement,crisismmd,0,full,mean,0.842275
d6_agreement,crisismmd,0,full,sd,0.148750
d6_agreement,crisismmd,0,full,q05,0.557436
d6_agreement,crisismmd,0,full,q25,0.795138
d6_agreement,crisismmd,0,full,q50,0.883969
d6_agreement,crisismmd,0,full,q75,0.940374
d6_agreement,crisismmd,0,full,q95,0.977842
d6_agreement,crisismmd,0,full,bimodality_coef,0.628327
d6_agreement,crisismmd,0,full,bic_gain_2_vs_1,437.465574
d7_mixed_space,crisismmd,0,all,n_single,0.000000
d7_mixed_space,crisismmd,1,all,n_single,0.000000
d7_mixed_space,crisismmd,2,all,n_single,0.000000
d5_cca,crisismmd,0,"cd=2,div=16",onmi,0.526607
d5_cca,crisismmd,0,"cd=2,div=16",alpha_mean,0.514611
d5_cca,crisismmd,0,"cd=2,div=16",conf_mean,0.520872
d5_cca,crisismmd,0,"cd=2,div=16",agr_n,800.000000
d5_cca,crisismmd,0,"cd=2,div=16",agr_mean,0.584489
d5_cca,crisismmd,0,"cd=2,div=16",agr_sd,0.562569
d5_cca,crisismmd,0,"cd=2,div=16",agr_q05,-0.794475
d5_cca,crisismmd,0,"cd=2,div=16",agr_q25,0.429982
d5_cca,crisismmd,0,"cd=2,div=16",agr_q50,0.868478
d5_cca,crisismmd,0,"cd=2,div=16",agr_q75,0.977712
d5_cca,crisismmd,0,"cd=2,div=16",agr_q95,0.999409
d5_cca,crisismmd,0,"cd=2,div=8",onmi,0.447727
d5_cca,crisismmd,0,"cd=2,div=8",alpha_mean,0.542215
d5_cca,crisismmd,0,"cd=2,div=8",conf_mean,0.560307
d5_cca,crisismmd,0,"cd=2,div=8",agr_n,800.000000
d5_cca,crisismmd,0,"cd=2,div=8",agr_mean,0.669129
d5_cca,crisismmd,0,"cd=2,div=8",agr_sd,0.494832
d5_cca,crisismmd,0,"cd=2,div=8",agr_q05,-0.617457
d5_cca,crisismmd,0,"cd=2,div=8",agr_q25,0.591648
d5_cca,crisismmd,0,"cd=2,div=8",agr_q50,0.901898
d5_cca,crisismmd,0,"cd=2,div=8",agr_q75,0.981939
d5_cca,crisismmd,0,"cd=2,div=8",agr_q95,0.999365
d5_cca,crisismmd,0,"cd=2,div=4",onmi,0.312385
d5_cca,crisismmd,0,"cd=2,div=4",alpha_mean,0.597566
d5_cca,crisismmd,0,"cd=2,div=4",conf_mean,0.639380
d5_cca,crisismmd,0,"cd=2,div=4",agr_n,800.000000
d5_cca,crisismmd,0,"cd=2,div=4",agr_mean,0.797903
d5_cca,crisismmd,0,"cd=2,div=4",agr_sd,0.401188
d5_cca,crisismmd,0,"cd=2,div=4",agr_q05,-0.258796
d5_cca,crisismmd,0,"cd=2,div=4",agr_q25,0.841196
d5_cca,crisismmd,0,"cd=2,div=4",agr_q50,0.963413
d5_cca,crisismmd,0,"cd=2,div=4",agr_q75,0.993175
d5_cca,crisismmd,0,"cd=2,div=4",agr_q95,0.999874
d5_cca,crisismmd,0,"cd=4,div=16",onmi,0.548633
d5_cca,crisismmd,0,"cd=4,div=16",alpha_mean,0.500203
d5_cca,crisismmd,0,"cd=4,div=16",conf_mean,0.500290
d5_cca,crisismmd,0,"cd=4,div=16",agr_n,800.000000
d5_cca,crisismmd,0,"cd=4,div=16",agr_mean,0.639155
d5_cca,crisismmd,0,"cd=4,div=16",agr_sd,0.373047
d5_cca,crisismmd,0,"cd=4,div=16",agr_q05,-0.197012
d5_cca,crisismmd,0,"cd=4,div=16",agr_q25,0.477256
d5_cca,crisismmd,0,"cd=4,div=16",agr_q50,0.774158
d5_cca,crisismmd,0,"cd=4,div=16",agr_q75,0.912832
d5_cca,crisismmd,0,"cd=4,div=16",agr_q95,0.980284
d5_cca,crisismmd,0,"cd=4,div=8",onmi,0.545042
d5_cca,crisismmd,0,"cd=4,div=8",alpha_mean,0.534574
d5_cca,crisismmd,0,"cd=4,div=8",conf_mean,0.549391
d5_cca,crisismmd,0,"cd=4,div=8",agr_n,800.000000
d5_cca,crisismmd,0,"cd=4,div=8",agr_mean,0.720007
d5_cca,crisismmd,0,"cd=4,div=8",agr_sd,0.302420
d5_cca,crisismmd,0,"cd=4,div=8",agr_q05,0.064561
d5_cca,crisismmd,0,"cd=4,div=8",agr_q25,0.613556
d5_cca,crisismmd,0,"cd=4,div=8",agr_q50,0.824889
d5_cca,crisismmd,0,"cd=4,div=8",agr_q75,0.930416
d5_cca,crisismmd,0,"cd=4,div=8",agr_q95,0.981330
d5_cca,crisismmd,0,"cd=4,div=4",onmi,0.410476
d5_cca,crisismmd,0,"cd=4,div=4",alpha_mean,0.600629
d5_cca,crisismmd,0,"cd=4,div=4",conf_mean,0.643756
d5_cca,crisismmd,0,"cd=4,div=4",agr_n,800.000000
d5_cca,crisismmd,0,"cd=4,div=4",agr_mean,0.840589
d5_cca,crisismmd,0,"cd=4,div=4",agr_sd,0.215030
d5_cca,crisismmd,0,"cd=4,div=4",agr_q05,0.337145
d5_cca,crisismmd,0,"cd=4,div=4",agr_q25,0.816956
d5_cca,crisismmd,0,"cd=4,div=4",agr_q50,0.922382
d5_cca,crisismmd,0,"cd=4,div=4",agr_q75,0.967196
d5_cca,crisismmd,0,"cd=4,div=4",agr_q95,0.992795
d5_cca,crisismmd,0,"cd=8,div=16",onmi,0.758787
d5_cca,crisismmd,0,"cd=8,div=16",alpha_mean,0.464802
d5_cca,crisismmd,0,"cd=8,div=16",conf_mean,0.449717
d5_cca,crisismmd,0,"cd=8,div=16",agr_n,800.000000
d5_cca,crisismmd,0,"cd=8,div=16",agr_mean,0.615005
d5_cca,crisismmd,0,"cd=8,div=16",agr_sd,0.279279
d5_cca,crisismmd,0,"cd=8,div=16",agr_q05,0.073811
d5_cca,crisismmd,0,"cd=8,div=16",agr_q25,0.446034
d5_cca,crisismmd,0,"cd=8,div=16",agr_q50,0.682026
d5_cca,crisismmd,0,"cd=8,div=16",agr_q75,0.835725
d5_cca,crisismmd,0,"cd=8,div=16",agr_q95,0.932608
d5_cca,crisismmd,0,"cd=8,div=8",onmi,0.704083
d5_cca,crisismmd,0,"cd=8,div=8",alpha_mean,0.512660
d5_cca,crisismmd,0,"cd=8,div=8",conf_mean,0.518085
d5_cca,crisismmd,0,"cd=8,div=8",agr_n,800.000000
d5_cca,crisismmd,0,"cd=8,div=8",agr_mean,0.702114
d5_cca,crisismmd,0,"cd=8,div=8",agr_sd,0.231641
d5_cca,crisismmd,0,"cd=8,div=8",agr_q05,0.263959
d5_cca,crisismmd,0,"cd=8,div=8",agr_q25,0.591329
d5_cca,crisismmd,0,"cd=8,div=8",agr_q50,0.762445
d5_cca,crisismmd,0,"cd=8,div=8",agr_q75,0.875799
d5_cca,crisismmd,0,"cd=8,div=8",agr_q95,0.950086
d5_cca,crisismmd,0,"cd=8,div=4",onmi,0.590905
d5_cca,crisismmd,0,"cd=8,div=4",alpha_mean,0.600169
d5_cca,crisismmd,0,"cd=8,div=4",conf_mean,0.643099
d5_cca,crisismmd,0,"cd=8,div=4",agr_n,800.000000
d5_cca,crisismmd,0,"cd=8,div=4",agr_mean,0.842275
d5_cca,crisismmd,0,"cd=8,div=4",agr_sd,0.148750
d5_cca,crisismmd,0,"cd=8,div=4",agr_q05,0.557436
d5_cca,crisismmd,0,"cd=8,div=4",agr_q25,0.795138
d5_cca,crisismmd,0,"cd=8,div=4",agr_q50,0.883969
d5_cca,crisismmd,0,"cd=8,div=4",agr_q75,0.940374
d5_cca,crisismmd,0,"cd=8,div=4",agr_q95,0.977842
d5_cca,crisismmd,0,"cd=16,div=16",onmi,0.725171
d5_cca,crisismmd,0,"cd=16,div=16",alpha_mean,0.409625
d5_cca,crisismmd,0,"cd=16,div=16",conf_mean,0.370893
d5_cca,crisismmd,0,"cd=16,div=16",agr_n,800.000000
d5_cca,crisismmd,0,"cd=16,div=16",agr_mean,0.545629
d5_cca,crisismmd,0,"cd=16,div=16",agr_sd,0.221982
d5_cca,crisismmd,0,"cd=16,div=16",agr_q05,0.148700
d5_cca,crisismmd,0,"cd=16,div=16",agr_q25,0.405205
d5_cca,crisismmd,0,"cd=16,div=16",agr_q50,0.573969
d5_cca,crisismmd,0,"cd=16,div=16",agr_q75,0.716190
d5_cca,crisismmd,0,"cd=16,div=16",agr_q95,0.854606
d5_cca,crisismmd,0,"cd=16,div=8",onmi,0.613509
d5_cca,crisismmd,0,"cd=16,div=8",alpha_mean,0.485695
d5_cca,crisismmd,0,"cd=16,div=8",conf_mean,0.479565
d5_cca,crisismmd,0,"cd=16,div=8",agr_n,800.000000
d5_cca,crisismmd,0,"cd=16,div=8",agr_mean,0.672877
d5_cca,crisismmd,0,"cd=16,div=8",agr_sd,0.173727
d5_cca,crisismmd,0,"cd=16,div=8",agr_q05,0.363071
d5_cca,crisismmd,0,"cd=16,div=8",agr_q25,0.559449
d5_cca,crisismmd,0,"cd=16,div=8",agr_q50,0.707707
d5_cca,crisismmd,0,"cd=16,div=8",agr_q75,0.808044
d5_cca,crisismmd,0,"cd=16,div=8",agr_q95,0.894658
d5_cca,crisismmd,0,"cd=16,div=4",onmi,0.556155
d5_cca,crisismmd,0,"cd=16,div=4",alpha_mean,0.595042
d5_cca,crisismmd,0,"cd=16,div=4",conf_mean,0.635774
d5_cca,crisismmd,0,"cd=16,div=4",agr_n,800.000000
d5_cca,crisismmd,0,"cd=16,div=4",agr_mean,0.833149
d5_cca,crisismmd,0,"cd=16,div=4",agr_sd,0.113131
d5_cca,crisismmd,0,"cd=16,div=4",agr_q05,0.589827
d5_cca,crisismmd,0,"cd=16,div=4",agr_q25,0.773970
d5_cca,crisismmd,0,"cd=16,div=4",agr_q50,0.863707
d5_cca,crisismmd,0,"cd=16,div=4",agr_q75,0.917524
d5_cca,crisismmd,0,"cd=16,div=4",agr_q95,0.960515
d5_cca,crisismmd,1,"cd=2,div=16",onmi,0.521652
d5_cca,crisismmd,1,"cd=2,div=16",alpha_mean,0.511450
d5_cca,crisismmd,1,"cd=2,div=16",conf_mean,0.516357
d5_cca,crisismmd,1,"cd=2,div=16",agr_n,800.000000
d5_cca,crisismmd,1,"cd=2,div=16",agr_mean,0.583996
d5_cca,crisismmd,1,"cd=2,div=16",agr_sd,0.554118
d5_cca,crisismmd,1,"cd=2,div=16",agr_q05,-0.784662
d5_cca,crisismmd,1,"cd=2,div=16",agr_q25,0.378677
d5_cca,crisismmd,1,"cd=2,div=16",agr_q50,0.853970
d5_cca,crisismmd,1,"cd=2,div=16",agr_q75,0.980505
d5_cca,crisismmd,1,"cd=2,div=16",agr_q95,0.999700
d5_cca,crisismmd,1,"cd=2,div=8",onmi,0.445469
d5_cca,crisismmd,1,"cd=2,div=8",alpha_mean,0.540210
d5_cca,crisismmd,1,"cd=2,div=8",conf_mean,0.557443
d5_cca,crisismmd,1,"cd=2,div=8",agr_n,800.000000
d5_cca,crisismmd,1,"cd=2,div=8",agr_mean,0.661739
d5_cca,crisismmd,1,"cd=2,div=8",agr_sd,0.499726
d5_cca,crisismmd,1,"cd=2,div=8",agr_q05,-0.562111
d5_cca,crisismmd,1,"cd=2,div=8",agr_q25,0.580124
d5_cca,crisismmd,1,"cd=2,div=8",agr_q50,0.898496
d5_cca,crisismmd,1,"cd=2,div=8",agr_q75,0.985193
d5_cca,crisismmd,1,"cd=2,div=8",agr_q95,0.999546
d5_cca,crisismmd,1,"cd=2,div=4",onmi,0.301105
d5_cca,crisismmd,1,"cd=2,div=4",alpha_mean,0.593156
d5_cca,crisismmd,1,"cd=2,div=4",conf_mean,0.633080
d5_cca,crisismmd,1,"cd=2,div=4",agr_n,800.000000
d5_cca,crisismmd,1,"cd=2,div=4",agr_mean,0.790007
d5_cca,crisismmd,1,"cd=2,div=4",agr_sd,0.406770
d5_cca,crisismmd,1,"cd=2,div=4",agr_q05,-0.207804
d5_cca,crisismmd,1,"cd=2,div=4",agr_q25,0.817817
d5_cca,crisismmd,1,"cd=2,div=4",agr_q50,0.960632
d5_cca,crisismmd,1,"cd=2,div=4",agr_q75,0.994178
d5_cca,crisismmd,1,"cd=2,div=4",agr_q95,0.999652
d5_cca,crisismmd,1,"cd=4,div=16",onmi,0.554934
d5_cca,crisismmd,1,"cd=4,div=16",alpha_mean,0.498639
d5_cca,crisismmd,1,"cd=4,div=16",conf_mean,0.498055
d5_cca,crisismmd,1,"cd=4,div=16",agr_n,800.000000
d5_cca,crisismmd,1,"cd=4,div=16",agr_mean,0.635862
d5_cca,crisismmd,1,"cd=4,div=16",agr_sd,0.375326
d5_cca,crisismmd,1,"cd=4,div=16",agr_q05,-0.169086
d5_cca,crisismmd,1,"cd=4,div=16",agr_q25,0.477059
d5_cca,crisismmd,1,"cd=4,div=16",agr_q50,0.771700
d5_cca,crisismmd,1,"cd=4,div=16",agr_q75,0.914104
d5_cca,crisismmd,1,"cd=4,div=16",agr_q95,0.979475
d5_cca,crisismmd,1,"cd=4,div=8",onmi,0.549301
d5_cca,crisismmd,1,"cd=4,div=8",alpha_mean,0.534402
d5_cca,crisismmd,1,"cd=4,div=8",conf_mean,0.549146
d5_cca,crisismmd,1,"cd=4,div=8",agr_n,800.000000
d5_cca,crisismmd,1,"cd=4,div=8",agr_mean,0.720915
d5_cca,crisismmd,1,"cd=4,div=8",agr_sd,0.301265
d5_cca,crisismmd,1,"cd=4,div=8",agr_q05,0.084202
d5_cca,crisismmd,1,"cd=4,div=8",agr_q25,0.602636
d5_cca,crisismmd,1,"cd=4,div=8",agr_q50,0.832909
d5_cca,crisismmd,1,"cd=4,div=8",agr_q75,0.930935
d5_cca,crisismmd,1,"cd=4,div=8",agr_q95,0.983782
d5_cca,crisismmd,1,"cd=4,div=4",onmi,0.416982
d5_cca,crisismmd,1,"cd=4,div=4",alpha_mean,0.599620
d5_cca,crisismmd,1,"cd=4,div=4",conf_mean,0.642314
d5_cca,crisismmd,1,"cd=4,div=4",agr_n,800.000000
d5_cca,crisismmd,1,"cd=4,div=4",agr_mean,0.835540
d5_cca,crisismmd,1,"cd=4,div=4",agr_sd,0.233190
d5_cca,crisismmd,1,"cd=4,div=4",agr_q05,0.369823
d5_cca,crisismmd,1,"cd=4,div=4",agr_q25,0.809505
d5_cca,crisismmd,1,"cd=4,div=4",agr_q50,0.920629
d5_cca,crisismmd,1,"cd=4,div=4",agr_q75,0.969690
d5_cca,crisismmd,1,"cd=4,div=4",agr_q95,0.992977
d5_cca,crisismmd,1,"cd=8,div=16",onmi,0.695740
d5_cca,crisismmd,1,"cd=8,div=16",alpha_mean,0.464393
d5_cca,crisismmd,1,"cd=8,div=16",conf_mean,0.449133
d5_cca,crisismmd,1,"cd=8,div=16",agr_n,800.000000
d5_cca,crisismmd,1,"cd=8,div=16",agr_mean,0.613185
d5_cca,crisismmd,1,"cd=8,div=16",agr_sd,0.282526
d5_cca,crisismmd,1,"cd=8,div=16",agr_q05,0.055481
d5_cca,crisismmd,1,"cd=8,div=16",agr_q25,0.450328
d5_cca,crisismmd,1,"cd=8,div=16",agr_q50,0.687728
d5_cca,crisismmd,1,"cd=8,div=16",agr_q75,0.826690
d5_cca,crisismmd,1,"cd=8,div=16",agr_q95,0.934533
d5_cca,crisismmd,1,"cd=8,div=8",onmi,0.681104
d5_cca,crisismmd,1,"cd=8,div=8",alpha_mean,0.512085
d5_cca,crisismmd,1,"cd=8,div=8",conf_mean,0.517264
d5_cca,crisismmd,1,"cd=8,div=8",agr_n,800.000000
d5_cca,crisismmd,1,"cd=8,div=8",agr_mean,0.700691
d5_cca,crisismmd,1,"cd=8,div=8",agr_sd,0.232934
d5_cca,crisismmd,1,"cd=8,div=8",agr_q05,0.251415
d5_cca,crisismmd,1,"cd=8,div=8",agr_q25,0.583957
d5_cca,crisismmd,1,"cd=8,div=8",agr_q50,0.768705
d5_cca,crisismmd,1,"cd=8,div=8",agr_q75,0.871461
d5_cca,crisismmd,1,"cd=8,div=8",agr_q95,0.949495
d5_cca,crisismmd,1,"cd=8,div=4",onmi,0.629056
d5_cca,crisismmd,1,"cd=8,div=4",alpha_mean,0.602996
d5_cca,crisismmd,1,"cd=8,div=4",conf_mean,0.647137
d5_cca,crisismmd,1,"cd=8,div=4",agr_n,800.000000
d5_cca,crisismmd,1,"cd=8,div=4",agr_mean,0.846580
d5_cca,crisismmd,1,"cd=8,div=4",agr_sd,0.140575
d5_cca,crisismmd,1,"cd=8,div=4",agr_q05,0.573797
d5_cca,crisismmd,1,"cd=8,div=4",agr_q25,0.802247
d5_cca,crisismmd,1,"cd=8,div=4",agr_q50,0.888257
d5_cca,crisismmd,1,"cd=8,div=4",agr_q75,0.941758
d5_cca,crisismmd,1,"cd=8,div=4",agr_q95,0.976620
d5_cca,crisismmd,1,"cd=16,div=16",onmi,0.727565
d5_cca,crisismmd,1,"cd=16,div=16",alpha_mean,0.411948
d5_cca,crisismmd,1,"cd=16,div=16",conf_mean,0.374212
d5_cca,crisismmd,1,"cd=16,div=16",agr_n,800.000000
d5_cca,crisismmd,1,"cd=16,div=16",agr_mean,0.549410
d5_cca,crisismmd,1,"cd=16,div=16",agr_sd,0.221436
d5_cca,crisismmd,1,"cd=16,div=16",agr_q05,0.139978
d5_cca,crisismmd,1,"cd=16,div=16",agr_q25,0.410076
d5_cca,crisismmd,1,"cd=16,div=16",agr_q50,0.593608
d5_cca,crisismmd,1,"cd=16,div=16",agr_q75,0.714888
d5_cca,crisismmd,1,"cd=16,div=16",agr_q95,0.857359
d5_cca,crisismmd,1,"cd=16,div=8",onmi,0.692316
d5_cca,crisismmd,1,"cd=16,div=8",alpha_mean,0.484388
d5_cca,crisismmd,1,"cd=16,div=8",conf_mean,0.477698
d5_cca,crisismmd,1,"cd=16,div=8",agr_n,800.000000
d5_cca,crisismmd,1,"cd=16,div=8",agr_mean,0.670157
d5_cca,crisismmd,1,"cd=16,div=8",agr_sd,0.178557
d5_cca,crisismmd,1,"cd=16,div=8",agr_q05,0.316245
d5_cca,crisismmd,1,"cd=16,div=8",agr_q25,0.563799
d5_cca,crisismmd,1,"cd=16,div=8",agr_q50,0.696067
d5_cca,crisismmd,1,"cd=16,div=8",agr_q75,0.808072
d5_cca,crisismmd,1,"cd=16,div=8",agr_q95,0.896333
d5_cca,crisismmd,1,"cd=16,div=4",onmi,0.502950
d5_cca,crisismmd,1,"cd=16,div=4",alpha_mean,0.595227
d5_cca,crisismmd,1,"cd=16,div=4",conf_mean,0.636038
d5_cca,crisismmd,1,"cd=16,div=4",agr_n,800.000000
d5_cca,crisismmd,1,"cd=16,div=4",agr_mean,0.832886
d5_cca,crisismmd,1,"cd=16,div=4",agr_sd,0.111479
d5_cca,crisismmd,1,"cd=16,div=4",agr_q05,0.602040
d5_cca,crisismmd,1,"cd=16,div=4",agr_q25,0.778500
d5_cca,crisismmd,1,"cd=16,div=4",agr_q50,0.860766
d5_cca,crisismmd,1,"cd=16,div=4",agr_q75,0.915437
d5_cca,crisismmd,1,"cd=16,div=4",agr_q95,0.960209
d5_cca,crisismmd,2,"cd=2,div=16",onmi,0.519311
d5_cca,crisismmd,2,"cd=2,div=16",alpha_mean,0.516539
d5_cca,crisismmd,2,"cd=2,div=16",conf_mean,0.523628
d5_cca,crisismmd,2,"cd=2,div=16",agr_n,800.000000
d5_cca,crisismmd,2,"cd=2,div=16",agr_mean,0.582392
d5_cca,crisismmd,2,"cd=2,div=16",agr_sd,0.572927
d5_cca,crisismmd,2,"cd=2,div=16",agr_q05,-0.849423
d5_cca,crisismmd,2,"cd=2,div=16",agr_q25,0.414225
d5_cca,crisismmd,2,"cd=2,div=16",agr_q50,0.869952
d5_cca,crisismmd,2,"cd=2,div=16",agr_q75,0.981048
d5_cca,crisismmd,2,"cd=2,div=16",agr_q95,0.999218
d5_cca,crisismmd,2,"cd=2,div=8",onmi,0.464738
d5_cca,crisismmd,2,"cd=2,div=8",alpha_mean,0.532240
d5_cca,crisismmd,2,"cd=2,div=8",conf_mean,0.546058
d5_cca,crisismmd,2,"cd=2,div=8",agr_n,800.000000
d5_cca,crisismmd,2,"cd=2,div=8",agr_mean,0.640522
d5_cca,crisismmd,2,"cd=2,div=8",agr_sd,0.517391
d5_cca,crisismmd,2,"cd=2,div=8",agr_q05,-0.594235
d5_cca,crisismmd,2,"cd=2,div=8",agr_q25,0.533998
d5_cca,crisismmd,2,"cd=2,div=8",agr_q50,0.894840
d5_cca,crisismmd,2,"cd=2,div=8",agr_q75,0.982986
d5_cca,crisismmd,2,"cd=2,div=8",agr_q95,0.999398
d5_cca,crisismmd,2,"cd=2,div=4",onmi,0.237302
d5_cca,crisismmd,2,"cd=2,div=4",alpha_mean,0.603677
d5_cca,crisismmd,2,"cd=2,div=4",conf_mean,0.648110
d5_cca,crisismmd,2,"cd=2,div=4",agr_n,800.000000
d5_cca,crisismmd,2,"cd=2,div=4",agr_mean,0.813146
d5_cca,crisismmd,2,"cd=2,div=4",agr_sd,0.386423
d5_cca,crisismmd,2,"cd=2,div=4",agr_q05,0.015488
d5_cca,crisismmd,2,"cd=2,div=4",agr_q25,0.848599
d5_cca,crisismmd,2,"cd=2,div=4",agr_q50,0.962982
d5_cca,crisismmd,2,"cd=2,div=4",agr_q75,0.992949
d5_cca,crisismmd,2,"cd=2,div=4",agr_q95,0.999715
d5_cca,crisismmd,2,"cd=4,div=16",onmi,0.536217
d5_cca,crisismmd,2,"cd=4,div=16",alpha_mean,0.499789
d5_cca,crisismmd,2,"cd=4,div=16",conf_mean,0.499699
d5_cca,crisismmd,2,"cd=4,div=16",agr_n,800.000000
d5_cca,crisismmd,2,"cd=4,div=16",agr_mean,0.639025
d5_cca,crisismmd,2,"cd=4,div=16",agr_sd,0.376012
d5_cca,crisismmd,2,"cd=4,div=16",agr_q05,-0.182899
d5_cca,crisismmd,2,"cd=4,div=16",agr_q25,0.481775
d5_cca,crisismmd,2,"cd=4,div=16",agr_q50,0.780502
d5_cca,crisismmd,2,"cd=4,div=16",agr_q75,0.914187
d5_cca,crisismmd,2,"cd=4,div=16",agr_q95,0.980319
d5_cca,crisismmd,2,"cd=4,div=8",onmi,0.551634
d5_cca,crisismmd,2,"cd=4,div=8",alpha_mean,0.528595
d5_cca,crisismmd,2,"cd=4,div=8",conf_mean,0.540850
d5_cca,crisismmd,2,"cd=4,div=8",agr_n,800.000000
d5_cca,crisismmd,2,"cd=4,div=8",agr_mean,0.707135
d5_cca,crisismmd,2,"cd=4,div=8",agr_sd,0.318715
d5_cca,crisismmd,2,"cd=4,div=8",agr_q05,0.060522
d5_cca,crisismmd,2,"cd=4,div=8",agr_q25,0.598781
d5_cca,crisismmd,2,"cd=4,div=8",agr_q50,0.821730
d5_cca,crisismmd,2,"cd=4,div=8",agr_q75,0.933349
d5_cca,crisismmd,2,"cd=4,div=8",agr_q95,0.982357
d5_cca,crisismmd,2,"cd=4,div=4",onmi,0.423013
d5_cca,crisismmd,2,"cd=4,div=4",alpha_mean,0.603313
d5_cca,crisismmd,2,"cd=4,div=4",conf_mean,0.647591
d5_cca,crisismmd,2,"cd=4,div=4",agr_n,800.000000
d5_cca,crisismmd,2,"cd=4,div=4",agr_mean,0.843673
d5_cca,crisismmd,2,"cd=4,div=4",agr_sd,0.218485
d5_cca,crisismmd,2,"cd=4,div=4",agr_q05,0.440454
d5_cca,crisismmd,2,"cd=4,div=4",agr_q25,0.815912
d5_cca,crisismmd,2,"cd=4,div=4",agr_q50,0.920119
d5_cca,crisismmd,2,"cd=4,div=4",agr_q75,0.968695
d5_cca,crisismmd,2,"cd=4,div=4",agr_q95,0.992258
d5_cca,crisismmd,2,"cd=8,div=16",onmi,0.754236
d5_cca,crisismmd,2,"cd=8,div=16",alpha_mean,0.463897
d5_cca,crisismmd,2,"cd=8,div=16",conf_mean,0.448425
d5_cca,crisismmd,2,"cd=8,div=16",agr_n,800.000000
d5_cca,crisismmd,2,"cd=8,div=16",agr_mean,0.611741
d5_cca,crisismmd,2,"cd=8,div=16",agr_sd,0.283431
d5_cca,crisismmd,2,"cd=8,div=16",agr_q05,0.058916
d5_cca,crisismmd,2,"cd=8,div=16",agr_q25,0.447863
d5_cca,crisismmd,2,"cd=8,div=16",agr_q50,0.694202
d5_cca,crisismmd,2,"cd=8,div=16",agr_q75,0.833904
d5_cca,crisismmd,2,"cd=8,div=16",agr_q95,0.932459
d5_cca,crisismmd,2,"cd=8,div=8",onmi,0.739763
d5_cca,crisismmd,2,"cd=8,div=8",alpha_mean,0.514971
d5_cca,crisismmd,2,"cd=8,div=8",conf_mean,0.521387
d5_cca,crisismmd,2,"cd=8,div=8",agr_n,800.000000
d5_cca,crisismmd,2,"cd=8,div=8",agr_mean,0.705250
d5_cca,crisismmd,2,"cd=8,div=8",agr_sd,0.230564
d5_cca,crisismmd,2,"cd=8,div=8",agr_q05,0.251556
d5_cca,crisismmd,2,"cd=8,div=8",agr_q25,0.598484
d5_cca,crisismmd,2,"cd=8,div=8",agr_q50,0.775843
d5_cca,crisismmd,2,"cd=8,div=8",agr_q75,0.875107
d5_cca,crisismmd,2,"cd=8,div=8",agr_q95,0.950852
d5_cca,crisismmd,2,"cd=8,div=4",onmi,0.607619
d5_cca,crisismmd,2,"cd=8,div=4",alpha_mean,0.600984
d5_cca,crisismmd,2,"cd=8,div=4",conf_mean,0.644262
d5_cca,crisismmd,2,"cd=8,div=4",agr_n,800.000000
d5_cca,crisismmd,2,"cd=8,div=4",agr_mean,0.843697
d5_cca,crisismmd,2,"cd=8,div=4",agr_sd,0.148221
d5_cca,crisismmd,2,"cd=8,div=4",agr_q05,0.575018
d5_cca,crisismmd,2,"cd=8,div=4",agr_q25,0.791832
d5_cca,crisismmd,2,"cd=8,div=4",agr_q50,0.889637
d5_cca,crisismmd,2,"cd=8,div=4",agr_q75,0.943998
d5_cca,crisismmd,2,"cd=8,div=4",agr_q95,0.975073
d5_cca,crisismmd,2,"cd=16,div=16",onmi,0.681293
d5_cca,crisismmd,2,"cd=16,div=16",alpha_mean,0.410480
d5_cca,crisismmd,2,"cd=16,div=16",conf_mean,0.372115
d5_cca,crisismmd,2,"cd=16,div=16",agr_n,800.000000
d5_cca,crisismmd,2,"cd=16,div=16",agr_mean,0.546031
d5_cca,crisismmd,2,"cd=16,div=16",agr_sd,0.223411
d5_cca,crisismmd,2,"cd=16,div=16",agr_q05,0.118430
d5_cca,crisismmd,2,"cd=16,div=16",agr_q25,0.403580
d5_cca,crisismmd,2,"cd=16,div=16",agr_q50,0.578952
d5_cca,crisismmd,2,"cd=16,div=16",agr_q75,0.721745
d5_cca,crisismmd,2,"cd=16,div=16",agr_q95,0.847018
d5_cca,crisismmd,2,"cd=16,div=8",onmi,0.722748
d5_cca,crisismmd,2,"cd=16,div=8",alpha_mean,0.487327
d5_cca,crisismmd,2,"cd=16,div=8",conf_mean,0.481896
d5_cca,crisismmd,2,"cd=16,div=8",agr_n,800.000000
d5_cca,crisismmd,2,"cd=16,div=8",agr_mean,0.675107
d5_cca,crisismmd,2,"cd=16,div=8",agr_sd,0.173156
d5_cca,crisismmd,2,"cd=16,div=8",agr_q05,0.366789
d5_cca,crisismmd,2,"cd=16,div=8",agr_q25,0.570726
d5_cca,crisismmd,2,"cd=16,div=8",agr_q50,0.707815
d5_cca,crisismmd,2,"cd=16,div=8",agr_q75,0.808459
d5_cca,crisismmd,2,"cd=16,div=8",agr_q95,0.895229
d5_cca,crisismmd,2,"cd=16,div=4",onmi,0.492920
d5_cca,crisismmd,2,"cd=16,div=4",alpha_mean,0.595185
d5_cca,crisismmd,2,"cd=16,div=4",conf_mean,0.635979
d5_cca,crisismmd,2,"cd=16,div=4",agr_n,800.000000
d5_cca,crisismmd,2,"cd=16,div=4",agr_mean,0.832632
d5_cca,crisismmd,2,"cd=16,div=4",agr_sd,0.112953
d5_cca,crisismmd,2,"cd=16,div=4",agr_q05,0.605774
d5_cca,crisismmd,2,"cd=16,div=4",agr_q25,0.783984
d5_cca,crisismmd,2,"cd=16,div=4",agr_q50,0.860296
d5_cca,crisismmd,2,"cd=16,div=4",agr_q75,0.912719
d5_cca,crisismmd,2,"cd=16,div=4",agr_q95,0.960820
