part,dataset,variant,k,seed,k_true,onmi,modularity,f1,error,secs
A,crisismmd,robust,2,0,7,0.1475954394350999,0.3514221694202835,0.5462020074504066,,2.81
A,crisismmd,robust,2,2,7,0.1493547978393338,0.35095269618377223,0.5457456866634969,,2.88
A,crisismmd,robust,2,1,7,0.14952960651342007,0.3514221694202835,0.5472825449856398,,2.97
A,crisismmd,default,2,1,7,0.08481941685440675,0.3136152133510381,0.45934814979356053,,3.33
A,crisismmd,default,2,2,7,0.07390536592995722,0.3395478414000046,0.4489675552545712,,3.41
A,crisismmd,default,2,0,7,0.09036128234134688,0.3442671529681155,0.44942491549437186,,3.48
A,crisismmd,robust,3,0,7,0.3163158350944475,0.49742882710009617,0.7215462216871913,,0.44
A,crisismmd,robust,3,2,7,0.3146594078196573,0.4973256990398547,0.7201955427349689,,0.42
A,crisismmd,default,3,0,7,0.28233816132429235,0.4872175384139473,0.6821483389280685,,1.11
A,crisismmd,robust,3,1,7,0.3158594997888423,0.4973256990398547,0.7211125070549751,,0.56
A,crisismmd,default,3,2,7,0.28123126037362467,0.4901867898100774,0.6772704323296326,,1.01
A,crisismmd,default,3,1,7,0.278580577666538,0.49061725009885027,0.6771772325543649,,1.12
A,crisismmd,robust,4,0,7,0.5072149706151765,0.5336072802302336,0.8218203313001577,,0.41
A,crisismmd,robust,4,2,7,0.5073187459711236,0.533799792915508,0.8223881612362507,,0.42
A,crisismmd,robust,4,1,7,0.509231934877951,0.533799792915508,0.8234021660441815,,0.49
A,crisismmd,default,4,0,7,0.43129839917424007,0.5282009851679257,0.7602333913817177,,1.06
A,crisismmd,default,4,1,7,0.4411604317856913,0.5274921209534421,0.7673088224143161,,0.94
A,crisismmd,default,4,2,7,0.42803129460040623,0.5266532484439482,0.7606421786639805,,1.22
A,crisismmd,robust,5,1,7,0.6901753880943224,0.5329154436508488,0.8727928317844993,,0.33
A,crisismmd,robust,5,0,7,0.6916430588424757,0.532478414962296,0.8743111202593097,,0.5
A,crisismmd,default,5,1,7,0.6101563934516768,0.5279921351570837,0.7991247383696567,,0.97
A,crisismmd,default,5,0,7,0.6093085196879727,0.5300624361960498,0.8023077255548561,,1.08
A,crisismmd,default,5,2,7,0.6060274574358253,0.5310758105875993,0.7983935930696326,,1.01
A,crisismmd,robust,5,2,7,0.692411727353442,0.5325100855268408,0.8718107901203054,,0.45
A,crisismmd,robust,6,1,7,0.672118589833672,0.5263287402089529,0.803721643088705,,0.39
A,crisismmd,robust,6,0,7,0.6763569132781753,0.5255488996235972,0.8046503631286336,,0.47
A,crisismmd,robust,6,2,7,0.6741227776935603,0.5260856675801484,0.8028449244331225,,0.45
A,crisismmd,default,6,0,7,0.5561594377367584,0.5288323046117571,0.7031741907727905,,1.17
A,crisismmd,default,6,2,7,0.5577193976980979,0.5273547911937088,0.7015498215474704,,1.14
A,crisismmd,default,6,1,7,0.6218897632241884,0.5122083123224728,0.75422118098305,,1.23
A,crisismmd,robust,7,0,7,0.7067088036285051,0.45831892225027016,0.7003090224252355,,0.42
A,crisismmd,robust,7,1,7,0.7097932583825237,0.4577152988615624,0.7067227870812722,,0.44
A,crisismmd,robust,7,2,7,0.7058647764506246,0.45700605811460737,0.6988240049654377,,0.45
A,crisismmd,default,7,0,7,0.590905302529789,0.5197824512523282,0.7572625076058666,,1.16
A,crisismmd,default,7,2,7,0.6076187149920035,0.5122659845460196,0.7379396383562477,,1.0
A,crisismmd,default,7,1,7,0.6290563695197424,0.5267513351527662,0.506950028298826,,1.12
A,crisismmd,robust,8,1,7,0.7720980058770341,0.30194986085242514,0.6543653530571927,,0.44
A,crisismmd,robust,8,2,7,0.775692540135405,0.30116041868904697,0.6546550790651493,,0.5
A,crisismmd,robust,8,0,7,0.7720980058770341,0.30209051664898984,0.6543653530571927,,0.58
A,crisismmd,default,8,0,7,0.6248098103781512,0.5237828577400495,0.6623012358481863,,1.2
A,crisismmd,default,8,1,7,0.34932854539732583,0.4666925442094096,0.39158828604863416,,1.02
A,crisismmd,default,8,2,7,0.45175404720667534,0.4935387237080449,0.6301765391495605,,1.0
A,crisismmd,robust,9,0,7,0.7412448996503078,0.2990764160518135,0.726129884916008,,0.45
A,crisismmd,robust,9,1,7,0.7445630904832786,0.30011014411529324,0.727907225326219,,0.44
A,crisismmd,robust,9,2,7,0.739655594586903,0.2994661689967263,0.7247399751985046,,0.47
A,crisismmd,default,9,0,7,0.16964467138253025,0.31555535966569936,0.23623549779606665,,1.14
A,crisismmd,default,9,2,7,0.41594357106670743,0.45066341046963593,0.36241960211885027,,1.06
A,crisismmd,default,9,1,7,0.6645771381500108,0.5078193661611355,0.6402586665924874,,1.19
A,crisismmd,robust,10,0,7,0.6798463580495386,0.3040571875844191,0.8249897506636616,,0.5
A,crisismmd,robust,10,1,7,0.6807943839117604,0.30371935428362795,0.8257744303498659,,0.53
A,crisismmd,robust,10,2,7,0.6281098063467134,0.2900042636026853,0.7181207390026322,,0.58
A,crisismmd,default,10,2,7,0.39893733350548954,0.4421354101971938,0.3588880577013725,,1.12
A,crisismmd,default,10,0,7,0.16664745741120868,0.30356775812691994,0.24692942139165489,,1.31
A,crisismmd,default,10,1,7,0.4272679885870806,0.45303468646413037,0.36273237203654346,,1.34
A,crisismmd,robust,11,1,7,0.675900009563935,0.28922864854839825,0.8315979685413826,,0.49
A,crisismmd,default,11,2,7,0.41782984559661185,0.4523841847827247,0.3627473049020273,,0.91
A,crisismmd,robust,11,0,7,0.6740980890274364,0.2993816165384106,0.8439001270275804,,0.61
A,crisismmd,default,11,0,7,0.3251950560019018,0.33022456271087647,0.39030513357084773,,1.12
A,crisismmd,robust,11,2,7,0.6259713872186383,0.2804616338304552,0.7187351665508189,,0.53
A,crisismmd,default,11,1,7,0.3308703361459441,0.4366332667024261,0.38237183892204957,,1.17
A,crisismmd,robust,12,0,7,0.58019522105206,0.27593347524702727,0.6982210966843786,,0.56
A,crisismmd,robust,12,1,7,0.5806162052543415,0.2759301282917253,0.6990946144860491,,0.55
A,crisismmd,robust,12,2,7,0.5970015789381524,0.27475315054132193,0.7043322731541186,,0.55
A,crisismmd,default,12,0,7,0.1591705124894769,0.28797314285922276,0.2418028415472067,,1.05
A,crisismmd,default,12,2,7,0.3125538073851378,0.42692425141474755,0.35569050161574267,,1.09
A,crisismmd,default,12,1,7,0.2666212048740444,0.38372129217074774,0.34372114843432533,,1.11
A,crisismmd,robust,13,1,7,0.4985958992631918,0.2775758680506383,0.6776709652036342,,0.47
A,crisismmd,robust,13,2,7,0.6037450616721434,0.23186430305241068,0.7069880446681676,,0.53
A,crisismmd,robust,13,0,7,0.5789694926555525,0.2547100760633246,0.6918074816603579,,0.64
A,crisismmd,default,13,2,7,0.27634024041782823,0.4243122665786306,0.38218013401610035,,1.05
A,crisismmd,default,13,1,7,0.2798471071447306,0.3853661951908352,0.34562481043372767,,1.12
A,crisismmd,default,13,0,7,0.24383131221540066,0.30316792247916,0.34925247480976074,,1.27
A,crisismmd,robust,14,1,7,0.5614099143938165,0.2602107343466771,0.6838906924754388,,0.56
A,crisismmd,robust,14,0,7,0.5312991569368164,0.23984608021957365,0.674085218402795,,0.64
A,crisismmd,robust,14,2,7,0.5346910622787019,0.2449309838990113,0.6756306682560139,,0.58
A,crisismmd,default,14,0,7,0.1611046605809774,0.18865874991805187,0.27079425186629874,,1.05
A,crisismmd,default,14,1,7,0.24665708869906044,0.3451359179721501,0.3950882627468598,,1.08
A,crisismmd,default,14,2,7,0.25593651182029653,0.36826626585761274,0.3907348378167193,,1.05
A,fakeddit,robust,2,0,10,0.2186690678349461,0.38855064009499396,0.5986017493179265,,0.7
A,fakeddit,robust,2,1,10,0.21906711043523686,0.38855064009499396,0.5989991646317954,,0.66
A,fakeddit,robust,2,2,10,0.21946680772396676,0.3887060047666825,0.5993973723989322,,0.75
A,fakeddit,default,2,0,10,0.208707131825712,0.3886965383418459,0.582894797581129,,3.14
A,fakeddit,default,2,2,10,0.20518680807863454,0.3885317072453207,0.579250588692531,,3.06
A,fakeddit,default,2,1,10,0.20688324891839494,0.3885317072453207,0.580336569876079,,3.5
A,fakeddit,robust,3,1,10,0.3526041966905529,0.4283215434405604,0.6406743603551875,,0.59
A,fakeddit,robust,3,0,10,0.35002839668139396,0.4281634617902764,0.6402800110484045,,0.7
A,fakeddit,default,3,1,10,0.29278835623313837,0.4240398877684624,0.5729556043914114,,3.11
A,fakeddit,default,3,2,10,0.2903687555069192,0.4256083679781018,0.5724792591721561,,3.06
A,fakeddit,default,3,0,10,0.29077402125446017,0.42509070233297874,0.5725717440721603,,3.38
A,fakeddit,robust,3,2,10,0.34889462921805214,0.42823997674903364,0.6393306620750608,,0.92
A,fakeddit,robust,4,0,10,0.3711368920654239,0.44095228322427016,0.6491371081423583,,0.62
A,fakeddit,robust,4,1,10,0.3730255528574009,0.44172113401832325,0.6502635646099839,,0.67
A,fakeddit,robust,4,2,10,0.3738725684287707,0.44204247964500476,0.6526930787145552,,0.84
A,fakeddit,default,4,1,10,0.32008641836068885,0.42398174187835697,0.5551659337298215,,2.98
A,fakeddit,default,4,2,10,0.31940005063094756,0.42485458001145543,0.5562933623940638,,2.8
A,fakeddit,default,4,0,10,0.3250144009171321,0.42784878916495184,0.5570258843098105,,3.38
A,fakeddit,robust,5,0,10,0.4217274022262083,0.4309123242728797,0.6991608568513306,,0.81
A,fakeddit,robust,5,1,10,0.42093310671973716,0.4325861104958183,0.6982339610649511,,0.88
A,fakeddit,robust,5,2,10,0.4242865942396028,0.43234202198031224,0.7026275403267301,,0.77
A,fakeddit,default,5,0,10,0.3476411947815625,0.3899074985685217,0.5528965219239337,,3.12
A,fakeddit,default,5,1,10,0.34478016564394154,0.4236273370244278,0.5500965222128632,,3.12
A,fakeddit,default,5,2,10,0.35037516199288055,0.42191828422820804,0.5534004992222262,,2.89
A,fakeddit,robust,6,0,10,0.6078618963609475,0.44873838261519494,0.8423571627213106,,0.74
A,fakeddit,robust,6,1,10,0.6002692879236158,0.4483266695796839,0.8337112295392046,,0.64
A,fakeddit,robust,6,2,10,0.5961289950784838,0.4473405337576755,0.8306759193194165,,0.97
A,fakeddit,default,6,0,10,0.4226775180012401,0.31906378510818106,0.4775778610126145,,2.78
A,fakeddit,default,6,1,10,0.42567044697335177,0.31810457062625325,0.4779387510286727,,3.17
A,fakeddit,robust,7,0,10,0.6667243796306815,0.4457546145588097,0.8820988731358319,,0.76
A,fakeddit,default,6,2,10,0.42038188964801215,0.31927580180952814,0.47738224649959843,,3.33
A,fakeddit,robust,7,1,10,0.6662155616192283,0.4456999150589039,0.8805138018958928,,0.73
A,fakeddit,default,7,0,10,0.3904443996989424,0.3066301552733838,0.4721557820574727,,3.2
A,fakeddit,robust,7,2,10,0.6640313308088648,0.44589266127900534,0.8812219530915556,,0.83
A,fakeddit,default,7,1,10,0.4075705165533745,0.3112610366585008,0.4641799468926417,,3.36
A,fakeddit,default,7,2,10,0.39277198937808677,0.3000910057236132,0.46671101347486577,,3.14
A,fakeddit,robust,8,0,10,0.7454748469156285,0.3507924604780426,0.7892080591706124,,0.73
A,fakeddit,robust,8,1,10,0.7467985136019339,0.3524166180450659,0.789691613488551,,0.69
A,fakeddit,robust,8,2,10,0.7437817923241197,0.35053605478055694,0.7892080591706123,,0.89
A,fakeddit,default,8,2,10,0.3077980275288077,0.2776093870393725,0.4193916911121117,,2.39
A,fakeddit,default,8,0,10,0.3613250493783874,0.29650897681764926,0.4235681651338352,,3.61
A,fakeddit,default,8,1,10,0.32591567009163247,0.28392875436163456,0.41716640961960705,,3.38
A,fakeddit,robust,9,0,10,0.6171361882384082,0.354386083524789,0.6080736327851066,,0.94
A,fakeddit,robust,9,1,10,0.616958695054025,0.3661671288641161,0.605957169371906,,0.91
A,fakeddit,robust,9,2,10,0.6177197425058625,0.36356608849128574,0.6081067558368219,,0.8
A,fakeddit,default,9,0,10,0.33186827497211346,0.2911744425691594,0.42080825376183567,,3.2
A,fakeddit,default,9,1,10,0.3447513443945316,0.2916603676612887,0.2291275054669074,,3.34
A,fakeddit,default,9,2,10,0.39718283028222934,0.34252864426443813,0.26831891179717265,,3.28
A,fakeddit,robust,10,0,10,0.8113488531490279,0.3942959636699764,0.8392229208185844,,0.89
A,fakeddit,robust,10,1,10,0.8506792410141415,0.3564787112686977,0.8487619277035814,,0.86
A,fakeddit,robust,10,2,10,0.8468286440980985,0.3514289405845578,0.8467300513295998,,0.89
A,fakeddit,default,10,0,10,0.32404460142087477,0.28399931936023204,0.26519627888330477,,3.14
A,fakeddit,default,10,2,10,0.23679795396036396,0.29091205824468236,0.29866808636115544,,3.05
A,fakeddit,default,10,1,10,0.3641407378164382,0.3173147611930934,0.19635999725760228,,3.38
A,fakeddit,robust,11,0,10,0.8232772600491746,0.29826905657412595,0.8487099140683236,,0.89
A,fakeddit,robust,11,1,10,0.8187650556079541,0.29486230941740904,0.8482037457725828,,0.91
A,fakeddit,robust,11,2,10,0.8239978090863753,0.2959845585410815,0.850036915439284,,0.83
A,fakeddit,default,11,0,10,0.30287620109798286,0.31228765004673553,0.19293594813842335,,3.3
A,fakeddit,default,11,1,10,0.2967631539135567,0.2847002870970444,0.25993029402079937,,3.23
A,fakeddit,default,11,2,10,0.24417640655976824,0.2807448981910535,0.2821026728949486,,3.03
A,fakeddit,robust,12,1,10,0.7787149364543413,0.27874203266730707,0.8385684810440232,,0.92
A,fakeddit,robust,12,0,10,0.8573720830400312,0.2955567825242612,0.9327064404129823,,1.06
A,fakeddit,robust,12,2,10,0.8540770956160348,0.2955297051092085,0.9303194824182753,,1.0
A,fakeddit,default,12,0,10,0.31128610247865107,0.29858857389399174,0.18521908642521012,,3.09
A,fakeddit,default,12,1,10,0.26443212355885914,0.2980334566259785,0.1894004790796411,,2.99
A,fakeddit,robust,13,0,10,0.7845003753544711,0.2765173623118222,0.8935231968170904,,0.81
A,fakeddit,default,12,2,10,0.27323523009617,0.303761866770314,0.19327503736335744,,3.28
A,fakeddit,robust,13,1,10,0.8519418142921387,0.29435894215084984,0.9366575366266463,,0.89
A,fakeddit,robust,13,2,10,0.784650907988963,0.27733405167741704,0.8927811653359445,,0.75
A,fakeddit,default,13,2,10,0.21889202470545155,0.29091330684445893,0.1893749656029021,,2.86
A,fakeddit,default,13,1,10,0.21729522726272155,0.28178052252002267,0.18497864274511028,,3.44
A,fakeddit,default,13,0,10,0.21058423954928784,0.2837412255048852,0.18596906793727994,,3.5
A,fakeddit,robust,14,0,10,0.7417555086488778,0.2907742790815817,0.7843138150113967,,1.11
A,fakeddit,robust,14,2,10,0.7494254785461225,0.28815500023344354,0.7925107628529077,,0.97
A,fakeddit,robust,14,1,10,0.6214472368624644,0.28848795274172156,0.699829649300236,,1.0
A,fakeddit,default,14,0,10,0.16676984710931442,0.27256581157606286,0.17811283795520377,,2.97
A,fakeddit,default,14,1,10,0.20379178686098354,0.272921331251221,0.17559619231188944,,3.05
A,fakeddit,default,14,2,10,0.1436911709589217,0.2748379765011101,0.19031746692139395,,3.06
A,fakeddit,robust,15,0,10,0.6883603570609214,0.28415023430261477,0.7708308995065687,,0.84
A,fakeddit,robust,15,1,10,0.6775634827738225,0.28596800765029823,0.7677678946552182,,0.97
A,fakeddit,robust,15,2,10,0.7283298340245681,0.26609641798319783,0.7814451553680842,,0.88
A,fakeddit,default,15,0,10,0.12870282709725,0.27152068578501837,0.17253957910986442,,3.42
A,fakeddit,default,15,1,10,0.16722854897126482,0.25471199418514345,0.15415718394753836,,3.17
A,fakeddit,default,15,2,10,0.1710151911432637,0.2783519121264017,0.17303868963657232,,3.39
A,fakeddit,robust,16,1,10,0.7623734643016592,0.2559574979439034,0.8819285228966385,,0.97
A,fakeddit,robust,16,0,10,0.7437907090497228,0.26155399607000673,0.8872804345945721,,1.12
A,fakeddit,robust,16,2,10,0.7854932181213954,0.2648854641269289,0.8961324525710422,,1.03
A,fakeddit,default,16,0,10,0.15104836591441995,0.275355989333416,0.16645706449652442,,3.58
A,fakeddit,default,16,2,10,0.17154044647888922,0.29025601143299495,0.1709088311390417,,3.06
A,fakeddit,default,16,1,10,0.16611557274634037,0.27805169076940955,0.1682800488869298,,3.19
A,fakeddit,robust,17,0,10,0.7574625656576769,0.24725033325351,0.8799416465033577,,1.06
A,fakeddit,robust,17,1,10,0.7640601597341758,0.2547675664308115,0.8849822218192877,,0.91
A,fakeddit,robust,17,2,10,0.7438810470215526,0.23989838665683594,0.8721349657478934,,0.94
A,fakeddit_real_lcc,default,2,0,6,0.08550088571056702,0.3771194455675569,0.5527497626196525,,0.67
A,fakeddit_real_lcc,default,2,1,6,0.08239016181786252,0.3771194455675569,0.5497257689985121,,0.59
A,fakeddit_real_lcc,default,2,2,6,0.08125830055470273,0.3771194455675569,0.5484351347027187,,0.75
A,fakeddit_real_lcc,robust,2,0,6,0.08708187708000881,0.3771194455675569,0.5560989605748791,,0.34
A,fakeddit,default,17,2,10,0.16642241818199233,0.26783059884992116,0.1621052239656456,,2.66
A,fakeddit_real_lcc,robust,2,1,6,0.08708187708000881,0.3771194455675569,0.5560989605748791,,0.41
A,fakeddit_real_lcc,robust,2,2,6,0.08708187708000881,0.3771194455675569,0.5560989605748791,,0.3
A,fakeddit,default,17,0,10,0.12141677878575174,0.2565815653123336,0.15614314116176264,,3.17
A,fakeddit,default,17,1,10,0.1443995736947261,0.2607767745611249,0.16106437473004526,,3.25
A,fakeddit_real_lcc,robust,3,1,6,0.0633250922676365,0.6275863344688284,0.38981546476983797,,0.34
A,fakeddit_real_lcc,default,3,0,6,0.05933921066201964,0.5139424283861457,0.38939076946437834,,0.66
A,fakeddit_real_lcc,robust,3,0,6,0.06309901554459363,0.6293124006389422,0.39022049656655233,,0.41
A,fakeddit_real_lcc,default,3,1,6,0.060552996998030295,0.4789704841612226,0.3927382720862149,,0.64
A,fakeddit_real_lcc,default,3,2,6,0.05855601817975209,0.4728165390620849,0.3896095367654194,,0.62
A,fakeddit_real_lcc,robust,3,2,6,0.0629519538933172,0.6280777522863602,0.3898222122528268,,0.42
A,fakeddit_real_lcc,robust,4,0,6,0.10576837574941889,0.5781700037477502,0.33433470806058635,,0.31
A,fakeddit_real_lcc,robust,4,1,6,0.10855581918412027,0.5813763397320953,0.3372374597579796,,0.28
A,fakeddit_real_lcc,robust,4,2,6,0.10794204620428038,0.5810603583202743,0.3358343890510811,,0.26
A,fakeddit_real_lcc,default,4,0,6,0.08956364143519169,0.5433886475989744,0.32996151910421617,,0.64
A,fakeddit_real_lcc,default,4,2,6,0.09367422221399624,0.5188156579915745,0.33534720311997357,,0.64
A,fakeddit_real_lcc,default,4,1,6,0.09633048014571388,0.5000047571231536,0.33263748734451726,,0.69
A,fakeddit_real_lcc,default,5,0,6,0.13151758646165002,0.5942541286203209,0.2803863215838729,,0.49
A,fakeddit_real_lcc,robust,5,0,6,0.1396850464188829,0.6650615864975402,0.31078242481968515,,0.31
A,fakeddit_real_lcc,default,5,1,6,0.13253922749341118,0.565251686035795,0.2820339614162973,,0.59
A,fakeddit_real_lcc,robust,5,2,6,0.14222022939485623,0.6679519410700643,0.30872468556484617,,0.33
A,fakeddit_real_lcc,robust,5,1,6,0.14221630459275314,0.6650615864975402,0.3128876879775799,,0.41
A,fakeddit_real_lcc,default,5,2,6,0.13609271285185187,0.5742223027668466,0.27928254007396464,,0.56
A,fakeddit_real_lcc,robust,6,0,6,0.1954455469796429,0.7288552201165773,0.35139405265614915,,0.34
A,fakeddit_real_lcc,default,6,0,6,0.13624927109591334,0.5471847152793584,0.29870584349690205,,0.53
A,fakeddit_real_lcc,robust,6,1,6,0.19559573397441066,0.7245019977060639,0.35082438192583126,,0.39
A,fakeddit_real_lcc,robust,6,2,6,0.19480874474971133,0.7264733821878222,0.3509094249353258,,0.39
A,fakeddit_real_lcc,default,6,1,6,0.1421476531269955,0.5522990132665555,0.27249832332118,,0.55
A,fakeddit_real_lcc,default,6,2,6,0.09889430041556457,0.539708464837765,0.22137966064493023,,0.59
A,fakeddit_real_lcc,robust,7,0,6,0.17571193832905918,0.6941369016793939,0.3601319952313778,,0.33
A,fakeddit_real_lcc,robust,7,1,6,0.17321180688195004,0.6821268796801478,0.35025334553106774,,0.39
A,fakeddit_real_lcc,default,7,1,6,0.11114847410537576,0.6184442864100149,0.17344308638895814,,0.52
A,fakeddit_real_lcc,default,7,0,6,0.0994460962542405,0.5071962797524677,0.15355944395245705,,0.62
A,fakeddit_real_lcc,robust,7,2,6,0.17775830924339175,0.6940480903875785,0.35255041937747705,,0.41
A,fakeddit_real_lcc,default,7,2,6,0.1000496559073667,0.5117291535197214,0.1549742813252104,,0.59
A,fakeddit_real_lcc,robust,8,0,6,0.2566512757466628,0.7330217429327368,0.4872868605645441,,0.3
A,fakeddit_real_lcc,robust,8,2,6,0.2601573334079852,0.7359615226156724,0.4919511637449629,,0.27
A,fakeddit_real_lcc,robust,8,1,6,0.26099133361928484,0.730730680941021,0.49069311400192345,,0.38
A,fakeddit_real_lcc,default,8,1,6,0.10716360882034315,0.610555174810809,0.14598513947986644,,0.48
A,fakeddit_real_lcc,default,8,2,6,0.10217562085567189,0.5338571916992724,0.15337296274478301,,0.53
A,fakeddit_real_lcc,default,8,0,6,0.10209468657196363,0.5308323609505435,0.1528490119815931,,0.69
A,fakeddit_real_lcc,robust,9,0,6,0.23390613025445095,0.8440532538483347,0.3970746547624271,,0.31
A,fakeddit_real_lcc,robust,9,1,6,0.2351727607720684,0.8434065940792634,0.3981473445800931,,0.33
A,fakeddit_real_lcc,default,9,0,6,0.1285138165206987,0.4500278670641989,0.22349639879501337,,0.53
A,fakeddit_real_lcc,default,9,1,6,0.10672867837747213,0.612995456562621,0.14634742477255322,,0.56
A,fakeddit_real_lcc,robust,9,2,6,0.23667687257806236,0.8440569382868557,0.39979574319780126,,0.42
A,fakeddit_real_lcc,default,9,2,6,0.10591138830286351,0.6146695441665131,0.1454898447795197,,0.66
A,fakeddit_real_lcc,robust,10,0,6,0.25661035948369637,0.8620771714742701,0.5053699740571106,,0.28
A,fakeddit_real_lcc,default,10,0,6,0.14191672933140287,0.45509828408818914,0.25016367694092817,,0.48
A,fakeddit_real_lcc,robust,10,1,6,0.2559364854491102,0.8621814667355656,0.503008903483179,,0.3
A,fakeddit_real_lcc,default,10,1,6,0.12926032767801587,0.5634649665454732,0.2395036684184154,,0.48
A,fakeddit_real_lcc,robust,10,2,6,0.25628533155246547,0.8608468022006032,0.5032058661303803,,0.26
A,fakeddit_real_lcc,default,10,2,6,0.13840272809267617,0.5743747988789186,0.24811653249571278,,0.55
A,fakeddit_real_lcc,robust,11,1,6,0.3118853654357938,0.8380832450146602,0.5779381759253512,,0.31
A,fakeddit_real_lcc,robust,11,0,6,0.3094228069656806,0.8375889939105442,0.5753134140794778,,0.38
A,fakeddit_real_lcc,default,11,0,6,0.1339984619470449,0.3334605688882676,0.27605641744660947,,0.56
A,fakeddit_real_lcc,robust,11,2,6,0.3124803821661303,0.8376097363666476,0.5793306985527907,,0.39
A,fakeddit_real_lcc,default,11,2,6,0.09390960653322455,0.5184348432873629,0.16239731599674578,,0.53
A,fakeddit_real_lcc,default,11,1,6,0.07239007309099876,0.3732952432347966,0.17217267064932554,,0.59
A,fakeddit_real_lcc,robust,12,0,6,0.3112873662445341,0.8375436963040452,0.5975581565730615,,0.31
A,fakeddit_real_lcc,robust,12,1,6,0.31117939312086906,0.843759571451296,0.5969194343467475,,0.41
A,fakeddit_real_lcc,default,12,2,6,0.16777265204820258,0.3496160389485261,0.27934481424968743,,0.45
A,fakeddit_real_lcc,robust,12,2,6,0.31116360959363654,0.8379341709997588,0.597928753329724,,0.45
A,fakeddit_real_lcc,default,12,1,6,0.09533687349153475,0.5053081740749357,0.17359405154733618,,0.66
A,fakeddit_real_lcc,default,12,0,6,0.12524830824609712,0.31599455803766624,0.2903982352258214,,0.69
A,fakeddit_real_lcc,robust,13,1,6,0.3289368549725957,0.8400394894855977,0.6033762818346246,,0.31
A,fakeddit_real_lcc,default,13,0,6,0.23185971444197062,0.4191426122676109,0.4477559967150766,,0.55
A,fakeddit_real_lcc,robust,13,0,6,0.32837777338226226,0.8375799402190522,0.6036145008896646,,0.39
A,fakeddit_real_lcc,robust,13,2,6,0.3289125356899718,0.8381075961217833,0.6032692612866793,,0.38
A,fakeddit_real_lcc,default,13,2,6,0.10932945285872031,0.5008058659899053,0.17536528302449128,,0.59
A,pheme,default,2,1,9,0.0,0.016275280804394776,0.337673564659665,,0.19
A,pheme,robust,2,0,9,0.022290528666169762,0.49883559374392383,0.3427692249901394,,0.17
A,pheme,default,2,0,9,0.022290528666169762,0.499419050825234,0.3427692249901394,,0.25
A,fakeddit_real_lcc,default,13,1,6,0.09517830403995098,0.5047965268243856,0.1730647781337219,,0.72
A,pheme,robust,2,1,9,0.11789771389095816,0.060989779248164934,0.3483443314903989,,0.14
A,pheme,robust,2,2,9,0.014027925828754118,0.4967248215772018,0.3087384194752616,,0.25
A,pheme,robust,3,0,9,0.012924274161446037,0.6628100473227212,0.3016601711728795,,0.2
A,pheme,default,2,2,9,0.013451313461636638,0.4967248215772018,0.30960575600465556,,0.61
A,pheme,robust,3,1,9,0.045410618412750736,0.6411824513812812,0.34977240548167593,,0.39
A,pheme,robust,3,2,9,0.023150527705640078,0.6555059907986385,0.3395961794440748,,0.39
A,pheme,default,3,2,9,0.023150527705640078,0.6635731885317269,0.3395961794440749,,0.67
A,pheme,robust,4,0,9,0.007872076455667676,0.7329696180399323,0.31718331559482527,,0.39
A,pheme,robust,4,1,9,0.01906050527553682,0.7261304093700109,0.33150172800069494,,0.28
A,pheme,default,3,1,9,0.03369309886932115,0.6570750551518154,0.3244008354556136,,1.5
A,pheme,default,3,0,9,0.012791069220998819,0.6650106615532911,0.3011224568792026,,1.55
A,pheme,robust,4,2,9,0.033807794383609036,0.7274821709973295,0.37896062863344576,,0.25
A,pheme,default,4,2,9,0.020616324391547147,0.7373069686461523,0.3683440569318018,,1.86
A,pheme,robust,5,0,9,0.010422079936156292,0.7840100894555512,0.3101564275179061,,0.36
A,pheme,robust,5,1,9,0.026497578476361805,0.7759369907658881,0.35956249916872723,,0.22
A,pheme,robust,5,2,9,0.014097991379574237,0.7832605204466669,0.30255993714707213,,0.2
A,pheme,default,4,1,9,0.018018915210640474,0.724654580130712,0.3282172384547214,,2.76
A,pheme,default,5,2,9,0.015283137048985651,0.7859709773252793,0.3062274276300809,,1.75
A,pheme,default,4,0,9,0.007872076455667676,0.7329696180399323,0.31978631656765333,,3.5
A,pheme,default,5,1,9,0.02344634556931635,0.7762998995952238,0.3491264550448441,,2.67
A,pheme,robust,6,0,9,0.0,0.8186330670133282,0.257152686764548,,0.44
A,pheme,robust,6,1,9,0.0,0.8151879410411824,0.3260549292477294,,0.36
A,pheme,robust,6,2,9,0.009642505796448653,0.8210922906657784,0.3107034266501228,,0.31
A,pheme,default,5,0,9,0.011389465767407403,0.7813515609947951,0.3121088255375898,,3.77
A,pheme,default,6,1,9,0.0,0.827455144616218,0.32160411696802127,,4.61
A,pheme,robust,7,0,9,0.0,0.8388942964599276,0.25003490027355657,,0.38
A,pheme,default,7,0,9,0.0,0.8512408679008912,0.2463311142896906,,4.02
A,pheme,robust,7,1,9,0.010068012627574285,0.8404384292715771,0.288009095101369,,0.34
A,pheme,robust,7,2,9,0.010013042009289652,0.8434797822901081,0.27051309831102116,,0.23
A,pheme,default,6,2,9,0.0,0.8207276115494703,0.2847230020349566,,5.5
A,pheme,default,7,2,9,0.0,0.8468521789724723,0.295956335239373,,5.31
A,pheme,robust,8,0,9,0.025003867026090032,0.8413893684235683,0.2739868776878349,,0.3
A,pheme,robust,8,1,9,0.0,0.8672275919287896,0.24396832467869026,,0.3
A,pheme,default,8,1,9,0.0,0.8666255468342696,0.24243502202444558,,2.55
A,pheme,robust,8,2,9,0.013382880401909159,0.8526613756723034,0.29584958783978454,,0.47
A,pheme,default,8,0,9,0.027399208403340425,0.8484327501909698,0.27857036851248,,3.3
A,pheme,default,6,0,9,0.0,0.8252161741679135,0.2564810958638764,,10.64
A,pheme,robust,9,0,9,0.0,0.8602112070377169,0.2742479831933565,,0.36
A,pheme,robust,9,1,9,0.0,0.8397728013699661,0.28372327917185414,,0.42
A,pheme,default,8,2,9,0.01324336641841306,0.8680336625968752,0.2849770088000543,,6.12
A,pheme,robust,9,2,9,0.012365841865821459,0.8317326005132062,0.3082998102221146,,0.36
A,pheme,default,9,0,9,0.0,0.8651647650342359,0.24983831226709954,,4.03
A,pheme,default,7,1,9,0.0,0.8416134572494874,0.2831608888905657,,12.67
A,pheme,robust,10,0,9,0.012113421771832389,0.8586629435564652,0.3027516962266077,,0.34
A,pheme,robust,10,1,9,0.0,0.84690956577516,0.28245756314014686,,0.45
A,pheme,robust,10,2,9,0.0,0.8520234822665929,0.22298432464707035,,0.33
A,pheme,default,9,1,9,0.0,0.8570915188206584,0.26870436471210807,,7.0
A,pheme,default,10,1,9,1.1102230246251565e-16,0.8818467692705326,0.271742527297157,,3.61
A,pheme,default,10,2,9,0.0,0.8523527556434536,0.30198066060407575,,5.22
A,pheme,robust,11,0,9,0.03253818195112157,0.8755458753641259,0.25494672951790387,,0.5
A,pheme,robust,11,1,9,0.0,0.888116388107094,0.26347488626752047,,0.8
A,pheme,default,9,2,9,0.015056576023737778,0.8543142336088391,0.2816022363559687,,10.14
A,pheme,robust,11,2,9,0.016573099564500593,0.8784144778789366,0.29297918326995426,,0.34
A,pheme,default,10,0,9,0.0,0.8908287627965931,0.24640431283193406,,10.02
A,pheme,default,11,1,9,0.014624908666329484,0.6971963965218582,0.18220182791908404,,6.53
A,pheme,robust,12,0,9,0.0,0.8659619842674596,0.23193972850215275,,0.67
A,pheme,robust,12,1,9,0.0,0.866564176885894,0.20750232740462488,,0.55
A,pheme,robust,12,2,9,0.01440490127952787,0.9018635515910307,0.23910810615575073,,0.44
A,pheme,default,12,1,9,0.00977561348302658,0.6269649816583517,0.13682883598378823,,4.83
A,pheme,default,11,0,9,0.025832763141135695,0.8244984703245319,0.2556190607093249,,9.7
A,pheme,default,12,2,9,0.0,0.8447653056798772,0.23039682412453688,,4.45
A,pheme,robust,13,0,9,0.014819161420998483,0.8924785227309273,0.31074122160035705,,0.45
A,pheme,default,12,0,9,0.0,0.752834303204721,0.2136628413533236,,7.84
A,pheme,robust,13,2,9,0.0,0.8957272943730543,0.22000968641611648,,0.47
A,pheme,robust,13,1,9,0.0,0.855133728953132,0.28759910712625675,,0.52
A,pheme,default,11,2,9,0.010158053110388643,0.8576364721603196,0.21265429038539782,,14.97
A,pheme,default,14,1,9,0.022140639293165787,0.8959457772902276,0.2563268162054543,,5.55
A,pheme,robust,14,0,9,0.0,0.8640264705110022,0.26905185007976523,,0.44
A,pheme,robust,14,1,9,0.02521311052222741,0.8895455997894538,0.2758649249823859,,0.55
A,pheme,robust,14,2,9,0.02682504292940735,0.8794341631750214,0.2801122109126213,,0.74
A,pheme,default,13,1,9,0.0,0.9037006668966072,0.27975462136065476,,10.94
A,pheme,default,13,0,9,0.0,0.8985919137421772,0.28349415659922267,,11.55
A,pheme,default,13,2,9,0.0,0.8677737254597656,0.2024124999225374,,13.38
A,pheme,default,15,0,9,0.04104275296665616,0.7007269388404208,0.19921002861249276,,4.7
A,pheme,robust,15,0,9,0.016304741577478188,0.8713820128811981,0.30058706531377655,,1.28
A,pheme,robust,15,1,9,0.011973464792160105,0.8995500815659723,0.24315809818250964,,0.64
A,pheme,robust,15,2,9,0.0,0.8476727069841656,0.2705092650089408,,0.73
A,pheme,default,14,0,9,0.011150215976657663,0.8753304904491542,0.3036085926418123,,13.99
A,pheme,default,15,1,9,0.0,0.8356590970179221,0.21314896935356953,,10.84
A,pheme,robust,16,0,9,0.0,0.8969687081124286,0.23512024699514958,,0.75
A,pheme,default,16,0,9,0.01642005243874678,0.860608341415185,0.247410418684118,,6.78
A,pheme,robust,16,1,9,0.0,0.9109206347895026,0.2145417529018042,,0.56
A,pheme,robust,16,2,9,0.0,0.8623733175266376,0.2723963732097396,,0.41
A,dblp,default,2,0,8,0.1746270846989999,0.49602150428009995,0.5129478964168286,,0.09
A,dblp,default,2,1,8,0.1746270846989999,0.49602150428009995,0.5129478964168286,,0.14
A,dblp,default,2,2,8,0.1746270846989999,0.49602150428009995,0.5129478964168286,,0.14
A,dblp,robust,2,0,8,0.1746270846989999,0.4960225499283992,0.5129478964168286,,0.06
A,dblp,robust,2,1,8,0.1746270846989999,0.4960225499283992,0.5129478964168286,,0.16
A,dblp,robust,2,2,8,0.1746270846989999,0.4960225499283992,0.5129478964168286,,0.14
A,dblp,default,3,1,8,0.43906759057913625,0.6136918364668799,0.7651106051577549,,0.08
A,dblp,default,3,0,8,0.43906759057913625,0.6136918364668799,0.7651106051577546,,0.14
A,dblp,default,3,2,8,0.43906759057913625,0.6136918364668799,0.7651106051577549,,0.09
A,dblp,robust,3,0,8,0.43906759057913625,0.6136918364668799,0.7651106051577549,,0.09
A,dblp,robust,3,1,8,0.43906759057913625,0.6136918364668799,0.7651106051577549,,0.11
A,dblp,robust,3,2,8,0.43906759057913625,0.6136918364668799,0.7651106051577546,,0.09
A,dblp,default,4,0,8,0.43953470708407405,0.7356234468855105,0.7536622998611092,,0.08
A,pheme,default,15,2,9,0.011724311118172848,0.8104519808183506,0.23998231517566312,,12.61
A,dblp,default,4,1,8,0.43953470708407405,0.7356234468855105,0.7536622998611092,,0.11
A,dblp,default,4,2,8,0.43953470708407405,0.7356234468855105,0.7536622998611091,,0.06
A,dblp,robust,4,0,8,0.43953470708407405,0.7356234468855105,0.7536622998611091,,0.09
A,dblp,robust,4,2,8,0.43953470708407405,0.7356234468855105,0.7536622998611091,,0.09
A,dblp,robust,4,1,8,0.43953470708407405,0.7356234468855105,0.7536622998611091,,0.12
A,dblp,default,5,0,8,0.47109561824851665,0.7872124009705708,0.7774977336454584,,0.08
A,dblp,default,5,1,8,0.47109561824851665,0.7872124009705708,0.7774977336454584,,0.06
A,dblp,default,5,2,8,0.47109561824851665,0.7872124009705708,0.7774977336454584,,0.06
A,dblp,robust,5,0,8,0.47109561824851665,0.7872124009705708,0.7774977336454583,,0.08
A,dblp,robust,5,1,8,0.47109561824851665,0.7872124009705708,0.7774977336454583,,0.08
A,dblp,robust,5,2,8,0.47109561824851665,0.7872124009705708,0.7774977336454584,,0.08
A,dblp,default,6,1,8,0.5151839906788895,0.8047356365828423,0.7837975915243245,,0.08
A,dblp,default,6,2,8,0.5446686690919083,0.8146033542306146,0.8021395162890527,,0.06
A,dblp,default,6,0,8,0.5151839906788895,0.8047356365828423,0.7837975915243245,,0.09
A,dblp,robust,6,0,8,0.5446686690919083,0.8146033542306146,0.8021395162890527,,0.09
A,dblp,robust,6,1,8,0.5446686690919083,0.8146033542306146,0.8021395162890528,,0.11
A,dblp,robust,6,2,8,0.5446686690919083,0.8146033542306146,0.8021395162890528,,0.11
A,dblp,default,7,0,8,0.5722274275458283,0.820699941286848,0.7713205052213318,,0.09
A,dblp,default,7,2,8,0.5722274275458283,0.820699941286848,0.7713205052213318,,0.08
A,dblp,default,7,1,8,0.5069060223337305,0.8285775941619364,0.7248436048211344,,0.11
A,dblp,robust,7,1,8,0.609965528902215,0.826670070251881,0.7291228824017371,,0.09
A,dblp,robust,7,0,8,0.609965528902215,0.826670070251881,0.7291228824017372,,0.11
A,dblp,robust,7,2,8,0.609965528902215,0.826670070251881,0.7291228824017371,,0.09
A,dblp,default,8,0,8,0.6702689982017619,0.8475776772909762,0.7331002190599035,,0.08
A,dblp,default,8,1,8,0.6702689982017619,0.8475776772909762,0.7331002190599035,,0.08
A,dblp,default,8,2,8,0.6702689982017619,0.8475776772909762,0.7331002190599034,,0.08
A,dblp,robust,8,1,8,0.6702689982017619,0.8475776772909762,0.7331002190599036,,0.08
A,dblp,robust,8,0,8,0.6702689982017619,0.8475776772909762,0.7331002190599035,,0.11
A,pheme,default,14,2,9,0.0,0.8582867575748366,0.23493545174966338,,18.12
A,dblp,default,9,0,8,0.6154674744113686,0.8520061285446824,0.7125319101114824,,0.08
A,dblp,default,9,1,8,0.5791487451647007,0.857334882984113,0.6850438746932566,,0.08
A,dblp,robust,8,2,8,0.6702689982017619,0.8475776772909762,0.7331002190599035,,0.14
A,dblp,default,9,2,8,0.6623698676587152,0.8599132556312082,0.8143278429754303,,0.12
A,dblp,robust,9,0,8,0.6623698676587152,0.8599132556312082,0.8143278429754303,,0.11
A,dblp,robust,9,1,8,0.6623698676587152,0.8599132556312082,0.8143278429754304,,0.11
A,dblp,robust,9,2,8,0.6623698676587152,0.8599132556312082,0.8143278429754303,,0.12
A,dblp,default,10,0,8,0.5354684957882786,0.8667093813996943,0.7182836258904635,,0.08
A,dblp,default,10,1,8,0.5447475270676005,0.8607725824742025,0.7293604209158571,,0.08
A,dblp,default,10,2,8,0.5489583218409112,0.8620351374426266,0.7360463589431293,,0.11
A,dblp,robust,10,0,8,0.6463876785737614,0.8635765537418786,0.8126286409404694,,0.09
A,dblp,robust,10,2,8,0.6463876785737614,0.8635765537418786,0.8126286409404695,,0.09
A,dblp,robust,10,1,8,0.6463876785737614,0.8635765537418786,0.8126286409404695,,0.14
A,dblp,default,11,1,8,0.6009967833382601,0.8600413475478763,0.7965207285425786,,0.11
A,dblp,default,11,2,8,0.6504924838181745,0.863512377077507,0.8318215589123272,,0.08
A,dblp,default,11,0,8,0.5887418256901674,0.8785913444370727,0.7756177089515831,,0.14
A,dblp,robust,11,1,8,0.6504924838181745,0.863512377077507,0.8318215589123272,,0.08
A,dblp,robust,11,0,8,0.6504924838181745,0.863512377077507,0.8318215589123272,,0.14
A,dblp,robust,11,2,8,0.6504924838181745,0.863512377077507,0.8318215589123272,,0.09
A,dblp,default,12,1,8,0.5240884391222634,0.8781846526016513,0.7595350862976287,,0.09
A,dblp,robust,12,0,8,0.6019488504595176,0.8779076865083659,0.8041145469075697,,0.08
A,dblp,default,12,0,8,0.49662230511672134,0.8844248855930055,0.714185807991023,,0.17
A,dblp,default,12,2,8,0.5127877923911335,0.8829345753543832,0.7206303843537176,,0.14
A,dblp,robust,12,1,8,0.6019488504595176,0.8779076865083659,0.8041145469075697,,0.12
A,dblp,robust,12,2,8,0.6019488504595176,0.8779076865083659,0.8041145469075697,,0.12
A,dblp,default,13,0,8,0.5125846060408265,0.8837677609898943,0.7457340184356058,,0.11
A,dblp,default,13,1,8,0.42051439969592797,0.8864024679391161,0.6639410331027155,,0.11
A,dblp,robust,13,1,8,0.5173425511230145,0.889453277558453,0.7545370030649605,,0.09
A,dblp,default,13,2,8,0.46590342206530355,0.8855384356787748,0.6913089065696235,,0.12
A,dblp,robust,13,2,8,0.5173425511230145,0.889453277558453,0.7545370030649604,,0.09
A,dblp,robust,13,0,8,0.5173425511230145,0.889453277558453,0.7545370030649605,,0.16
A,dblp,default,14,0,8,0.4753687490427514,0.8969088152857051,0.7135663490190167,,0.12
A,dblp,default,14,1,8,0.4872495322906626,0.8950485416081757,0.7294999006627163,,0.12
A,dblp,default,14,2,8,0.49194686663052045,0.8865968278167543,0.7468961798615956,,0.19
A,dblp,robust,14,0,8,0.5136478982595483,0.8895372561874931,0.7707891233881732,,0.2
A,dblp,robust,14,1,8,0.5136478982595483,0.8895372561874931,0.7707891233881732,,0.14
A,dblp,robust,14,2,8,0.4753687490427514,0.8969088152857051,0.7135663490190167,,0.12
A,dblp,default,15,2,8,0.36437789230473605,0.8950934391320283,0.6452498579057442,,0.11
A,dblp,default,15,0,8,0.4106439712008023,0.8968145762327279,0.6309688009409751,,0.16
A,dblp,robust,15,0,8,0.4905513792095091,0.8942659392091449,0.756349002818794,,0.11
A,amazon,default,2,0,4,0.8394119445144792,0.48178500986193296,1.0,,0.02
A,dblp,default,15,1,8,0.4905513792095091,0.8942659392091449,0.756349002818794,,0.12
A,amazon,default,2,1,4,0.8394119445144792,0.48178500986193296,1.0,,0.01
A,amazon,default,2,2,4,0.8394119445144792,0.48178500986193296,1.0,,0.03
A,amazon,robust,2,1,4,0.8394119445144792,0.48178500986193296,1.0,,0.02
A,amazon,robust,2,0,4,0.8394119445144792,0.48178500986193296,1.0,,0.03
A,amazon,robust,2,2,4,0.8394119445144792,0.48178500986193296,1.0,,0.0
A,amazon,default,3,0,4,0.682473175016431,0.6432905982905983,0.88991188991189,,0.01
A,amazon,default,3,1,4,0.682473175016431,0.6432905982905983,0.88991188991189,,0.01
A,amazon,default,3,2,4,0.682473175016431,0.6432905982905983,0.88991188991189,,0.02
A,amazon,robust,3,0,4,0.682473175016431,0.6432905982905983,0.88991188991189,,0.02
A,amazon,robust,3,2,4,0.682473175016431,0.6432905982905983,0.88991188991189,,0.02
A,amazon,robust,3,1,4,0.682473175016431,0.6432905982905983,0.88991188991189,,0.03
A,amazon,default,4,1,4,0.5535487568737809,0.7172353714661406,0.7972215846095806,,0.0
A,amazon,default,4,0,4,0.5535487568737809,0.7172353714661406,0.7972215846095807,,0.01
A,dblp,robust,15,2,8,0.4905513792095091,0.8942659392091449,0.756349002818794,,0.14
A,dblp,robust,15,1,8,0.47415669887757717,0.8954542531483164,0.7191080078620123,,0.14
A,amazon,default,4,2,4,0.5535487568737809,0.7172353714661406,0.7972215846095806,,0.03
A,amazon,robust,4,0,4,0.5535487568737809,0.7172353714661406,0.7972215846095806,,0.03
A,amazon,robust,4,1,4,0.5535487568737809,0.7172353714661406,0.7972215846095807,,0.03
A,amazon,robust,4,2,4,0.5535487568737809,0.7172353714661406,0.7972215846095807,,0.02
A,amazon,default,5,0,4,0.3570403076438595,0.7339513477975017,0.6902355144956533,,0.03
A,amazon,default,5,1,4,0.3570403076438595,0.7339513477975017,0.6902355144956533,,0.03
A,amazon,default,5,2,4,0.3570403076438595,0.7339513477975017,0.6902355144956533,,0.02
A,amazon,default,6,0,4,0.40427768474900017,0.7437541091387245,0.7122069046777424,,0.01
A,amazon,robust,5,0,4,0.3570403076438595,0.7339513477975017,0.6902355144956533,,0.03
A,amazon,robust,5,1,4,0.3570403076438595,0.7339513477975017,0.6902355144956532,,0.01
A,amazon,robust,5,2,4,0.3570403076438595,0.7339513477975017,0.6902355144956532,,0.03
A,amazon,default,6,1,4,0.40427768474900017,0.7437541091387245,0.7122069046777424,,0.02
A,amazon,default,6,2,4,0.40427768474900017,0.7437541091387245,0.7122069046777424,,0.0
A,amazon,robust,6,0,4,0.40427768474900017,0.7437541091387245,0.7122069046777424,,0.03
A,amazon,robust,6,2,4,0.40427768474900017,0.7437541091387245,0.7122069046777424,,0.03
A,amazon,robust,6,1,4,0.40427768474900017,0.7437541091387245,0.7122069046777424,,0.03
A,amazon,default,7,0,4,0.3789695814953846,0.7459368836291913,0.6851672630048768,,0.05
A,amazon,default,7,1,4,0.3789695814953846,0.7459368836291913,0.6851672630048768,,0.02
A,amazon,default,7,2,4,0.35320630958458255,0.7248980933596318,0.6494497851305363,,0.03
A,amazon,robust,7,0,4,0.3789695814953846,0.7459368836291913,0.6851672630048768,,0.03
A,amazon,default,8,0,4,0.35117386923325467,0.7437146614069691,0.6567832182785034,,0.02
A,amazon,robust,7,1,4,0.3789695814953846,0.7459368836291913,0.685167263004877,,0.03
A,amazon,robust,7,2,4,0.3789695814953846,0.7459368836291913,0.685167263004877,,0.05
A,amazon,default,8,2,4,0.35117386923325467,0.7437146614069691,0.6567832182785034,,0.02
A,amazon,default,8,1,4,0.35117386923325467,0.7437146614069691,0.6567832182785034,,0.03
A,amazon,robust,8,0,4,0.35117386923325467,0.7437146614069691,0.6567832182785034,,0.03
A,amazon,robust,8,2,4,0.35117386923325467,0.7437146614069691,0.6567832182785034,,0.01
A,amazon,default,9,0,4,0.31068702077649724,0.7042702169625247,0.5949984758692494,,0.03
A,amazon,robust,8,1,4,0.35117386923325467,0.7437146614069691,0.6567832182785034,,0.03
A,amazon,default,9,1,4,0.33372667929826105,0.7034878369493754,0.608818430071338,,0.02
A,amazon,default,9,2,4,0.3141331353398913,0.7327679158448389,0.5799773755656108,,0.03
A,amazon,robust,9,2,4,0.3141331353398913,0.7327679158448389,0.5799773755656108,,0.03
A,amazon,default,10,0,4,0.3068849340566402,0.7020216962524655,0.5527543145357317,,0.01
A,amazon,robust,9,0,4,0.3141331353398913,0.7327679158448389,0.5799773755656108,,0.05
A,amazon,robust,9,1,4,0.3141331353398913,0.7327679158448389,0.5799773755656108,,0.05
A,amazon,default,10,2,4,0.29320753380128095,0.6902103879026956,0.569589887236946,,0.02
A,amazon,default,10,1,4,0.30535337659695483,0.7030078895463511,0.5460871848739496,,0.02
A,amazon,default,11,0,4,0.286962862779204,0.6583037475345168,0.5542005420054201,,0.03
A,amazon,robust,10,2,4,0.3068849340566402,0.7020216962524655,0.5527543145357317,,0.03
A,amazon,robust,10,0,4,0.3068849340566402,0.7020216962524655,0.5527543145357317,,0.05
A,amazon,robust,10,1,4,0.3068849340566402,0.7020216962524655,0.5527543145357317,,0.05
A,amazon,default,11,1,4,0.2788227702649423,0.6729947403024327,0.5463697540419676,,0.02
A,amazon,default,11,2,4,0.2986704450044123,0.6934385272846811,0.5494485294117647,,0.02
A,amazon,robust,11,0,4,0.2986704450044123,0.6934385272846811,0.5494485294117647,,0.05
A,amazon,robust,11,1,4,0.3010218435731775,0.6870282708744248,0.5592046269727402,,0.05
A,amazon,robust,11,2,4,0.3010218435731775,0.6870282708744248,0.5592046269727403,,0.05
C,crisismmd@r0.02,default,2,0,7,0.09161338141495756,0.40998132513795904,0.4657921318447634,,1.25
C,crisismmd@r0.02,default,3,0,7,0.31691245892829634,0.5767368049309082,0.7165286914269489,,1.25
C,crisismmd@r0.02,default,2,1,7,0.10786320815073802,0.4204435758853443,0.4862844654343733,,1.34
C,crisismmd@r0.02,default,2,2,7,0.09382071308922513,0.4193352561432737,0.46830441967241354,,1.45
C,crisismmd@r0.02,default,3,1,7,0.3151220038330561,0.5774163877930935,0.7107690690289715,,1.19
C,crisismmd@r0.02,default,4,0,7,0.4314691575726961,0.642587912627839,0.7626809342243648,,1.19
C,crisismmd@r0.02,default,3,2,7,0.2890010803608989,0.5695107663473553,0.6806903410782589,,1.3
C,crisismmd@r0.02,default,4,1,7,0.4937640047860007,0.6305966757050222,0.8253664147037352,,1.34
C,crisismmd@r0.02,default,4,2,7,0.45273705277273557,0.6458878592253228,0.766140101123618,,1.19
A,pheme,default,16,2,9,0.0,0.8674850211593551,0.23788586140783113,,12.81
C,crisismmd@r0.02,default,5,0,7,0.6242151421933151,0.6429993414790712,0.8388513782911822,,1.36
C,crisismmd@r0.02,default,5,1,7,0.6447927546327126,0.645483772912594,0.8244443357215324,,1.45
C,crisismmd@r0.02,default,5,2,7,0.6628041487010417,0.6554068721366098,0.8481944880324536,,1.25
C,crisismmd@r0.02,default,6,0,7,0.6760599463223987,0.6471436675675005,0.7829217162162347,,1.12
A,pheme,default,16,1,9,0.0,0.8404148254452788,0.2009205893495028,,15.02
C,crisismmd@r0.02,default,6,2,7,0.691849344827276,0.6440290712203248,0.7897136572038809,,1.24
C,crisismmd@r0.02,default,6,1,7,0.6770916443918811,0.6435188001257424,0.76946551257207,,1.44
C,crisismmd@r0.02,default,7,0,7,0.709720553143145,0.641266552737683,0.7691106355705715,,1.34
C,crisismmd@r0.02,default,7,1,7,0.7495061627542517,0.4642692976638909,0.7009353634415244,,1.42
C,crisismmd@r0.02,default,7,2,7,0.6942578521435157,0.6428687838400666,0.7603208662372991,,1.17
C,crisismmd@r0.02,default,8,0,7,0.8016915845613508,0.36697403512514076,0.6871051180874385,,1.08
C,crisismmd@r0.02,default,8,1,7,0.7386514498925789,0.3594034792476356,0.7034440740919717,,1.12
C,crisismmd@r0.02,default,8,2,7,0.7689231259957128,0.3743469179508538,0.6895655204314802,,1.36
C,crisismmd@r0.02,default,9,0,7,0.7891047518597794,0.36290885899301134,0.7865335823383932,,1.27
C,crisismmd@r0.02,default,9,1,7,0.7665528649683678,0.35842103406502307,0.783822087305378,,1.16
C,crisismmd@r0.02,default,9,2,7,0.757837824249161,0.37342290712203247,0.7419676320983568,,1.17
C,crisismmd@r0.02,default,10,0,7,0.7041829715110179,0.3533117171784248,0.7894984511458629,,1.39
C,crisismmd@r0.02,default,10,1,7,0.7162572676829477,0.33436846654069347,0.7754524617898867,,1.42
C,crisismmd@r0.02,default,10,2,7,0.6682078157461162,0.446293377759267,0.7056306621734086,,1.16
C,crisismmd@r0.02,default,11,0,7,0.6677779201196674,0.3490043539183588,0.7750503522007736,,1.27
C,crisismmd@r0.02,default,11,1,7,0.6040324426689405,0.32979812553440124,0.8152283549761116,,1.26
C,crisismmd@r0.02,default,11,2,7,0.5984960745584751,0.361267055393586,0.7584104362295137,,1.33
C,crisismmd@r0.02,default,12,0,7,0.6069914375238301,0.344028429255702,0.785037012891421,,1.12
C,crisismmd@r0.02,default,12,1,7,0.649852920180036,0.3531778647161094,0.7659489404089693,,1.39
C,crisismmd@r0.02,default,13,1,7,0.49325132322936494,0.32339095676507645,0.6796459219578036,,1.28
C,crisismmd@r0.02,default,12,2,7,0.5547263004338343,0.3577512494793836,0.6901430492276452,,1.49
C,crisismmd@r0.02,default,13,0,7,0.47942267895409163,0.33546132686181823,0.7253603290830467,,1.44
C,crisismmd@r0.02,default,13,2,7,0.5881626067824753,0.36419745939192005,0.6105617602326514,,1.38
C,crisismmd@r0.02,default,14,0,7,0.49700548698106817,0.3394189085221026,0.6796360077897957,,1.27
C,crisismmd@r0.25,default,2,0,7,0.05713825186057098,0.21108883227114006,0.4333077883477596,,1.08
C,crisismmd@r0.25,default,2,1,7,0.05569029425265826,0.21090032242669665,0.4294828018934552,,1.12
C,crisismmd@r0.02,default,14,2,7,0.49605193082768895,0.35858577675968345,0.6293745471952626,,1.31
C,crisismmd@r0.02,default,14,1,7,0.5191335515807494,0.3277665972841415,0.6861875324150812,,1.48
C,crisismmd@r0.25,default,2,2,7,0.04928658402574593,0.19872733078918314,0.4314918789086645,,1.11
C,crisismmd@r0.25,default,3,0,7,0.0,0.20154927001316936,0.3971995922558869,,1.12
C,crisismmd@r0.25,default,4,1,7,0.0,0.20116394863649256,0.3469414078334034,,0.97
C,crisismmd@r0.25,default,3,1,7,0.0,0.20262977572686175,0.3971995922558869,,1.23
C,crisismmd@r0.25,default,4,0,7,0.0,0.24001541915281102,0.3469414078334034,,1.05
C,crisismmd@r0.25,default,3,2,7,0.0,0.20741981454704747,0.3971995922558869,,1.12
C,crisismmd@r0.25,default,4,2,7,0.0,0.18252486743608165,0.3469414078334034,,1.2
C,crisismmd@r0.25,default,5,0,7,0.16782438044978876,0.2152714319737011,0.482588596919787,,1.09
C,crisismmd@r0.25,default,5,2,7,0.14152589776505897,0.1533636464271062,0.4298537924573876,,1.08
C,crisismmd@r0.25,default,6,0,7,0.1455044081177358,0.1338224400692679,0.44442442908361607,,1.11
C,crisismmd@r0.25,default,5,1,7,0.1445422446983482,0.1666596007711198,0.4259867173362154,,1.14
C,crisismmd@r0.25,default,6,1,7,0.05961941820976746,0.1082985373273513,0.3266188891344366,,1.12
C,crisismmd@r0.25,default,6,2,7,0.06139551110942998,0.10272185049402945,0.3036809491971573,,1.06
C,crisismmd@r0.25,default,7,0,7,0.057915009241260695,0.05728194396087069,0.34620217927918995,,1.2
C,crisismmd@r0.25,default,7,2,7,0.09467060406443739,0.08687040825386476,0.34528397481455547,,1.09
C,crisismmd@r0.25,default,7,1,7,0.08554032161618008,0.07837153844903365,0.3213738325174664,,1.16
C,crisismmd@r0.25,default,8,0,7,0.0803949837019372,0.0679322058233025,0.34793762601127753,,1.09
C,crisismmd@r0.25,default,8,1,7,0.08161028912869028,0.07402195870577696,0.27651311792593536,,1.2
C,crisismmd@r0.25,default,8,2,7,0.08021262328656387,0.07723662215902637,0.2721446027030307,,1.14
C,crisismmd@r0.25,default,9,0,7,0.04246048604093855,0.040874527165830475,0.263372595647209,,1.11
C,crisismmd@r0.25,default,10,0,7,0.06543331608739944,0.04891971182383481,0.3269516468592018,,1.17
C,crisismmd@r0.25,default,9,1,7,0.0715837524177293,0.06428463696954806,0.3242171211666303,,1.2
C,crisismmd@r0.25,default,9,2,7,0.08105142693343281,0.06458089460798541,0.27929469347846525,,1.36
C,crisismmd@r0.25,default,10,1,7,0.05817647626840694,0.05230929534492751,0.30577261895096824,,1.28
C,crisismmd@r0.25,default,10,2,7,0.04859943565510316,0.05053032107864819,0.24807351769885927,,1.14
C,crisismmd@r0.25,default,11,0,7,0.050423486449250654,0.046617398283789434,0.30553321605514355,,1.12
C,crisismmd@r0.25,default,12,1,7,0.04903487239391002,0.03397726970649695,0.28317369536330944,,1.08
C,crisismmd@r0.25,default,11,2,7,0.0512611362665365,0.04899522199234138,0.26267502246781815,,1.34
C,crisismmd@r0.25,default,11,1,7,0.06417160344460604,0.044475872776930436,0.31577816808753073,,1.44
C,crisismmd@r0.25,default,12,0,7,0.07427355570394623,0.043916120201615436,0.34893501583906156,,1.41
C,crisismmd@r0.25,default,13,0,7,0.03982569289042548,0.01939279544853,0.34553487536449623,,0.97
C,crisismmd@r0.25,default,12,2,7,0.03305735930274101,0.03238632712469765,0.22389193172707494,,1.25
C,crisismmd@r0.25,default,13,2,7,0.058123210114380486,0.03501166827372502,0.3314967988191051,,1.11
C,crisismmd@r0.25,default,13,1,7,0.04709361286161995,0.03286357431075954,0.2790292146143923,,1.33
C,crisismmd@r0.25,default,14,0,7,0.03862574437786259,0.028682145383121187,0.19543934589820935,,1.27
C,crisismmd@r0.25,default,14,1,7,0.04041026376186019,0.03255272869086922,0.26249844719170545,,1.24
C,crisismmd@r0.25,default,14,2,7,0.03469060990869688,0.034416563421956745,0.24673334968221863,,1.2
C,crisismmd@r1.0,default,2,0,7,0.016644013242054667,0.17772921783058804,0.39455316403620316,,1.2
C,crisismmd@r1.0,default,2,2,7,0.014807395646988408,0.17705731802695246,0.40200674397565594,,1.05
C,crisismmd@r1.0,default,2,1,7,0.01407432777011075,0.17873745250291648,0.3957465725889985,,1.3
C,crisismmd@r1.0,default,3,0,7,0.0,0.17623443276764283,0.3971995922558869,,1.11
C,crisismmd@r1.0,default,3,2,7,0.0,0.17731116241673553,0.3971995922558869,,1.08
C,crisismmd@r1.0,default,3,1,7,0.0,0.17867989253369768,0.3971995922558869,,1.26
C,crisismmd@r1.0,default,4,0,7,0.0,0.18481410531099082,0.3469414078334034,,1.26
C,crisismmd@r1.0,default,4,1,7,0.0,0.20425433071544313,0.3469414078334034,,1.06
C,crisismmd@r1.0,default,4,2,7,0.0,0.2107729939383547,0.3469414078334034,,1.05
C,crisismmd@r1.0,default,5,0,7,0.018487069144809132,0.15251254808091666,0.303177717839987,,1.05
C,crisismmd@r1.0,default,5,1,7,0.017556271151977554,0.13280641666487064,0.30864678385376276,,1.3
C,crisismmd@r1.0,default,6,0,7,0.031376921206202724,0.0641486178673826,0.23699159834338177,,1.14
C,crisismmd@r1.0,default,5,2,7,0.014386964518956269,0.12906670759011848,0.29699085764333033,,1.33
C,crisismmd@r1.0,default,6,2,7,0.005211743953802861,0.04453938635128209,0.2293539783467384,,1.03
C,crisismmd@r1.0,default,6,1,7,0.03979153909926103,0.026284890348359718,0.33521428651579505,,1.2
C,crisismmd@r1.0,default,7,0,7,0.04284360283833544,0.025636075914698526,0.26195419143093474,,1.14
C,crisismmd@r1.0,default,7,1,7,0.057849034433482216,0.004269162465853715,0.30167715703872894,,1.34
C,crisismmd@r1.0,default,7,2,7,0.0,0.027224664754577715,0.263885859791159,,1.25
C,crisismmd@r1.0,default,8,0,7,0.040270433648131876,0.013356126161168895,0.20252561162403512,,1.38
C,crisismmd@r1.0,default,8,1,7,0.05018619982088368,0.005620760309977114,0.2580182116107233,,1.06
C,crisismmd@r1.0,default,9,0,7,0.0,0.010405361179350649,0.2594498213549567,,0.97
C,crisismmd@r1.0,default,8,2,7,0.057156931282488666,0.010071907199922122,0.31310370836235346,,1.28
C,crisismmd@r1.0,default,9,2,7,0.0,0.010040239603640944,0.267131954286223,,1.19
C,crisismmd@r1.0,default,10,0,7,0.02644187704484291,0.006310904295853249,0.2052327156620528,,1.06
C,crisismmd@r1.0,default,10,1,7,0.06543460799897516,0.0031670518082988967,0.3479192728018844,,1.08
C,crisismmd@r1.0,default,9,1,7,0.047742444806228024,-0.0009540559843585687,0.29410450542706273,,1.47
C,crisismmd@r1.0,default,10,2,7,0.042338158620315314,0.00595101014797387,0.3009117764611336,,1.24
C,crisismmd@r1.0,default,11,0,7,0.02865113917091,0.008747023662239357,0.21199479804520396,,1.16
C,crisismmd@r1.0,default,11,1,7,0.059433820514654956,-0.00014002822157000819,0.3402295687333652,,1.12
C,crisismmd@r1.0,default,11,2,7,0.043899313369412774,0.004836197948100911,0.2687985549029671,,1.12
C,crisismmd@r1.0,default,12,0,7,0.0,0.004338473871126021,0.22005747339203494,,1.11
C,crisismmd@r1.0,default,12,1,7,0.09787401361020576,0.0022502167243027933,0.3310817897870641,,1.08
C,crisismmd@r1.0,default,12,2,7,0.038546465724878964,0.008807741591125065,0.2894784197697492,,1.34
C,crisismmd@r1.0,default,13,0,7,0.0,0.0015539057178130945,0.2347089233178239,,1.44
C,crisismmd@r1.0,default,14,1,7,0.11618334289953025,0.0004015247589345281,0.423485536425213,,1.0
C,crisismmd@r1.0,default,13,2,7,0.08603841660569311,0.0036246907977510487,0.3289503659801019,,1.2
C,crisismmd@r1.0,default,13,1,7,0.11953409856324715,0.0008910170015610856,0.4340854737098906,,1.27
C,crisismmd@r1.0,default,14,0,7,0.026630868464114554,0.008667923290142286,0.22044758241875634,,1.19
C,crisismmd@r1.0,default,14,2,7,0.019819654321856728,0.005544891355971003,0.23900155813166638,,0.88
