part,dataset,method,seed,n_nodes,true_overlap_rate,n_true_overlap,auroc,ap,best_thr,best_f1,precision_at_best,recall_at_best,f1_at_0.2,precision_at_0.2,recall_at_0.2,second_comm_acc,n_eval_second,note,error,secs
A,r0.0,nfmcd_default,4,300,0.0,0,nan,nan,0.05,0.0,0.0,0.0,0.0,0.0,0.0,,0,,,0.14
A,r0.0,nfmcd_robust,4,300,0.0,0,nan,nan,0.05,0.0,0.0,0.0,0.0,0.0,0.0,,0,,,0.19
A,r0.0,demon,4,300,0.0,0,,,,0.0,0.0,0.0,,,,,,"single fixed operating point, not threshold-based",,2.52
A,r0.0,slpa,4,300,0.0,0,,,,0.0,0.0,0.0,,,,,,"single fixed operating point, not threshold-based",,0.25
A,r0.0,always_overlap (= naive top-2-FCM-center: every node forced to a 2nd community),4,300,0.0,0,,,,0.0,0.0,0.0,,,,,,single fixed operating point,,0.0
A,r0.0,always_no_overlap,4,300,0.0,0,,,,0.0,0.0,0.0,,,,,,single fixed operating point,,0.0
A,r0.0,nfmcd_default,2,300,0.0,0,nan,nan,0.05,0.0,0.0,0.0,0.0,0.0,0.0,,0,,,0.17
A,r0.0,nfmcd_robust,2,300,0.0,0,nan,nan,0.05,0.0,0.0,0.0,0.0,0.0,0.0,,0,,,0.25
A,r0.0,demon,2,300,0.0,0,,,,0.0,0.0,0.0,,,,,,"single fixed operating point, not threshold-based",,2.5
A,r0.0,slpa,2,300,0.0,0,,,,0.0,0.0,0.0,,,,,,"single fixed operating point, not threshold-based",,0.19
A,r0.0,always_overlap (= naive top-2-FCM-center: every node forced to a 2nd community),2,300,0.0,0,,,,0.0,0.0,0.0,,,,,,single fixed operating point,,0.0
A,r0.0,always_no_overlap,2,300,0.0,0,,,,0.0,0.0,0.0,,,,,,single fixed operating point,,0.0
A,r0.0,nfmcd_default,0,300,0.0,0,nan,nan,0.05,0.0,0.0,0.0,0.0,0.0,0.0,,0,,,0.2
A,r0.0,nfmcd_robust,0,300,0.0,0,nan,nan,0.05,0.0,0.0,0.0,0.0,0.0,0.0,,0,,,0.22
A,r0.0,demon,0,300,0.0,0,,,,0.0,0.0,0.0,,,,,,"single fixed operating point, not threshold-based",,2.47
A,r0.0,slpa,0,300,0.0,0,,,,0.0,0.0,0.0,,,,,,"single fixed operating point, not threshold-based",,0.2
A,r0.0,always_overlap (= naive top-2-FCM-center: every node forced to a 2nd community),0,300,0.0,0,,,,0.0,0.0,0.0,,,,,,single fixed operating point,,0.0
A,r0.0,always_no_overlap,0,300,0.0,0,,,,0.0,0.0,0.0,,,,,,single fixed operating point,,0.0
A,r0.0,nfmcd_default,3,300,0.0,0,nan,nan,0.05,0.0,0.0,0.0,0.0,0.0,0.0,,0,,,0.14
A,r0.0,nfmcd_robust,3,300,0.0,0,nan,nan,0.05,0.0,0.0,0.0,0.0,0.0,0.0,,0,,,0.2
A,r0.0,demon,3,300,0.0,0,,,,0.0,0.0,0.0,,,,,,"single fixed operating point, not threshold-based",,2.48
A,r0.0,slpa,3,300,0.0,0,,,,0.0,0.0,0.0,,,,,,"single fixed operating point, not threshold-based",,0.24
A,r0.0,always_overlap (= naive top-2-FCM-center: every node forced to a 2nd community),3,300,0.0,0,,,,0.0,0.0,0.0,,,,,,single fixed operating point,,0.0
A,r0.0,always_no_overlap,3,300,0.0,0,,,,0.0,0.0,0.0,,,,,,single fixed operating point,,0.0
A,r0.0,nfmcd_default,1,300,0.0,0,nan,nan,0.05,0.0,0.0,0.0,0.0,0.0,0.0,,0,,,0.14
A,r0.0,nfmcd_robust,1,300,0.0,0,nan,nan,0.05,0.0,0.0,0.0,0.0,0.0,0.0,,0,,,0.2
A,r0.0,demon,1,300,0.0,0,,,,0.0,0.0,0.0,,,,,,"single fixed operating point, not threshold-based",,2.51
A,r0.0,slpa,1,300,0.0,0,,,,0.0,0.0,0.0,,,,,,"single fixed operating point, not threshold-based",,0.3
A,r0.0,always_overlap (= naive top-2-FCM-center: every node forced to a 2nd community),1,300,0.0,0,,,,0.0,0.0,0.0,,,,,,single fixed operating point,,0.0
A,r0.0,always_no_overlap,1,300,0.0,0,,,,0.0,0.0,0.0,,,,,,single fixed operating point,,0.0
A,r0.1,nfmcd_default,0,300,0.08,24,0.4296497584541063,0.07611845884938609,0.1,0.14285714285714285,0.10869565217391304,0.20833333333333334,0.0,0.0,0.0,0.25,24,,,0.16
A,r0.1,nfmcd_robust,0,300,0.08,24,0.4948671497584541,0.0852624428658951,0.05,0.11594202898550726,0.08888888888888889,0.16666666666666666,0.0,0.0,0.0,0.1667,24,,,0.22
A,r0.1,demon,0,300,0.08,24,,,,0.1486,0.0803,1.0,,,,,,"single fixed operating point, not threshold-based",,2.55
A,r0.1,slpa,0,300,0.08,24,,,,0.1264,0.0733,0.4583,,,,,,"single fixed operating point, not threshold-based",,0.3
A,r0.1,always_overlap (= naive top-2-FCM-center: every node forced to a 2nd community),0,300,0.08,24,,,,0.1481,0.08,1.0,,,,,,single fixed operating point,,0.0
A,r0.1,always_no_overlap,0,300,0.08,24,,,,0.0,0.0,0.0,,,,,,single fixed operating point,,0.0
A,r0.1,nfmcd_default,1,300,0.0633,19,0.4603858400449522,0.05970726264636495,0.05,0.11214953271028039,0.06153846153846154,0.631578947368421,0.0,0.0,0.0,0.1579,19,,,0.12
A,r0.1,nfmcd_robust,1,300,0.0633,19,0.4999063495036524,0.07968385723080253,0.05,0.14285714285714285,0.09803921568627451,0.2631578947368421,0.0,0.0,0.0,0.1053,19,,,0.14
A,r0.1,demon,1,300,0.0633,19,,,,0.1203,0.064,1.0,,,,,,"single fixed operating point, not threshold-based",,0.14
A,r0.1,slpa,1,300,0.0633,19,,,,0.0,0.0,0.0,,,,,,"single fixed operating point, not threshold-based",,0.27
A,r0.1,always_overlap (= naive top-2-FCM-center: every node forced to a 2nd community),1,300,0.0633,19,,,,0.1191,0.0633,1.0,,,,,,single fixed operating point,,0.0
A,r0.1,always_no_overlap,1,300,0.0633,19,,,,0.0,0.0,0.0,,,,,,single fixed operating point,,0.0
A,r0.1,nfmcd_default,3,300,0.0867,26,0.595592363840539,0.13894726000125512,0.05,0.20095693779904306,0.11475409836065574,0.8076923076923077,0.07142857142857144,0.5,0.038461538461538464,0.2308,26,,,0.12
A,r0.1,nfmcd_robust,3,300,0.0867,26,0.6520213363279057,0.16498393715804838,0.05,0.1904761904761905,0.13793103448275862,0.3076923076923077,0.0,0.0,0.0,0.1923,26,,,0.12
A,r0.1,demon,3,300,0.0867,26,,,,0.1717,0.0966,0.7692,,,,,,"single fixed operating point, not threshold-based",,0.17
A,r0.1,slpa,3,300,0.0867,26,,,,0.0,0.0,0.0,,,,,,"single fixed operating point, not threshold-based",,0.26
A,r0.1,always_overlap (= naive top-2-FCM-center: every node forced to a 2nd community),3,300,0.0867,26,,,,0.1595,0.0867,1.0,,,,,,single fixed operating point,,0.0
A,r0.1,always_no_overlap,3,300,0.0867,26,,,,0.0,0.0,0.0,,,,,,single fixed operating point,,0.0
A,r0.1,nfmcd_default,4,300,0.0867,26,0.49775407074677147,0.13413989471016508,0.05,0.15873015873015872,0.09202453987730061,0.5769230769230769,0.07407407407407407,1.0,0.038461538461538464,0.2308,26,,,0.12
A,r0.1,nfmcd_robust,4,300,0.0867,26,0.4632229084783829,0.12277914937884953,0.05,0.0857142857142857,0.06818181818181818,0.11538461538461539,0.07407407407407407,1.0,0.038461538461538464,0.1923,26,,,0.17
A,r0.1,demon,4,300,0.0867,26,,,,0.1615,0.0878,1.0,,,,,,"single fixed operating point, not threshold-based",,0.17
A,r0.1,slpa,4,300,0.0867,26,,,,0.0,0.0,0.0,,,,,,"single fixed operating point, not threshold-based",,0.22
A,r0.1,always_overlap (= naive top-2-FCM-center: every node forced to a 2nd community),4,300,0.0867,26,,,,0.1595,0.0867,1.0,,,,,,single fixed operating point,,0.0
A,r0.1,always_no_overlap,4,300,0.0867,26,,,,0.0,0.0,0.0,,,,,,single fixed operating point,,0.0
A,r0.2,nfmcd_default,1,300,0.15,45,0.49742919389978213,0.14582235855543485,0.05,0.272,0.16585365853658537,0.7555555555555555,0.0,0.0,0.0,0.2222,45,,,0.17
A,r0.2,nfmcd_robust,1,300,0.15,45,0.44331154684095864,0.14407961687563148,0.05,0.11764705882352941,0.125,0.1111111111111111,0.0,0.0,0.0,0.2444,45,,,0.11
A,r0.2,demon,1,300,0.15,45,,,,0.2632,0.1515,1.0,,,,,,"single fixed operating point, not threshold-based",,0.12
A,r0.2,slpa,1,300,0.15,45,,,,0.0,0.0,0.0,,,,,,"single fixed operating point, not threshold-based",,0.22
A,r0.2,always_overlap (= naive top-2-FCM-center: every node forced to a 2nd community),1,300,0.15,45,,,,0.2609,0.15,1.0,,,,,,single fixed operating point,,0.0
A,r0.2,always_no_overlap,1,300,0.15,45,,,,0.0,0.0,0.0,,,,,,single fixed operating point,,0.0
A,r0.1,nfmcd_default,2,300,0.08,24,0.4335748792270531,0.07690793586603578,0.1,0.13513513513513514,0.1,0.20833333333333334,0.0,0.0,0.0,0.25,24,,,0.17
A,r0.1,nfmcd_robust,2,300,0.08,24,0.42300724637681164,0.06676026090345316,0.05,0.025974025974025972,0.018867924528301886,0.041666666666666664,0.0,0.0,0.0,0.125,24,,,0.17
A,r0.1,demon,2,300,0.08,24,,,,0.1505,0.0814,1.0,,,,,,"single fixed operating point, not threshold-based",,0.2
A,r0.1,slpa,2,300,0.08,24,,,,0.0,0.0,0.0,,,,,,"single fixed operating point, not threshold-based",,0.23
A,r0.1,always_overlap (= naive top-2-FCM-center: every node forced to a 2nd community),2,300,0.08,24,,,,0.1481,0.08,1.0,,,,,,single fixed operating point,,0.0
A,r0.1,always_no_overlap,2,300,0.08,24,,,,0.0,0.0,0.0,,,,,,single fixed operating point,,0.0
A,r0.2,nfmcd_default,0,300,0.1933,58,0.47884012539184956,0.21366075318375086,0.05,0.2834008097165992,0.18518518518518517,0.603448275862069,0.03333333333333333,0.5,0.017241379310344827,0.2069,58,,,0.19
A,r0.2,nfmcd_robust,0,300,0.1933,58,0.49886007409518385,0.24662535688315496,0.05,0.22,0.2619047619047619,0.1896551724137931,0.03389830508474576,1.0,0.017241379310344827,0.1897,58,,,0.12
A,r0.2,demon,0,300,0.1933,58,,,,0.3193,0.1906,0.9828,,,,,,"single fixed operating point, not threshold-based",,0.17
A,r0.2,slpa,0,300,0.1933,58,,,,0.3269,0.2267,0.5862,,,,,,"single fixed operating point, not threshold-based",,0.28
A,r0.2,always_overlap (= naive top-2-FCM-center: every node forced to a 2nd community),0,300,0.1933,58,,,,0.324,0.1933,1.0,,,,,,single fixed operating point,,0.0
A,r0.2,always_no_overlap,0,300,0.1933,58,,,,0.0,0.0,0.0,,,,,,single fixed operating point,,0.0
A,r0.2,nfmcd_default,2,300,0.1533,46,0.5067613830879836,0.1657548747537789,0.05,0.25296442687747034,0.15458937198067632,0.6956521739130435,0.041666666666666664,0.5,0.021739130434782608,0.1957,46,,,0.12
A,r0.2,nfmcd_robust,2,300,0.1533,46,0.5434782608695653,0.18008104632594957,0.05,0.20408163265306123,0.19230769230769232,0.21739130434782608,0.0,0.0,0.0,0.1522,46,,,0.11
A,r0.2,demon,2,300,0.1533,46,,,,0.2581,0.1492,0.9565,,,,,,"single fixed operating point, not threshold-based",,0.12
A,r0.2,slpa,2,300,0.1533,46,,,,0.0,0.0,0.0,,,,,,"single fixed operating point, not threshold-based",,0.19
A,r0.2,always_overlap (= naive top-2-FCM-center: every node forced to a 2nd community),2,300,0.1533,46,,,,0.2659,0.1533,1.0,,,,,,single fixed operating point,,0.0
A,r0.2,always_no_overlap,2,300,0.1533,46,,,,0.0,0.0,0.0,,,,,,single fixed operating point,,0.0
A,r0.2,nfmcd_default,4,300,0.1533,46,0.5096713454296473,0.17678448119828072,0.05,0.22522522522522523,0.14204545454545456,0.5434782608695652,0.0,0.0,0.0,0.2391,46,,,0.14
A,r0.2,nfmcd_robust,4,300,0.1533,46,0.5069325573433756,0.16765272231240397,0.05,0.10869565217391304,0.10869565217391304,0.10869565217391304,0.0,0.0,0.0,0.1957,46,,,0.12
A,r0.2,demon,4,300,0.1533,46,,,,0.2573,0.1486,0.9565,,,,,,"single fixed operating point, not threshold-based",,0.12
A,r0.2,slpa,4,300,0.1533,46,,,,0.0,0.0,0.0,,,,,,"single fixed operating point, not threshold-based",,0.19
A,r0.2,always_overlap (= naive top-2-FCM-center: every node forced to a 2nd community),4,300,0.1533,46,,,,0.2659,0.1533,1.0,,,,,,single fixed operating point,,0.0
A,r0.2,always_no_overlap,4,300,0.1533,46,,,,0.0,0.0,0.0,,,,,,single fixed operating point,,0.0
A,r0.3,nfmcd_default,1,300,0.2133,64,0.48252118644067793,0.20154555342018654,0.05,0.29343629343629346,0.19487179487179487,0.59375,0.0,0.0,0.0,0.1719,64,,,0.12
A,r0.3,nfmcd_robust,1,300,0.2133,64,0.46378442796610175,0.19127207538559063,0.05,0.11864406779661016,0.12962962962962962,0.109375,0.0,0.0,0.0,0.1719,64,,,0.11
A,r0.3,demon,1,300,0.2133,64,,,,0.349,0.2121,0.9844,,,,,,"single fixed operating point, not threshold-based",,0.12
A,r0.3,slpa,1,300,0.2133,64,,,,0.0,0.0,0.0,,,,,,"single fixed operating point, not threshold-based",,0.2
A,r0.3,always_overlap (= naive top-2-FCM-center: every node forced to a 2nd community),1,300,0.2133,64,,,,0.3516,0.2133,1.0,,,,,,single fixed operating point,,0.0
A,r0.3,always_no_overlap,1,300,0.2133,64,,,,0.0,0.0,0.0,,,,,,single fixed operating point,,0.0
A,r0.3,nfmcd_default,0,300,0.2633,79,0.5192737270175841,0.28912192152767185,0.05,0.37551020408163266,0.27710843373493976,0.5822784810126582,0.0,0.0,0.0,0.2278,79,,,0.12
A,r0.3,nfmcd_robust,0,300,0.2633,79,0.517669969643164,0.2743350449295635,0.05,0.224,0.30434782608695654,0.17721518987341772,0.0,0.0,0.0,0.2405,79,,,0.11
A,r0.3,demon,0,300,0.2633,79,,,,0.418,0.2642,1.0,,,,,,"single fixed operating point, not threshold-based",,0.12
A,r0.3,slpa,0,300,0.2633,79,,,,0.3493,0.2667,0.5063,,,,,,"single fixed operating point, not threshold-based",,0.22
A,r0.3,always_overlap (= naive top-2-FCM-center: every node forced to a 2nd community),0,300,0.2633,79,,,,0.4169,0.2633,1.0,,,,,,single fixed operating point,,0.0
A,r0.3,always_no_overlap,0,300,0.2633,79,,,,0.0,0.0,0.0,,,,,,single fixed operating point,,0.0
A,r0.2,nfmcd_default,3,300,0.1767,53,0.52020472080055,0.1773901373187916,0.05,0.282258064516129,0.1794871794871795,0.660377358490566,0.0,0.0,0.0,0.2264,53,,,0.12
A,r0.2,nfmcd_robust,3,300,0.1767,53,0.5549614238790009,0.19166318931762905,0.05,0.16822429906542055,0.16666666666666666,0.16981132075471697,0.0,0.0,0.0,0.2264,53,,,0.11
A,r0.2,demon,3,300,0.1767,53,,,,0.2769,0.1739,0.6792,,,,,,"single fixed operating point, not threshold-based",,0.14
A,r0.2,slpa,3,300,0.1767,53,,,,0.0,0.0,0.0,,,,,,"single fixed operating point, not threshold-based",,0.31
A,r0.2,always_overlap (= naive top-2-FCM-center: every node forced to a 2nd community),3,300,0.1767,53,,,,0.3003,0.1767,1.0,,,,,,single fixed operating point,,0.0
A,r0.2,always_no_overlap,3,300,0.1767,53,,,,0.0,0.0,0.0,,,,,,single fixed operating point,,0.0
A,r0.3,nfmcd_default,2,300,0.2167,65,0.5573158756137481,0.2586691351565581,0.05,0.36363636363636365,0.24120603015075376,0.7384615384615385,0.028985507246376812,0.25,0.015384615384615385,0.2154,65,,,0.12
A,r0.3,nfmcd_robust,2,300,0.2167,65,0.5186906710310966,0.24774124907732703,0.05,0.20634920634920634,0.21311475409836064,0.2,0.0,0.0,0.0,0.2923,65,,,0.12
A,r0.3,demon,2,300,0.2167,65,,,,0.3556,0.2169,0.9846,,,,,,"single fixed operating point, not threshold-based",,0.22
A,r0.3,slpa,2,300,0.2167,65,,,,0.0,0.0,0.0,,,,,,"single fixed operating point, not threshold-based",,0.3
A,r0.3,always_overlap (= naive top-2-FCM-center: every node forced to a 2nd community),2,300,0.2167,65,,,,0.3562,0.2167,1.0,,,,,,single fixed operating point,,0.0
A,r0.3,always_no_overlap,2,300,0.2167,65,,,,0.0,0.0,0.0,,,,,,single fixed operating point,,0.0
A,r0.3,nfmcd_default,3,300,0.2167,65,0.5362356792144026,0.3043826507893249,0.05,0.34328358208955223,0.22660098522167488,0.7076923076923077,0.05882352941176471,0.6666666666666666,0.03076923076923077,0.3231,65,,,0.17
A,r0.3,nfmcd_robust,3,300,0.2167,65,0.49905073649754506,0.28887356828781696,0.05,0.22608695652173913,0.26,0.2,0.0,0.0,0.0,0.2462,65,,,0.11
A,r0.3,demon,3,300,0.2167,65,,,,0.3088,0.2029,0.6462,,,,,,"single fixed operating point, not threshold-based",,0.12
A,r0.3,slpa,3,300,0.2167,65,,,,0.0,0.0,0.0,,,,,,"single fixed operating point, not threshold-based",,0.19
A,r0.3,always_overlap (= naive top-2-FCM-center: every node forced to a 2nd community),3,300,0.2167,65,,,,0.3562,0.2167,1.0,,,,,,single fixed operating point,,0.0
A,r0.3,always_no_overlap,3,300,0.2167,65,,,,0.0,0.0,0.0,,,,,,single fixed operating point,,0.0
A,r0.3,nfmcd_default,4,300,0.2167,65,0.5530605564648118,0.2524184078758564,0.05,0.34061135371179035,0.23780487804878048,0.6,0.028985507246376812,0.25,0.015384615384615385,0.2308,65,,,0.14
A,r0.3,nfmcd_robust,4,300,0.2167,65,0.5202618657937808,0.2371847451536671,0.05,0.16216216216216217,0.1956521739130435,0.13846153846153847,0.030303030303030307,1.0,0.015384615384615385,0.2,65,,,0.11
A,r0.3,demon,4,300,0.2167,65,,,,0.3601,0.2196,1.0,,,,,,"single fixed operating point, not threshold-based",,0.14
A,r0.3,slpa,4,300,0.2167,65,,,,0.0,0.0,0.0,,,,,,"single fixed operating point, not threshold-based",,0.17
A,r0.3,always_overlap (= naive top-2-FCM-center: every node forced to a 2nd community),4,300,0.2167,65,,,,0.3562,0.2167,1.0,,,,,,single fixed operating point,,0.0
A,r0.3,always_no_overlap,4,300,0.2167,65,,,,0.0,0.0,0.0,,,,,,single fixed operating point,,0.0
A,r0.4,nfmcd_default,1,300,0.3067,92,0.4905413879598662,0.29931770548092873,0.05,0.4056939501779359,0.30158730158730157,0.6195652173913043,0.0,0.0,0.0,0.3152,92,,,0.12
A,r0.4,nfmcd_robust,1,300,0.3067,92,0.4909594481605351,0.31009307644324113,0.05,0.2517482517482518,0.35294117647058826,0.1956521739130435,0.0,0.0,0.0,0.3478,92,,,0.11
A,r0.4,demon,1,300,0.3067,92,,,,0.473,0.3098,1.0,,,,,,"single fixed operating point, not threshold-based",,0.16
A,r0.4,slpa,1,300,0.3067,92,,,,0.0,0.0,0.0,,,,,,"single fixed operating point, not threshold-based",,0.25
A,r0.4,always_overlap (= naive top-2-FCM-center: every node forced to a 2nd community),1,300,0.3067,92,,,,0.4694,0.3067,1.0,,,,,,single fixed operating point,,0.0
A,r0.4,always_no_overlap,1,300,0.3067,92,,,,0.0,0.0,0.0,,,,,,single fixed operating point,,0.0
A,r0.4,nfmcd_default,2,300,0.3033,91,0.46690151953309844,0.2851874063247993,0.05,0.4166666666666667,0.30456852791878175,0.6593406593406593,0.040816326530612256,0.2857142857142857,0.02197802197802198,0.1978,91,,,0.14
A,r0.4,nfmcd_robust,2,300,0.3033,91,0.46548188653451805,0.2876106940910544,0.05,0.15602836879432624,0.22,0.12087912087912088,0.0,0.0,0.0,0.1758,91,,,0.11
A,r0.4,demon,2,300,0.3033,91,,,,0.4611,0.3017,0.978,,,,,,"single fixed operating point, not threshold-based",,0.2
A,r0.4,slpa,2,300,0.3033,91,,,,0.0,0.0,0.0,,,,,,"single fixed operating point, not threshold-based",,0.23
A,r0.4,always_overlap (= naive top-2-FCM-center: every node forced to a 2nd community),2,300,0.3033,91,,,,0.4655,0.3033,1.0,,,,,,single fixed operating point,,0.0
A,r0.4,always_no_overlap,2,300,0.3033,91,,,,0.0,0.0,0.0,,,,,,single fixed operating point,,0.0
A,r0.4,nfmcd_default,0,300,0.3367,101,0.48281009005423153,0.32861506972449145,0.05,0.4229390681003584,0.33146067415730335,0.5841584158415841,0.0,0.0,0.0,0.2079,101,,,0.17
A,r0.4,nfmcd_robust,0,300,0.3367,101,0.5228618339220856,0.35514869680534583,0.05,0.18055555555555555,0.3023255813953488,0.12871287128712872,0.0,0.0,0.0,0.1782,101,,,0.12
A,r0.4,demon,0,300,0.3367,101,,,,0.505,0.3378,1.0,,,,,,"single fixed operating point, not threshold-based",,0.19
A,r0.4,slpa,0,300,0.3367,101,,,,0.4382,0.3667,0.5446,,,,,,"single fixed operating point, not threshold-based",,0.3
A,r0.4,always_overlap (= naive top-2-FCM-center: every node forced to a 2nd community),0,300,0.3367,101,,,,0.5037,0.3367,1.0,,,,,,single fixed operating point,,0.0
A,r0.4,always_no_overlap,0,300,0.3367,101,,,,0.0,0.0,0.0,,,,,,single fixed operating point,,0.0
B,amazon,nfmcd_default,0,146,0.4658,68,0.7262443438914027,0.6802044664166946,0.05,0.3863636363636363,0.85,0.25,0.275,0.9166666666666666,0.16176470588235295,,,"structure-only dataset, no content",,0.02
B,amazon,nfmcd_robust,0,146,0.4658,68,0.7262443438914028,0.6814299566127731,0.05,0.3863636363636363,0.85,0.25,0.275,0.9166666666666666,0.16176470588235295,,,"structure-only dataset, no content",,0.02
B,amazon,demon,0,146,0.4658,68,,,,0.5,0.5769,0.4412,,,,,,single fixed operating point,,0.05
B,amazon,slpa,0,146,0.4658,68,,,,0.433,0.7241,0.3088,,,,,,single fixed operating point,,0.05
B,amazon,always_overlap,0,146,0.4658,68,,,,0.6355,0.4658,1.0,,,,,,single fixed operating point,,0.0
B,amazon,always_no_overlap,0,146,0.4658,68,,,,0.0,0.0,0.0,,,,,,single fixed operating point,,0.0
A,r0.4,nfmcd_default,3,300,0.3233,97,0.5702605251129957,0.37870476021194877,0.05,0.48322147651006714,0.3582089552238806,0.7422680412371134,0.02,0.3333333333333333,0.010309278350515464,0.2474,97,,,0.17
A,r0.4,nfmcd_robust,3,300,0.3233,97,0.5302422426489259,0.3496461578803982,0.05,0.2649006622516556,0.37037037037037035,0.20618556701030927,0.0,0.0,0.0,0.2887,97,,,0.16
A,r0.4,demon,3,300,0.3233,97,,,,0.4342,0.3188,0.6804,,,,,,"single fixed operating point, not threshold-based",,0.14
A,r0.4,slpa,3,300,0.3233,97,,,,0.0,0.0,0.0,,,,,,"single fixed operating point, not threshold-based",,0.22
A,r0.4,always_overlap (= naive top-2-FCM-center: every node forced to a 2nd community),3,300,0.3233,97,,,,0.4887,0.3233,1.0,,,,,,single fixed operating point,,0.0
A,r0.4,always_no_overlap,3,300,0.3233,97,,,,0.0,0.0,0.0,,,,,,single fixed operating point,,0.0
B,amazon,nfmcd_default,1,146,0.4658,68,0.7262443438914027,0.6800644103942857,0.05,0.3863636363636363,0.85,0.25,0.275,0.9166666666666666,0.16176470588235295,,,"structure-only dataset, no content",,0.02
B,amazon,nfmcd_robust,1,146,0.4658,68,0.7262443438914028,0.6800644103942857,0.05,0.3863636363636363,0.85,0.25,0.275,0.9166666666666666,0.16176470588235295,,,"structure-only dataset, no content",,0.02
B,amazon,demon,1,146,0.4658,68,,,,0.56,0.614,0.5147,,,,,,single fixed operating point,,0.03
B,amazon,slpa,1,146,0.4658,68,,,,0.3043,0.5833,0.2059,,,,,,single fixed operating point,,0.03
B,amazon,always_overlap,1,146,0.4658,68,,,,0.6355,0.4658,1.0,,,,,,single fixed operating point,,0.0
B,amazon,always_no_overlap,1,146,0.4658,68,,,,0.0,0.0,0.0,,,,,,single fixed operating point,,0.0
B,amazon,nfmcd_default,2,146,0.4658,68,0.7273755656108598,0.6807028783979987,0.05,0.3863636363636363,0.85,0.25,0.275,0.9166666666666666,0.16176470588235295,,,"structure-only dataset, no content",,0.02
B,amazon,nfmcd_robust,2,146,0.4658,68,0.7262443438914027,0.6801968958208888,0.05,0.3863636363636363,0.85,0.25,0.275,0.9166666666666666,0.16176470588235295,,,"structure-only dataset, no content",,0.01
B,amazon,demon,2,146,0.4658,68,,,,0.5344,0.5556,0.5147,,,,,,single fixed operating point,,0.02
B,amazon,slpa,2,146,0.4658,68,,,,0.0779,0.3333,0.0441,,,,,,single fixed operating point,,0.05
B,amazon,always_overlap,2,146,0.4658,68,,,,0.6355,0.4658,1.0,,,,,,single fixed operating point,,0.0
B,amazon,always_no_overlap,2,146,0.4658,68,,,,0.0,0.0,0.0,,,,,,single fixed operating point,,0.0
A,r0.4,nfmcd_default,4,300,0.3167,95,0.4807188703465982,0.30092484969884564,0.05,0.38735177865612647,0.310126582278481,0.5157894736842106,0.0,0.0,0.0,0.2632,95,,,0.12
A,r0.4,nfmcd_robust,4,300,0.3167,95,0.4962772785622593,0.30835713614030424,0.05,0.2222222222222222,0.32653061224489793,0.16842105263157894,0.0,0.0,0.0,0.3474,95,,,0.09
A,r0.4,demon,4,300,0.3167,95,,,,0.4757,0.3142,0.9789,,,,,,"single fixed operating point, not threshold-based",,0.19
A,r0.4,slpa,4,300,0.3167,95,,,,0.0,0.0,0.0,,,,,,"single fixed operating point, not threshold-based",,0.2
A,r0.4,always_overlap (= naive top-2-FCM-center: every node forced to a 2nd community),4,300,0.3167,95,,,,0.481,0.3167,1.0,,,,,,single fixed operating point,,0.0
A,r0.4,always_no_overlap,4,300,0.3167,95,,,,0.0,0.0,0.0,,,,,,single fixed operating point,,0.0
B,dblp,nfmcd_default,0,1072,0.0103,11,0.6210264758803872,0.14050149940270618,0.3,0.2105263157894737,0.25,0.18181818181818182,0.1702127659574468,0.1111111111111111,0.36363636363636365,,,"structure-only dataset, no content",,0.12
B,dblp,nfmcd_robust,0,1072,0.0103,11,0.6210264758803873,0.14050149940270618,0.3,0.2105263157894737,0.25,0.18181818181818182,0.1702127659574468,0.1111111111111111,0.36363636363636365,,,"structure-only dataset, no content",,0.09
B,dblp,demon,0,1072,0.0103,11,,,,0.0316,0.0163,0.5455,,,,,,single fixed operating point,,0.31
B,dblp,slpa,0,1072,0.0103,11,,,,0.0316,0.0168,0.2727,,,,,,single fixed operating point,,0.34
B,dblp,always_overlap,0,1072,0.0103,11,,,,0.0203,0.0103,1.0,,,,,,single fixed operating point,,0.0
B,dblp,always_no_overlap,0,1072,0.0103,11,,,,0.0,0.0,0.0,,,,,,single fixed operating point,,0.0
B,dblp,nfmcd_default,1,1072,0.0103,11,0.6210264758803873,0.14050149940270618,0.3,0.2105263157894737,0.25,0.18181818181818182,0.1702127659574468,0.1111111111111111,0.36363636363636365,,,"structure-only dataset, no content",,0.09
B,dblp,nfmcd_robust,1,1072,0.0103,11,0.6210264758803873,0.14050149940270618,0.3,0.2105263157894737,0.25,0.18181818181818182,0.1702127659574468,0.1111111111111111,0.36363636363636365,,,"structure-only dataset, no content",,0.09
B,dblp,demon,1,1072,0.0103,11,,,,0.0422,0.0217,0.7273,,,,,,single fixed operating point,,0.36
B,dblp,slpa,1,1072,0.0103,11,,,,0.022,0.0117,0.1818,,,,,,single fixed operating point,,0.31
B,dblp,always_overlap,1,1072,0.0103,11,,,,0.0203,0.0103,1.0,,,,,,single fixed operating point,,0.0
B,dblp,always_no_overlap,1,1072,0.0103,11,,,,0.0,0.0,0.0,,,,,,single fixed operating point,,0.0
B,dblp,nfmcd_default,2,1072,0.0103,11,0.6210264758803873,0.14050149940270618,0.3,0.2105263157894737,0.25,0.18181818181818182,0.1702127659574468,0.1111111111111111,0.36363636363636365,,,"structure-only dataset, no content",,0.06
B,dblp,nfmcd_robust,2,1072,0.0103,11,0.6210264758803873,0.14050149940270618,0.3,0.2105263157894737,0.25,0.18181818181818182,0.1702127659574468,0.1111111111111111,0.36363636363636365,,,"structure-only dataset, no content",,0.11
B,dblp,demon,2,1072,0.0103,11,,,,0.0315,0.0162,0.5455,,,,,,single fixed operating point,,0.33
B,dblp,slpa,2,1072,0.0103,11,,,,0.0345,0.019,0.1818,,,,,,single fixed operating point,,0.39
B,dblp,always_overlap,2,1072,0.0103,11,,,,0.0203,0.0103,1.0,,,,,,single fixed operating point,,0.0
B,dblp,always_no_overlap,2,1072,0.0103,11,,,,0.0,0.0,0.0,,,,,,single fixed operating point,,0.0
C,crisismmd,nfmcd_default,2,800,0.0,0,,,,,,,,,0.0575,,,reframed: no true overlap here; recall_at_0.2 column repurposed as false-positive overlap rate at threshold 0.2 (lower = better),,0.88
C,crisismmd,nfmcd_structure_only,2,800,0.0,0,,,,,,,,,0.1938,,,reframed: no true overlap here; recall_at_0.2 column repurposed as false-positive overlap rate at threshold 0.2 (lower = better),,0.06
C,crisismmd,nfmcd_text_only,2,800,0.0,0,,,,,,,,,0.1075,,,reframed: no true overlap here; recall_at_0.2 column repurposed as false-positive overlap rate at threshold 0.2 (lower = better),,0.67
C,crisismmd,nfmcd_image_only,2,800,0.0,0,,,,,,,,,0.5437,,,reframed: no true overlap here; recall_at_0.2 column repurposed as false-positive overlap rate at threshold 0.2 (lower = better),,1.12
C,crisismmd,nfmcd_default,1,800,0.0,0,,,,,,,,,0.0,,,reframed: no true overlap here; recall_at_0.2 column repurposed as false-positive overlap rate at threshold 0.2 (lower = better),,0.99
C,crisismmd,nfmcd_structure_only,1,800,0.0,0,,,,,,,,,0.0963,,,reframed: no true overlap here; recall_at_0.2 column repurposed as false-positive overlap rate at threshold 0.2 (lower = better),,0.03
C,crisismmd,nfmcd_text_only,1,800,0.0,0,,,,,,,,,0.5425,,,reframed: no true overlap here; recall_at_0.2 column repurposed as false-positive overlap rate at threshold 0.2 (lower = better),,0.73
C,crisismmd,nfmcd_image_only,1,800,0.0,0,,,,,,,,,0.5437,,,reframed: no true overlap here; recall_at_0.2 column repurposed as false-positive overlap rate at threshold 0.2 (lower = better),,1.17
C,crisismmd,nfmcd_default,0,800,0.0,0,,,,,,,,,0.0425,,,reframed: no true overlap here; recall_at_0.2 column repurposed as false-positive overlap rate at threshold 0.2 (lower = better),,1.06
C,crisismmd,nfmcd_structure_only,0,800,0.0,0,,,,,,,,,0.1475,,,reframed: no true overlap here; recall_at_0.2 column repurposed as false-positive overlap rate at threshold 0.2 (lower = better),,0.06
C,crisismmd,nfmcd_text_only,0,800,0.0,0,,,,,,,,,0.5425,,,reframed: no true overlap here; recall_at_0.2 column repurposed as false-positive overlap rate at threshold 0.2 (lower = better),,0.75
C,crisismmd,nfmcd_image_only,0,800,0.0,0,,,,,,,,,0.53,,,reframed: no true overlap here; recall_at_0.2 column repurposed as false-positive overlap rate at threshold 0.2 (lower = better),,1.22
C,fakeddit,nfmcd_default,1,1200,0.0,0,,,,,,,,,0.1858,,,reframed: no true overlap here; recall_at_0.2 column repurposed as false-positive overlap rate at threshold 0.2 (lower = better),,3.16
C,fakeddit,nfmcd_structure_only,1,1200,0.0,0,,,,,,,,,0.0417,,,reframed: no true overlap here; recall_at_0.2 column repurposed as false-positive overlap rate at threshold 0.2 (lower = better),,0.08
C,fakeddit,nfmcd_text_only,1,1200,0.0,0,,,,,,,,,0.5033,,,reframed: no true overlap here; recall_at_0.2 column repurposed as false-positive overlap rate at threshold 0.2 (lower = better),,1.12
C,fakeddit,nfmcd_image_only,1,1200,0.0,0,,,,,,,,,0.3433,,,reframed: no true overlap here; recall_at_0.2 column repurposed as false-positive overlap rate at threshold 0.2 (lower = better),,1.59
C,fakeddit,nfmcd_default,0,1200,0.0,0,,,,,,,,,0.2408,,,reframed: no true overlap here; recall_at_0.2 column repurposed as false-positive overlap rate at threshold 0.2 (lower = better),,3.34
C,fakeddit,nfmcd_structure_only,0,1200,0.0,0,,,,,,,,,0.3375,,,reframed: no true overlap here; recall_at_0.2 column repurposed as false-positive overlap rate at threshold 0.2 (lower = better),,0.12
C,fakeddit,nfmcd_text_only,0,1200,0.0,0,,,,,,,,,0.5058,,,reframed: no true overlap here; recall_at_0.2 column repurposed as false-positive overlap rate at threshold 0.2 (lower = better),,1.55
C,fakeddit,nfmcd_image_only,0,1200,0.0,0,,,,,,,,,0.5017,,,reframed: no true overlap here; recall_at_0.2 column repurposed as false-positive overlap rate at threshold 0.2 (lower = better),,1.33
C,fakeddit,nfmcd_default,2,1200,0.0,0,,,,,,,,,0.1817,,,reframed: no true overlap here; recall_at_0.2 column repurposed as false-positive overlap rate at threshold 0.2 (lower = better),,3.16
C,fakeddit,nfmcd_structure_only,2,1200,0.0,0,,,,,,,,,0.3375,,,reframed: no true overlap here; recall_at_0.2 column repurposed as false-positive overlap rate at threshold 0.2 (lower = better),,0.08
C,fakeddit,nfmcd_text_only,2,1200,0.0,0,,,,,,,,,0.3375,,,reframed: no true overlap here; recall_at_0.2 column repurposed as false-positive overlap rate at threshold 0.2 (lower = better),,1.83
C,fakeddit,nfmcd_image_only,2,1200,0.0,0,,,,,,,,,0.5017,,,reframed: no true overlap here; recall_at_0.2 column repurposed as false-positive overlap rate at threshold 0.2 (lower = better),,4.26
