rate,blend,method,seed,n_nodes,true_overlap_rate,n_true_overlap,auroc,ap,best_thr,best_f1,precision_at_best,recall_at_best,f1_at_0.2,precision_at_0.2,recall_at_0.2,second_comm_acc,n_eval_second,primary_onmi,primary_modularity,primary_f1,note,error,secs
0.1,0.0,nfmcd_default,3,300,0.0867,26,0.595592363840539,0.13894726000125512,0.05,0.20095693779904306,0.11475409836065574,0.8076923076923077,0.07142857142857144,0.5,0.038461538461538464,0.2308,26,0.8584,0.4878,0.9587,,,0.61
0.1,0.0,nfmcd_robust,3,300,0.0867,26,0.6520213363279057,0.16498393715804838,0.05,0.1904761904761905,0.13793103448275862,0.3076923076923077,0.0,0.0,0.0,0.1923,26,0.8615,0.4878,0.9586,,,0.2
0.1,0.0,demon,3,300,0.0867,26,,,,0.1717,0.0966,0.7692,,,,,,,,,single fixed operating point,,1.78
0.1,0.0,slpa,3,300,0.0867,26,,,,0.0,0.0,0.0,,,,,,,,,single fixed operating point,,0.2
0.1,0.0,always_overlap,3,300,0.0867,26,,,,0.1595,0.0867,1.0,,,,,,,,,single fixed operating point,,0.0
0.1,0.0,always_no_overlap,3,300,0.0867,26,,,,0.0,0.0,0.0,,,,,,,,,single fixed operating point,,0.0
0.1,0.0,nfmcd_default,0,300,0.08,24,0.4296497584541063,0.07611845884938609,0.1,0.14285714285714285,0.10869565217391304,0.20833333333333334,0.0,0.0,0.0,0.25,24,0.8616,0.4942,0.9601,,,0.62
0.1,0.0,nfmcd_robust,0,300,0.08,24,0.4948671497584541,0.0852624428658951,0.05,0.11594202898550726,0.08888888888888889,0.16666666666666666,0.0,0.0,0.0,0.1667,24,0.8689,0.4942,0.9616,,,0.23
0.1,0.0,demon,0,300,0.08,24,,,,0.1486,0.0803,1.0,,,,,,,,,single fixed operating point,,1.77
0.1,0.0,slpa,0,300,0.08,24,,,,0.1264,0.0733,0.4583,,,,,,,,,single fixed operating point,,0.22
0.1,0.0,always_overlap,0,300,0.08,24,,,,0.1481,0.08,1.0,,,,,,,,,single fixed operating point,,0.0
0.1,0.0,always_no_overlap,0,300,0.08,24,,,,0.0,0.0,0.0,,,,,,,,,single fixed operating point,,0.0
0.1,0.0,nfmcd_default,1,300,0.0633,19,0.4603858400449522,0.05970726264636495,0.05,0.11214953271028039,0.06153846153846154,0.631578947368421,0.0,0.0,0.0,0.1579,19,0.8755,0.5047,0.9663,,,0.58
0.1,0.0,nfmcd_robust,1,300,0.0633,19,0.4999063495036524,0.07968385723080253,0.05,0.14285714285714285,0.09803921568627451,0.2631578947368421,0.0,0.0,0.0,0.1053,19,0.8903,0.5047,0.9694,,,0.22
0.1,0.0,demon,1,300,0.0633,19,,,,0.1203,0.064,1.0,,,,,,,,,single fixed operating point,,1.8
0.1,0.0,slpa,1,300,0.0633,19,,,,0.0,0.0,0.0,,,,,,,,,single fixed operating point,,0.25
0.1,0.0,always_overlap,1,300,0.0633,19,,,,0.1191,0.0633,1.0,,,,,,,,,single fixed operating point,,0.0
0.1,0.0,always_no_overlap,1,300,0.0633,19,,,,0.0,0.0,0.0,,,,,,,,,single fixed operating point,,0.0
0.1,0.0,nfmcd_default,2,300,0.08,24,0.4335748792270531,0.07690793586603578,0.1,0.13513513513513514,0.1,0.20833333333333334,0.0,0.0,0.0,0.25,24,0.8417,0.4782,0.9544,,,0.59
0.1,0.0,nfmcd_robust,2,300,0.08,24,0.42300724637681164,0.06676026090345316,0.05,0.025974025974025972,0.018867924528301886,0.041666666666666664,0.0,0.0,0.0,0.125,24,0.8597,0.4782,0.959,,,0.22
0.1,0.0,demon,2,300,0.08,24,,,,0.1505,0.0814,1.0,,,,,,,,,single fixed operating point,,1.81
0.1,0.0,slpa,2,300,0.08,24,,,,0.0,0.0,0.0,,,,,,,,,single fixed operating point,,0.26
0.1,0.0,always_overlap,2,300,0.08,24,,,,0.1481,0.08,1.0,,,,,,,,,single fixed operating point,,0.0
0.1,0.0,always_no_overlap,2,300,0.08,24,,,,0.0,0.0,0.0,,,,,,,,,single fixed operating point,,0.0
0.1,0.0,nfmcd_default,4,300,0.0867,26,0.49775407074677147,0.13413989471016508,0.05,0.15873015873015872,0.09202453987730061,0.5769230769230769,0.07407407407407407,1.0,0.038461538461538464,0.2308,26,0.8556,0.512,0.9572,,,0.14
0.1,0.0,nfmcd_robust,4,300,0.0867,26,0.4632229084783829,0.12277914937884953,0.05,0.0857142857142857,0.06818181818181818,0.11538461538461539,0.07407407407407407,1.0,0.038461538461538464,0.1923,26,0.8556,0.512,0.9572,,,0.16
0.1,0.0,demon,4,300,0.0867,26,,,,0.1615,0.0878,1.0,,,,,,,,,single fixed operating point,,0.17
0.1,0.0,slpa,4,300,0.0867,26,,,,0.0,0.0,0.0,,,,,,,,,single fixed operating point,,0.2
0.1,0.0,always_overlap,4,300,0.0867,26,,,,0.1595,0.0867,1.0,,,,,,,,,single fixed operating point,,0.0
0.1,0.0,always_no_overlap,4,300,0.0867,26,,,,0.0,0.0,0.0,,,,,,,,,single fixed operating point,,0.0
0.1,0.3,nfmcd_default,0,300,0.08,24,0.573973429951691,0.17486945156181816,0.1,0.20779220779220778,0.1509433962264151,0.3333333333333333,0.14285714285714285,0.5,0.08333333333333333,0.625,24,0.8629,0.477,0.9619,,,0.17
0.1,0.3,nfmcd_robust,0,300,0.08,24,0.6082427536231884,0.1852380842645528,0.05,0.15789473684210525,0.11538461538461539,0.25,0.07999999999999999,1.0,0.041666666666666664,0.875,24,0.8615,0.477,0.9601,,,0.14
0.1,0.3,demon,0,300,0.08,24,,,,0.1486,0.0803,1.0,,,,,,,,,single fixed operating point,,0.14
0.1,0.3,slpa,0,300,0.08,24,,,,0.0779,0.0566,0.125,,,,,,,,,single fixed operating point,,0.22
0.1,0.3,always_overlap,0,300,0.08,24,,,,0.1481,0.08,1.0,,,,,,,,,single fixed operating point,,0.0
0.1,0.3,always_no_overlap,0,300,0.08,24,,,,0.0,0.0,0.0,,,,,,,,,single fixed operating point,,0.0
0.1,0.3,nfmcd_default,1,300,0.0633,19,0.6259599175875632,0.11186350585579599,0.1,0.175,0.11475409836065574,0.3684210526315789,0.0,0.0,0.0,0.6316,19,0.8754,0.4905,0.9663,,,0.16
0.1,0.3,nfmcd_robust,1,300,0.0633,19,0.5988012736467503,0.13625182585165815,0.1,0.2222222222222222,0.23529411764705882,0.21052631578947367,0.0,0.0,0.0,0.7895,19,0.8828,0.4905,0.9678,,,0.16
0.1,0.3,demon,1,300,0.0633,19,,,,0.1199,0.0638,1.0,,,,,,,,,single fixed operating point,,0.16
0.1,0.3,slpa,1,300,0.0633,19,,,,0.1667,0.122,0.2632,,,,,,,,,single fixed operating point,,0.22
0.1,0.3,always_overlap,1,300,0.0633,19,,,,0.1191,0.0633,1.0,,,,,,,,,single fixed operating point,,0.0
0.1,0.3,always_no_overlap,1,300,0.0633,19,,,,0.0,0.0,0.0,,,,,,,,,single fixed operating point,,0.0
0.1,0.3,nfmcd_default,2,300,0.08,24,0.5957125603864735,0.14770122274984085,0.1,0.19753086419753085,0.14035087719298245,0.3333333333333333,0.0,0.0,0.0,0.5833,24,0.8417,0.4575,0.9544,,,0.19
0.1,0.3,nfmcd_robust,2,300,0.08,24,0.5560084541062802,0.09730621703573644,0.1,0.1111111111111111,0.16666666666666666,0.08333333333333333,0.0,0.0,0.0,0.75,24,0.8541,0.4575,0.9575,,,0.12
0.1,0.3,demon,2,300,0.08,24,,,,0.1509,0.0816,1.0,,,,,,,,,single fixed operating point,,0.17
0.1,0.3,slpa,2,300,0.08,24,,,,0.0,0.0,0.0,,,,,,,,,single fixed operating point,,0.24
0.1,0.3,always_overlap,2,300,0.08,24,,,,0.1481,0.08,1.0,,,,,,,,,single fixed operating point,,0.0
0.1,0.3,always_no_overlap,2,300,0.08,24,,,,0.0,0.0,0.0,,,,,,,,,single fixed operating point,,0.0
0.1,0.5,nfmcd_default,0,300,0.08,24,0.6375301932367149,0.2832261987283978,0.15,0.2727272727272727,0.3,0.25,0.21428571428571427,0.75,0.125,0.7917,24,0.8766,0.4623,0.9651,,,0.12
0.1,0.5,nfmcd_robust,0,300,0.08,24,0.7095410628019324,0.22747952287785334,0.05,0.25,0.17857142857142858,0.4166666666666667,0.07999999999999999,1.0,0.041666666666666664,1.0,24,0.8741,0.4625,0.9633,,,0.11
0.1,0.5,demon,0,300,0.08,24,,,,0.1486,0.0803,1.0,,,,,,,,,single fixed operating point,,0.14
0.1,0.5,slpa,0,300,0.08,24,,,,0.0,0.0,0.0,,,,,,,,,single fixed operating point,,0.22
0.1,0.5,always_overlap,0,300,0.08,24,,,,0.1481,0.08,1.0,,,,,,,,,single fixed operating point,,0.0
0.1,0.5,always_no_overlap,0,300,0.08,24,,,,0.0,0.0,0.0,,,,,,,,,single fixed operating point,,0.0
0.1,0.3,nfmcd_default,3,300,0.0867,26,0.7074677147669849,0.22619958826693704,0.05,0.2173913043478261,0.12254901960784313,0.9615384615384616,0.07142857142857144,0.5,0.038461538461538464,0.5385,26,0.8584,0.4646,0.9587,,,0.14
0.1,0.3,nfmcd_robust,3,300,0.0867,26,0.6962380685008422,0.22251784986595816,0.05,0.2650602409638554,0.19298245614035087,0.4230769230769231,0.07407407407407407,1.0,0.038461538461538464,0.6154,26,0.8659,0.4646,0.9603,,,0.11
0.1,0.3,demon,3,300,0.0867,26,,,,0.16,0.087,1.0,,,,,,,,,single fixed operating point,,0.19
0.1,0.3,slpa,3,300,0.0867,26,,,,0.1616,0.1096,0.3077,,,,,,,,,single fixed operating point,,0.22
0.1,0.3,always_overlap,3,300,0.0867,26,,,,0.1595,0.0867,1.0,,,,,,,,,single fixed operating point,,0.0
0.1,0.3,always_no_overlap,3,300,0.0867,26,,,,0.0,0.0,0.0,,,,,,,,,single fixed operating point,,0.0
0.1,0.3,nfmcd_default,4,300,0.0867,26,0.6431779898933184,0.2847910737683892,0.1,0.273972602739726,0.2127659574468085,0.38461538461538464,0.20689655172413793,1.0,0.11538461538461539,0.6154,26,0.864,0.4885,0.9605,,,0.11
0.1,0.3,nfmcd_robust,4,300,0.0867,26,0.6177709152161708,0.24331791906765282,0.1,0.2,0.2857142857142857,0.15384615384615385,0.14285714285714288,1.0,0.07692307692307693,0.6538,26,0.8593,0.4885,0.9589,,,0.11
0.1,0.3,demon,4,300,0.0867,26,,,,0.161,0.0875,1.0,,,,,,,,,single fixed operating point,,0.14
0.1,0.3,slpa,4,300,0.0867,26,,,,0.0,0.0,0.0,,,,,,,,,single fixed operating point,,0.25
0.1,0.3,always_overlap,4,300,0.0867,26,,,,0.1595,0.0867,1.0,,,,,,,,,single fixed operating point,,0.0
0.1,0.3,always_no_overlap,4,300,0.0867,26,,,,0.0,0.0,0.0,,,,,,,,,single fixed operating point,,0.0
0.1,0.5,nfmcd_default,1,300,0.0633,19,0.8613972654055067,0.4283269967787021,0.15,0.46153846153846156,0.45,0.47368421052631576,0.25,0.6,0.15789473684210525,0.6842,19,0.8779,0.4762,0.9681,,,0.14
0.1,0.5,nfmcd_robust,1,300,0.0633,19,0.7711181869263908,0.3206931652714037,0.2,0.2727272727272727,1.0,0.15789473684210525,0.2727272727272727,1.0,0.15789473684210525,0.8421,19,0.9053,0.4762,0.9743,,,0.14
0.1,0.5,demon,1,300,0.0633,19,,,,0.1191,0.0633,1.0,,,,,,,,,single fixed operating point,,0.14
0.1,0.5,slpa,1,300,0.0633,19,,,,0.0,0.0,0.0,,,,,,,,,single fixed operating point,,0.22
0.1,0.5,always_overlap,1,300,0.0633,19,,,,0.1191,0.0633,1.0,,,,,,,,,single fixed operating point,,0.0
0.1,0.5,always_no_overlap,1,300,0.0633,19,,,,0.0,0.0,0.0,,,,,,,,,single fixed operating point,,0.0
0.1,0.5,nfmcd_default,2,300,0.08,24,0.6508152173913043,0.21027993189377478,0.1,0.27906976744186046,0.1935483870967742,0.5,0.13333333333333333,0.3333333333333333,0.08333333333333333,0.75,24,0.8587,0.4459,0.9593,,,0.16
0.1,0.5,nfmcd_robust,2,300,0.08,24,0.6420591787439613,0.1657173375554734,0.1,0.15789473684210525,0.21428571428571427,0.125,0.07692307692307693,0.5,0.041666666666666664,0.8333,24,0.8716,0.4459,0.9622,,,0.12
0.1,0.5,demon,2,300,0.08,24,,,,0.1505,0.0814,1.0,,,,,,,,,single fixed operating point,,0.12
0.1,0.5,slpa,2,300,0.08,24,,,,0.0,0.0,0.0,,,,,,,,,single fixed operating point,,0.27
0.1,0.5,always_overlap,2,300,0.08,24,,,,0.1481,0.08,1.0,,,,,,,,,single fixed operating point,,0.0
0.1,0.5,always_no_overlap,2,300,0.08,24,,,,0.0,0.0,0.0,,,,,,,,,single fixed operating point,,0.0
0.1,0.5,nfmcd_default,3,300,0.0867,26,0.7994104435710275,0.5021360170012401,0.2,0.42424242424242425,1.0,0.2692307692307692,0.42424242424242425,1.0,0.2692307692307692,0.6923,26,0.8931,0.4513,0.9701,,,0.12
0.1,0.5,nfmcd_robust,3,300,0.0867,26,0.8090960134755756,0.4119398582363995,0.1,0.38461538461538464,0.38461538461538464,0.38461538461538464,0.2666666666666667,1.0,0.15384615384615385,0.8462,26,0.8783,0.4491,0.9652,,,0.12
0.1,0.5,demon,3,300,0.0867,26,,,,0.1961,0.1092,0.9615,,,,,,,,,single fixed operating point,,0.14
0.1,0.5,slpa,3,300,0.0867,26,,,,0.0339,0.0303,0.0385,,,,,,,,,single fixed operating point,,0.27
0.1,0.5,always_overlap,3,300,0.0867,26,,,,0.1595,0.0867,1.0,,,,,,,,,single fixed operating point,,0.0
0.1,0.5,always_no_overlap,3,300,0.0867,26,,,,0.0,0.0,0.0,,,,,,,,,single fixed operating point,,0.0
0.1,0.5,nfmcd_default,4,300,0.0867,26,0.7615103874227962,0.38441340160618676,0.1,0.3589743589743589,0.2692307692307692,0.5384615384615384,0.25806451612903225,0.8,0.15384615384615385,0.7308,26,0.8509,0.4742,0.9574,,,0.14
0.1,0.5,nfmcd_robust,4,300,0.0867,26,0.7297866367209433,0.3092837837177037,0.2,0.2666666666666667,1.0,0.15384615384615385,0.2666666666666667,1.0,0.15384615384615385,0.7308,26,0.8585,0.4754,0.959,,,0.14
0.1,0.5,demon,4,300,0.0867,26,,,,0.16,0.087,1.0,,,,,,,,,single fixed operating point,,0.14
0.1,0.5,slpa,4,300,0.0867,26,,,,0.0,0.0,0.0,,,,,,,,,single fixed operating point,,0.25
0.1,0.5,always_overlap,4,300,0.0867,26,,,,0.1595,0.0867,1.0,,,,,,,,,single fixed operating point,,0.0
0.1,0.5,always_no_overlap,4,300,0.0867,26,,,,0.0,0.0,0.0,,,,,,,,,single fixed operating point,,0.0
0.1,0.7,nfmcd_default,0,300,0.08,24,0.7518115942028986,0.453618813864216,0.15,0.5,0.55,0.4583333333333333,0.36363636363636365,0.6666666666666666,0.25,0.75,24,0.8653,0.4522,0.9638,,,0.12
0.1,0.7,nfmcd_robust,0,300,0.08,24,0.7957427536231884,0.40688487076851304,0.15,0.35294117647058826,0.6,0.25,0.2857142857142857,1.0,0.16666666666666666,0.875,24,0.8755,0.4521,0.9651,,,0.11
0.1,0.7,demon,0,300,0.08,24,,,,0.1486,0.0803,1.0,,,,,,,,,single fixed operating point,,0.22
0.1,0.7,slpa,0,300,0.08,24,,,,0.0,0.0,0.0,,,,,,,,,single fixed operating point,,0.27
0.1,0.7,always_overlap,0,300,0.08,24,,,,0.1481,0.08,1.0,,,,,,,,,single fixed operating point,,0.0
0.1,0.7,always_no_overlap,0,300,0.08,24,,,,0.0,0.0,0.0,,,,,,,,,single fixed operating point,,0.0
0.1,0.7,nfmcd_default,2,300,0.08,24,0.7815519323671498,0.3307511503244868,0.15,0.35555555555555557,0.38095238095238093,0.3333333333333333,0.3076923076923077,0.4,0.25,0.7917,24,0.8481,0.4335,0.9583,,,0.14
0.1,0.7,nfmcd_robust,2,300,0.08,24,0.8060084541062802,0.31681316128962306,0.15,0.3076923076923077,0.4,0.25,0.20689655172413793,0.6,0.125,0.9167,24,0.8769,0.4319,0.964,,,0.14
0.1,0.7,demon,2,300,0.08,24,,,,0.1505,0.0814,1.0,,,,,,,,,single fixed operating point,,0.19
0.1,0.7,slpa,2,300,0.08,24,,,,0.0,0.0,0.0,,,,,,,,,single fixed operating point,,0.2
0.1,0.7,always_overlap,2,300,0.08,24,,,,0.1481,0.08,1.0,,,,,,,,,single fixed operating point,,0.0
0.1,0.7,always_no_overlap,2,300,0.08,24,,,,0.0,0.0,0.0,,,,,,,,,single fixed operating point,,0.0
0.1,0.7,nfmcd_default,1,300,0.0633,19,0.89604794905413,0.5404982523615002,0.15,0.5,0.47619047619047616,0.5263157894736842,0.3846153846153846,0.7142857142857143,0.2631578947368421,0.6842,19,0.8891,0.4698,0.9713,,,0.14
0.1,0.7,nfmcd_robust,1,300,0.0633,19,0.8475369919460574,0.4314463447349685,0.1,0.380952380952381,0.34782608695652173,0.42105263157894735,0.2727272727272727,1.0,0.15789473684210525,0.7895,19,0.9043,0.4698,0.9743,,,0.14
0.1,0.7,demon,1,300,0.0633,19,,,,0.1191,0.0633,1.0,,,,,,,,,single fixed operating point,,0.19
0.1,0.7,slpa,1,300,0.0633,19,,,,0.0,0.0,0.0,,,,,,,,,single fixed operating point,,0.24
0.1,0.7,always_overlap,1,300,0.0633,19,,,,0.1191,0.0633,1.0,,,,,,,,,single fixed operating point,,0.0
0.1,0.7,always_no_overlap,1,300,0.0633,19,,,,0.0,0.0,0.0,,,,,,,,,single fixed operating point,,0.0
0.1,0.7,nfmcd_default,3,300,0.0867,26,0.8660864682762494,0.5842499639668639,0.2,0.5405405405405405,0.9090909090909091,0.38461538461538464,0.5405405405405405,0.9090909090909091,0.38461538461538464,0.7308,26,0.8881,0.4444,0.9703,,,0.14
0.1,0.7,nfmcd_robust,3,300,0.0867,26,0.9074957888826503,0.6299718104027393,0.1,0.5769230769230769,0.5769230769230769,0.5769230769230769,0.32258064516129037,1.0,0.19230769230769232,0.7692,26,0.8837,0.4447,0.9668,,,0.14
0.1,0.7,demon,3,300,0.0867,26,,,,0.1946,0.1082,0.9615,,,,,,,,,single fixed operating point,,0.16
0.1,0.7,slpa,3,300,0.0867,26,,,,0.0,0.0,0.0,,,,,,,,,single fixed operating point,,0.26
0.1,0.7,always_overlap,3,300,0.0867,26,,,,0.1595,0.0867,1.0,,,,,,,,,single fixed operating point,,0.0
0.1,0.7,always_no_overlap,3,300,0.0867,26,,,,0.0,0.0,0.0,,,,,,,,,single fixed operating point,,0.0
0.1,0.7,nfmcd_default,4,300,0.0867,26,0.7999719258843346,0.5483747657294324,0.15,0.5714285714285715,0.6086956521739131,0.5384615384615384,0.4864864864864865,0.8181818181818182,0.34615384615384615,0.6154,26,0.865,0.4626,0.9641,,,0.14
0.1,0.7,nfmcd_robust,4,300,0.0867,26,0.8238349241998877,0.5126755979399793,0.1,0.4583333333333333,0.5,0.4230769230769231,0.411764705882353,0.875,0.2692307692307692,0.8077,26,0.8631,0.4626,0.9624,,,0.11
0.1,0.7,demon,4,300,0.0867,26,,,,0.1605,0.0872,1.0,,,,,,,,,single fixed operating point,,0.17
0.1,0.7,slpa,4,300,0.0867,26,,,,0.1364,0.0849,0.3462,,,,,,,,,single fixed operating point,,0.31
0.1,0.7,always_overlap,4,300,0.0867,26,,,,0.1595,0.0867,1.0,,,,,,,,,single fixed operating point,,0.0
0.1,0.7,always_no_overlap,4,300,0.0867,26,,,,0.0,0.0,0.0,,,,,,,,,single fixed operating point,,0.0
0.1,1.0,nfmcd_default,1,300,0.0633,19,0.9554223637385277,0.7098289868007193,0.2,0.7567567567567567,0.7777777777777778,0.7368421052631579,0.7567567567567567,0.7777777777777778,0.7368421052631579,0.6842,19,0.9177,0.4558,0.9813,,,0.12
0.1,1.0,nfmcd_robust,1,300,0.0633,19,0.9601048885559094,0.7672722629786339,0.15,0.717948717948718,0.7,0.7368421052631579,0.6666666666666666,0.9090909090909091,0.5263157894736842,0.6842,19,0.9334,0.4555,0.9842,,,0.12
0.1,1.0,demon,1,300,0.0633,19,,,,0.1191,0.0633,1.0,,,,,,,,,single fixed operating point,,0.14
0.1,1.0,slpa,1,300,0.0633,19,,,,0.0,0.0,0.0,,,,,,,,,single fixed operating point,,0.22
0.1,1.0,always_overlap,1,300,0.0633,19,,,,0.1191,0.0633,1.0,,,,,,,,,single fixed operating point,,0.0
0.1,1.0,always_no_overlap,1,300,0.0633,19,,,,0.0,0.0,0.0,,,,,,,,,single fixed operating point,,0.0
0.1,1.0,nfmcd_default,0,300,0.08,24,0.8654891304347826,0.6251952771431519,0.15,0.6037735849056604,0.5517241379310345,0.6666666666666666,0.6,0.75,0.5,0.6667,24,0.89,0.4426,0.9719,,,0.17
0.1,1.0,nfmcd_robust,0,300,0.08,24,0.9417270531400966,0.7341447260465856,0.15,0.6666666666666666,0.7142857142857143,0.625,0.5714285714285715,0.9090909090909091,0.4166666666666667,0.8333,24,0.8968,0.4431,0.9733,,,0.14
0.1,1.0,demon,0,300,0.08,24,,,,0.1486,0.0803,1.0,,,,,,,,,single fixed operating point,,0.14
0.1,1.0,slpa,0,300,0.08,24,,,,0.0,0.0,0.0,,,,,,,,,single fixed operating point,,0.2
0.1,1.0,always_overlap,0,300,0.08,24,,,,0.1481,0.08,1.0,,,,,,,,,single fixed operating point,,0.0
0.1,1.0,always_no_overlap,0,300,0.08,24,,,,0.0,0.0,0.0,,,,,,,,,single fixed operating point,,0.0
0.1,1.0,nfmcd_default,2,300,0.08,24,0.8596014492753624,0.3507881628377115,0.15,0.5,0.4375,0.5833333333333334,0.35000000000000003,0.4375,0.2916666666666667,0.7083,24,0.8415,0.4294,0.9569,,,0.14
0.1,1.0,nfmcd_robust,2,300,0.08,24,0.9118357487922706,0.45044313439611056,0.1,0.4814814814814815,0.43333333333333335,0.5416666666666666,0.30303030303030304,0.5555555555555556,0.20833333333333334,0.8333,24,0.8698,0.43,0.9645,,,0.16
0.1,1.0,demon,2,300,0.08,24,,,,0.1505,0.0814,1.0,,,,,,,,,single fixed operating point,,0.19
0.1,1.0,slpa,2,300,0.08,24,,,,0.0909,0.0526,0.3333,,,,,,,,,single fixed operating point,,0.2
0.1,1.0,always_overlap,2,300,0.08,24,,,,0.1481,0.08,1.0,,,,,,,,,single fixed operating point,,0.0
0.1,1.0,always_no_overlap,2,300,0.08,24,,,,0.0,0.0,0.0,,,,,,,,,single fixed operating point,,0.0
0.1,1.0,nfmcd_default,3,300,0.0867,26,0.8968276249298147,0.7100892155789696,0.15,0.6875,0.5789473684210527,0.8461538461538461,0.5454545454545455,0.6666666666666666,0.46153846153846156,0.6154,26,0.8695,0.4315,0.9659,,,0.12
0.1,1.0,nfmcd_robust,3,300,0.0867,26,0.9598540145985401,0.7873340148436845,0.15,0.7083333333333333,0.7727272727272727,0.6538461538461539,0.5263157894736842,0.8333333333333334,0.38461538461538464,0.6538,26,0.8958,0.432,0.9718,,,0.14
0.1,1.0,demon,3,300,0.0867,26,,,,0.0,0.0,0.0,,,,,,,,,single fixed operating point,,0.16
0.1,1.0,slpa,3,300,0.0867,26,,,,0.0,0.0,0.0,,,,,,,,,single fixed operating point,,0.2
0.1,1.0,always_overlap,3,300,0.0867,26,,,,0.1595,0.0867,1.0,,,,,,,,,single fixed operating point,,0.0
0.1,1.0,always_no_overlap,3,300,0.0867,26,,,,0.0,0.0,0.0,,,,,,,,,single fixed operating point,,0.0
0.2,0.0,nfmcd_default,0,300,0.1933,58,0.47884012539184956,0.21366075318375086,0.05,0.2834008097165992,0.18518518518518517,0.603448275862069,0.03333333333333333,0.5,0.017241379310344827,0.2069,58,0.7449,0.4942,0.9101,,,0.12
0.2,0.0,nfmcd_robust,0,300,0.1933,58,0.49886007409518385,0.24662535688315496,0.05,0.22,0.2619047619047619,0.1896551724137931,0.03389830508474576,1.0,0.017241379310344827,0.1897,58,0.7523,0.4942,0.9116,,,0.16
0.2,0.0,demon,0,300,0.1933,58,,,,0.3193,0.1906,0.9828,,,,,,,,,single fixed operating point,,0.16
0.2,0.0,slpa,0,300,0.1933,58,,,,0.3269,0.2267,0.5862,,,,,,,,,single fixed operating point,,0.22
0.2,0.0,always_overlap,0,300,0.1933,58,,,,0.324,0.1933,1.0,,,,,,,,,single fixed operating point,,0.0
0.2,0.0,always_no_overlap,0,300,0.1933,58,,,,0.0,0.0,0.0,,,,,,,,,single fixed operating point,,0.0
0.1,1.0,nfmcd_default,4,300,0.0867,26,0.8875631667602469,0.6591997796860131,0.15,0.6101694915254238,0.5454545454545454,0.6923076923076923,0.5365853658536585,0.7333333333333333,0.4230769230769231,0.5,26,0.8657,0.4551,0.9657,,,0.16
0.1,1.0,nfmcd_robust,4,300,0.0867,26,0.929533969679955,0.7323582951206827,0.15,0.6808510638297872,0.7619047619047619,0.6153846153846154,0.6153846153846155,0.9230769230769231,0.46153846153846156,0.6538,26,0.8851,0.4524,0.9702,,,0.11
0.1,1.0,demon,4,300,0.0867,26,,,,0.16,0.087,1.0,,,,,,,,,single fixed operating point,,0.22
0.1,1.0,slpa,4,300,0.0867,26,,,,0.0,0.0,0.0,,,,,,,,,single fixed operating point,,0.22
0.1,1.0,always_overlap,4,300,0.0867,26,,,,0.1595,0.0867,1.0,,,,,,,,,single fixed operating point,,0.0
0.1,1.0,always_no_overlap,4,300,0.0867,26,,,,0.0,0.0,0.0,,,,,,,,,single fixed operating point,,0.0
0.2,0.0,nfmcd_default,1,300,0.15,45,0.49742919389978213,0.14582235855543485,0.05,0.272,0.16585365853658537,0.7555555555555555,0.0,0.0,0.0,0.2222,45,0.7861,0.5047,0.9289,,,0.16
0.2,0.0,nfmcd_robust,1,300,0.15,45,0.44331154684095864,0.14407961687563148,0.05,0.11764705882352941,0.125,0.1111111111111111,0.0,0.0,0.0,0.2444,45,0.7717,0.5047,0.926,,,0.14
0.2,0.0,demon,1,300,0.15,45,,,,0.2632,0.1515,1.0,,,,,,,,,single fixed operating point,,0.17
0.2,0.0,slpa,1,300,0.15,45,,,,0.0,0.0,0.0,,,,,,,,,single fixed operating point,,0.28
0.2,0.0,always_overlap,1,300,0.15,45,,,,0.2609,0.15,1.0,,,,,,,,,single fixed operating point,,0.0
0.2,0.0,always_no_overlap,1,300,0.15,45,,,,0.0,0.0,0.0,,,,,,,,,single fixed operating point,,0.0
0.2,0.0,nfmcd_default,2,300,0.1533,46,0.5067613830879836,0.1657548747537789,0.05,0.25296442687747034,0.15458937198067632,0.6956521739130435,0.041666666666666664,0.5,0.021739130434782608,0.1957,46,0.7786,0.4782,0.9265,,,0.14
0.2,0.0,nfmcd_robust,2,300,0.1533,46,0.5434782608695653,0.18008104632594957,0.05,0.20408163265306123,0.19230769230769232,0.21739130434782608,0.0,0.0,0.0,0.1522,46,0.7929,0.4782,0.9293,,,0.11
0.2,0.0,demon,2,300,0.1533,46,,,,0.2581,0.1492,0.9565,,,,,,,,,single fixed operating point,,0.12
0.2,0.0,slpa,2,300,0.1533,46,,,,0.0,0.0,0.0,,,,,,,,,single fixed operating point,,0.31
0.2,0.0,always_overlap,2,300,0.1533,46,,,,0.2659,0.1533,1.0,,,,,,,,,single fixed operating point,,0.0
0.2,0.0,always_no_overlap,2,300,0.1533,46,,,,0.0,0.0,0.0,,,,,,,,,single fixed operating point,,0.0
0.2,0.0,nfmcd_default,3,300,0.1767,53,0.52020472080055,0.1773901373187916,0.05,0.282258064516129,0.1794871794871795,0.660377358490566,0.0,0.0,0.0,0.2264,53,0.7248,0.4878,0.9094,,,0.11
0.2,0.0,nfmcd_robust,3,300,0.1767,53,0.5549614238790009,0.19166318931762905,0.05,0.16822429906542055,0.16666666666666666,0.16981132075471697,0.0,0.0,0.0,0.2264,53,0.7481,0.4878,0.915,,,0.11
0.2,0.0,demon,3,300,0.1767,53,,,,0.2769,0.1739,0.6792,,,,,,,,,single fixed operating point,,0.12
0.2,0.0,slpa,3,300,0.1767,53,,,,0.0,0.0,0.0,,,,,,,,,single fixed operating point,,0.23
0.2,0.0,always_overlap,3,300,0.1767,53,,,,0.3003,0.1767,1.0,,,,,,,,,single fixed operating point,,0.0
0.2,0.0,always_no_overlap,3,300,0.1767,53,,,,0.0,0.0,0.0,,,,,,,,,single fixed operating point,,0.0
0.2,0.0,nfmcd_default,4,300,0.1533,46,0.5096713454296473,0.17678448119828072,0.05,0.22522522522522523,0.14204545454545456,0.5434782608695652,0.0,0.0,0.0,0.2391,46,0.7776,0.512,0.9262,,,0.12
0.2,0.0,nfmcd_robust,4,300,0.1533,46,0.5069325573433756,0.16765272231240397,0.05,0.10869565217391304,0.10869565217391304,0.10869565217391304,0.0,0.0,0.0,0.1957,46,0.783,0.512,0.9275,,,0.11
0.2,0.0,demon,4,300,0.1533,46,,,,0.2573,0.1486,0.9565,,,,,,,,,single fixed operating point,,0.12
0.2,0.0,slpa,4,300,0.1533,46,,,,0.0,0.0,0.0,,,,,,,,,single fixed operating point,,0.3
0.2,0.0,always_overlap,4,300,0.1533,46,,,,0.2659,0.1533,1.0,,,,,,,,,single fixed operating point,,0.0
0.2,0.0,always_no_overlap,4,300,0.1533,46,,,,0.0,0.0,0.0,,,,,,,,,single fixed operating point,,0.0
0.2,0.3,nfmcd_default,0,300,0.1933,58,0.628312909660872,0.28338854577073447,0.05,0.35971223021582727,0.22727272727272727,0.8620689655172413,0.09375,0.5,0.05172413793103448,0.5345,58,0.7381,0.454,0.9107,,,0.16
0.2,0.3,nfmcd_robust,0,300,0.1933,58,0.6013821601595897,0.3114243506530219,0.05,0.2727272727272727,0.28846153846153844,0.25862068965517243,0.09836065573770492,1.0,0.05172413793103448,0.6724,58,0.7577,0.4543,0.9148,,,0.09
0.2,0.3,demon,0,300,0.1933,58,,,,0.3252,0.1978,0.9138,,,,,,,,,single fixed operating point,,0.2
0.2,0.3,slpa,0,300,0.1933,58,,,,0.0,0.0,0.0,,,,,,,,,single fixed operating point,,0.25
0.2,0.3,always_overlap,0,300,0.1933,58,,,,0.324,0.1933,1.0,,,,,,,,,single fixed operating point,,0.0
0.2,0.3,always_no_overlap,0,300,0.1933,58,,,,0.0,0.0,0.0,,,,,,,,,single fixed operating point,,0.0
0.2,0.3,nfmcd_default,1,300,0.15,45,0.6277124183006536,0.2574490956693237,0.1,0.3114754098360656,0.24675324675324675,0.4222222222222222,0.0851063829787234,1.0,0.044444444444444446,0.5111,45,0.8002,0.47,0.9337,,,0.12
0.2,0.3,nfmcd_robust,1,300,0.15,45,0.5467538126361655,0.19923951776630489,0.05,0.2222222222222222,0.2037037037037037,0.24444444444444444,0.0,0.0,0.0,0.7556,45,0.7862,0.47,0.9289,,,0.17
0.2,0.3,demon,1,300,0.15,45,,,,0.2609,0.15,1.0,,,,,,,,,single fixed operating point,,0.19
0.2,0.3,slpa,1,300,0.15,45,,,,0.0,0.0,0.0,,,,,,,,,single fixed operating point,,0.25
0.2,0.3,always_overlap,1,300,0.15,45,,,,0.2609,0.15,1.0,,,,,,,,,single fixed operating point,,0.0
0.2,0.3,always_no_overlap,1,300,0.15,45,,,,0.0,0.0,0.0,,,,,,,,,single fixed operating point,,0.0
0.2,0.3,nfmcd_default,2,300,0.1533,46,0.6246148579253681,0.2966565834992944,0.1,0.3015873015873016,0.2375,0.41304347826086957,0.21818181818181817,0.6666666666666666,0.13043478260869565,0.5652,46,0.7831,0.437,0.9318,,,0.14
0.2,0.3,nfmcd_robust,2,300,0.1533,46,0.6151146867511126,0.25993736155283526,0.05,0.2982456140350877,0.25,0.3695652173913043,0.04081632653061224,0.3333333333333333,0.021739130434782608,0.7174,46,0.7839,0.4378,0.9281,,,0.12
0.2,0.3,demon,2,300,0.1533,46,,,,0.2682,0.1549,1.0,,,,,,,,,single fixed operating point,,0.16
0.2,0.3,slpa,2,300,0.1533,46,,,,0.0,0.0,0.0,,,,,,,,,single fixed operating point,,0.25
0.2,0.3,always_overlap,2,300,0.1533,46,,,,0.2659,0.1533,1.0,,,,,,,,,single fixed operating point,,0.0
0.2,0.3,always_no_overlap,2,300,0.1533,46,,,,0.0,0.0,0.0,,,,,,,,,single fixed operating point,,0.0
0.2,0.3,nfmcd_default,3,300,0.1767,53,0.6873424490107707,0.28238635125444883,0.05,0.3475177304964539,0.21397379912663755,0.9245283018867925,0.06779661016949153,0.3333333333333333,0.03773584905660377,0.6226,53,0.749,0.4458,0.9167,,,0.11
0.2,0.3,nfmcd_robust,3,300,0.1767,53,0.6594606981895959,0.29981753857694915,0.05,0.38655462184873957,0.3484848484848485,0.4339622641509434,0.03636363636363636,0.5,0.018867924528301886,0.8113,53,0.7655,0.4458,0.9194,,,0.12
0.2,0.3,demon,3,300,0.1767,53,,,,0.3106,0.1859,0.9434,,,,,,,,,single fixed operating point,,0.16
0.2,0.3,slpa,3,300,0.1767,53,,,,0.0,0.0,0.0,,,,,,,,,single fixed operating point,,0.22
0.2,0.3,always_overlap,3,300,0.1767,53,,,,0.3003,0.1767,1.0,,,,,,,,,single fixed operating point,,0.0
0.2,0.3,always_no_overlap,3,300,0.1767,53,,,,0.0,0.0,0.0,,,,,,,,,single fixed operating point,,0.0
0.2,0.3,nfmcd_default,4,300,0.1533,46,0.6791338582677164,0.30740185873004133,0.1,0.3247863247863248,0.2676056338028169,0.41304347826086957,0.08,0.5,0.043478260869565216,0.6739,46,0.7844,0.469,0.9294,,,0.16
0.2,0.3,nfmcd_robust,4,300,0.1533,46,0.6485792536802465,0.28191560674538313,0.05,0.2830188679245283,0.25,0.32608695652173914,0.0,0.0,0.0,0.7609,46,0.783,0.469,0.9275,,,0.12
0.2,0.3,demon,4,300,0.1533,46,,,,0.2659,0.1533,1.0,,,,,,,,,single fixed operating point,,0.12
0.2,0.3,slpa,4,300,0.1533,46,,,,0.2642,0.2333,0.3043,,,,,,,,,single fixed operating point,,0.25
0.2,0.3,always_overlap,4,300,0.1533,46,,,,0.2659,0.1533,1.0,,,,,,,,,single fixed operating point,,0.0
0.2,0.3,always_no_overlap,4,300,0.1533,46,,,,0.0,0.0,0.0,,,,,,,,,single fixed operating point,,0.0
0.2,0.5,nfmcd_default,0,300,0.1933,58,0.7359646622969507,0.43042126697079364,0.1,0.47619047619047616,0.39325842696629215,0.603448275862069,0.2222222222222222,0.5714285714285714,0.13793103448275862,0.6897,58,0.7341,0.425,0.9132,,,0.16
0.2,0.5,nfmcd_robust,0,300,0.1933,58,0.7277714448560844,0.42513094679584607,0.05,0.37398373983739835,0.35384615384615387,0.39655172413793105,0.12903225806451613,1.0,0.06896551724137931,0.7586,58,0.7718,0.425,0.9194,,,0.12
0.2,0.5,demon,0,300,0.1933,58,,,,0.3249,0.194,1.0,,,,,,,,,single fixed operating point,,0.16
0.2,0.5,slpa,0,300,0.1933,58,,,,0.0,0.0,0.0,,,,,,,,,single fixed operating point,,0.25
0.2,0.5,always_overlap,0,300,0.1933,58,,,,0.324,0.1933,1.0,,,,,,,,,single fixed operating point,,0.0
0.2,0.5,always_no_overlap,0,300,0.1933,58,,,,0.0,0.0,0.0,,,,,,,,,single fixed operating point,,0.0
0.2,0.5,nfmcd_default,1,300,0.15,45,0.7373420479302834,0.4127330397852542,0.1,0.4409448818897638,0.34146341463414637,0.6222222222222222,0.18867924528301885,0.625,0.1111111111111111,0.6667,45,0.7897,0.4474,0.9343,,,0.12
0.2,0.5,nfmcd_robust,1,300,0.15,45,0.6861002178649238,0.32228929748155855,0.05,0.2909090909090909,0.24615384615384617,0.35555555555555557,0.15999999999999998,0.8,0.08888888888888889,0.8667,45,0.8002,0.4463,0.9355,,,0.11
0.2,0.5,demon,1,300,0.15,45,,,,0.2624,0.151,1.0,,,,,,,,,single fixed operating point,,0.14
0.2,0.5,slpa,1,300,0.15,45,,,,0.0,0.0,0.0,,,,,,,,,single fixed operating point,,0.25
0.2,0.5,always_overlap,1,300,0.15,45,,,,0.2609,0.15,1.0,,,,,,,,,single fixed operating point,,0.0
0.2,0.5,always_no_overlap,1,300,0.15,45,,,,0.0,0.0,0.0,,,,,,,,,single fixed operating point,,0.0
0.2,0.5,nfmcd_default,2,300,0.1533,46,0.7674597740499829,0.44332434091255624,0.15,0.44705882352941173,0.48717948717948717,0.41304347826086957,0.3174603174603175,0.5882352941176471,0.21739130434782608,0.5652,46,0.772,0.4202,0.9325,,,0.11
0.2,0.5,nfmcd_robust,2,300,0.1533,46,0.7466621020198563,0.41394212851091605,0.05,0.4285714285714286,0.3375,0.5869565217391305,0.22222222222222218,0.75,0.13043478260869565,0.7826,46,0.7983,0.4185,0.9362,,,0.11
0.2,0.5,demon,2,300,0.1533,46,,,,0.269,0.1554,1.0,,,,,,,,,single fixed operating point,,0.14
0.2,0.5,slpa,2,300,0.1533,46,,,,0.1261,0.1077,0.1522,,,,,,,,,single fixed operating point,,0.23
0.2,0.5,always_overlap,2,300,0.1533,46,,,,0.2659,0.1533,1.0,,,,,,,,,single fixed operating point,,0.0
0.2,0.5,always_no_overlap,2,300,0.1533,46,,,,0.0,0.0,0.0,,,,,,,,,single fixed operating point,,0.0
0.2,0.5,nfmcd_default,3,300,0.1767,53,0.7612099915972805,0.46236710081292365,0.1,0.44578313253012053,0.3274336283185841,0.6981132075471698,0.36363636363636365,0.5833333333333334,0.2641509433962264,0.8113,53,0.7393,0.421,0.9207,,,0.14
0.2,0.5,nfmcd_robust,3,300,0.1767,53,0.7645710793675043,0.4539607565142493,0.05,0.4460431654676259,0.36046511627906974,0.5849056603773585,0.22580645161290322,0.7777777777777778,0.1320754716981132,0.9057,53,0.768,0.4183,0.9248,,,0.09
0.2,0.5,demon,3,300,0.1767,53,,,,0.3011,0.1773,1.0,,,,,,,,,single fixed operating point,,0.17
0.2,0.5,slpa,3,300,0.1767,53,,,,0.0,0.0,0.0,,,,,,,,,single fixed operating point,,0.3
0.2,0.5,always_overlap,3,300,0.1767,53,,,,0.3003,0.1767,1.0,,,,,,,,,single fixed operating point,,0.0
0.2,0.5,always_no_overlap,3,300,0.1767,53,,,,0.0,0.0,0.0,,,,,,,,,single fixed operating point,,0.0
0.2,0.5,nfmcd_default,4,300,0.1533,46,0.7495720643615202,0.4671438240883589,0.1,0.42424242424242425,0.32558139534883723,0.6086956521739131,0.3103448275862069,0.75,0.1956521739130435,0.6739,46,0.7833,0.4472,0.9332,,,0.16
0.2,0.5,nfmcd_robust,4,300,0.1533,46,0.7540225950017118,0.4067199794780219,0.05,0.3508771929824562,0.29411764705882354,0.43478260869565216,0.18867924528301885,0.7142857142857143,0.10869565217391304,0.8696,46,0.7843,0.4459,0.9312,,,0.11
0.2,0.5,demon,4,300,0.1533,46,,,,0.2659,0.1533,1.0,,,,,,,,,single fixed operating point,,0.14
0.2,0.5,slpa,4,300,0.1533,46,,,,0.0,0.0,0.0,,,,,,,,,single fixed operating point,,0.28
0.2,0.5,always_overlap,4,300,0.1533,46,,,,0.2659,0.1533,1.0,,,,,,,,,single fixed operating point,,0.0
0.2,0.5,always_no_overlap,4,300,0.1533,46,,,,0.0,0.0,0.0,,,,,,,,,single fixed operating point,,0.0
0.2,0.7,nfmcd_default,1,300,0.15,45,0.8259694989106754,0.5303942146462668,0.1,0.5000000000000001,0.36363636363636365,0.8,0.3939393939393939,0.6190476190476191,0.28888888888888886,0.7778,45,0.7843,0.4233,0.9371,,,0.14
0.2,0.7,nfmcd_robust,1,300,0.15,45,0.8187363834422657,0.45242973601313113,0.05,0.4800000000000001,0.375,0.6666666666666666,0.1509433962264151,0.5,0.08888888888888889,0.8667,45,0.7711,0.4225,0.9298,,,0.12
0.2,0.7,demon,1,300,0.15,45,,,,0.2616,0.1505,1.0,,,,,,,,,single fixed operating point,,0.17
0.2,0.7,slpa,1,300,0.15,45,,,,0.0,0.0,0.0,,,,,,,,,single fixed operating point,,0.22
0.2,0.7,always_overlap,1,300,0.15,45,,,,0.2609,0.15,1.0,,,,,,,,,single fixed operating point,,0.0
0.2,0.7,always_no_overlap,1,300,0.15,45,,,,0.0,0.0,0.0,,,,,,,,,single fixed operating point,,0.0
0.2,0.7,nfmcd_default,0,300,0.1933,58,0.7832003419777714,0.5262013469062986,0.1,0.5061728395061729,0.3942307692307692,0.7068965517241379,0.41463414634146345,0.7083333333333334,0.29310344827586204,0.6724,58,0.7545,0.4006,0.9245,,,0.12
0.2,0.7,nfmcd_robust,0,300,0.1933,58,0.8101310914790538,0.5295108225771794,0.05,0.47826086956521735,0.4125,0.5689655172413793,0.33333333333333326,0.8571428571428571,0.20689655172413793,0.8103,58,0.7764,0.3979,0.9281,,,0.17
0.2,0.7,demon,0,300,0.1933,58,,,,0.324,0.1933,1.0,,,,,,,,,single fixed operating point,,0.22
0.2,0.7,slpa,0,300,0.1933,58,,,,0.0,0.0,0.0,,,,,,,,,single fixed operating point,,0.27
0.2,0.7,always_overlap,0,300,0.1933,58,,,,0.324,0.1933,1.0,,,,,,,,,single fixed operating point,,0.0
0.2,0.7,always_no_overlap,0,300,0.1933,58,,,,0.0,0.0,0.0,,,,,,,,,single fixed operating point,,0.0
0.2,0.7,nfmcd_default,2,300,0.1533,46,0.8152173913043479,0.5434322003714681,0.15,0.5306122448979592,0.5,0.5652173913043478,0.4864864864864865,0.6428571428571429,0.391304347826087,0.6087,46,0.7794,0.4004,0.9384,,,0.14
0.2,0.7,nfmcd_robust,2,300,0.1533,46,0.829168093118795,0.5703907357492198,0.1,0.5168539325842696,0.5348837209302325,0.5,0.41935483870967744,0.8125,0.2826086956521739,0.7609,46,0.816,0.4013,0.9459,,,0.17
0.2,0.7,demon,2,300,0.1533,46,,,,0.2682,0.1549,1.0,,,,,,,,,single fixed operating point,,0.19
0.2,0.7,slpa,2,300,0.1533,46,,,,0.0,0.0,0.0,,,,,,,,,single fixed operating point,,0.27
0.2,0.7,always_overlap,2,300,0.1533,46,,,,0.2659,0.1533,1.0,,,,,,,,,single fixed operating point,,0.0
0.2,0.7,always_no_overlap,2,300,0.1533,46,,,,0.0,0.0,0.0,,,,,,,,,single fixed operating point,,0.0
0.2,0.7,nfmcd_default,3,300,0.1767,53,0.8202581926514401,0.5722126649016283,0.2,0.5411764705882353,0.71875,0.4339622641509434,0.5411764705882353,0.71875,0.4339622641509434,0.6792,53,0.7793,0.4043,0.9376,,,0.11
0.2,0.7,nfmcd_robust,3,300,0.1767,53,0.8236956687800779,0.5622854367455761,0.1,0.49019607843137253,0.5102040816326531,0.4716981132075472,0.36619718309859156,0.7222222222222222,0.24528301886792453,0.8113,53,0.7723,0.4046,0.9303,,,0.12
0.2,0.7,demon,3,300,0.1767,53,,,,0.3003,0.1767,1.0,,,,,,,,,single fixed operating point,,0.22
0.2,0.7,slpa,3,300,0.1767,53,,,,0.0,0.0,0.0,,,,,,,,,single fixed operating point,,0.23
0.2,0.7,always_overlap,3,300,0.1767,53,,,,0.3003,0.1767,1.0,,,,,,,,,single fixed operating point,,0.0
0.2,0.7,always_no_overlap,3,300,0.1767,53,,,,0.0,0.0,0.0,,,,,,,,,single fixed operating point,,0.0
0.2,0.7,nfmcd_default,4,300,0.1533,46,0.8596371105785691,0.5810640472059126,0.15,0.5652173913043478,0.5652173913043478,0.5652173913043478,0.4411764705882353,0.6818181818181818,0.32608695652173914,0.7391,46,0.7838,0.4285,0.9386,,,0.16
0.2,0.7,nfmcd_robust,4,300,0.1533,46,0.8694796302636083,0.5786904371962515,0.05,0.546875,0.4268292682926829,0.7608695652173914,0.41935483870967744,0.8125,0.2826086956521739,0.8696,46,0.7973,0.4267,0.9395,,,0.12
0.2,0.7,demon,4,300,0.1533,46,,,,0.2667,0.1538,1.0,,,,,,,,,single fixed operating point,,0.16
0.2,0.7,slpa,4,300,0.1533,46,,,,0.0,0.0,0.0,,,,,,,,,single fixed operating point,,0.22
0.2,0.7,always_overlap,4,300,0.1533,46,,,,0.2659,0.1533,1.0,,,,,,,,,single fixed operating point,,0.0
0.2,0.7,always_no_overlap,4,300,0.1533,46,,,,0.0,0.0,0.0,,,,,,,,,single fixed operating point,,0.0
0.2,1.0,nfmcd_default,0,300,0.1933,58,0.8709033912795668,0.6773256008607293,0.15,0.6166666666666667,0.5967741935483871,0.6379310344827587,0.6138613861386139,0.7209302325581395,0.5344827586206896,0.5345,58,0.7825,0.3879,0.9402,,,0.12
0.2,1.0,nfmcd_robust,0,300,0.1933,58,0.9353092049016813,0.7723783402893348,0.05,0.6797385620915034,0.5473684210526316,0.896551724137931,0.5909090909090909,0.8666666666666667,0.4482758620689655,0.6724,58,0.8153,0.39,0.9479,,,0.14
0.2,1.0,demon,0,300,0.1933,58,,,,0.324,0.1933,1.0,,,,,,,,,single fixed operating point,,0.2
0.2,1.0,slpa,0,300,0.1933,58,,,,0.1359,0.1556,0.1207,,,,,,,,,single fixed operating point,,0.25
0.2,1.0,always_overlap,0,300,0.1933,58,,,,0.324,0.1933,1.0,,,,,,,,,single fixed operating point,,0.0
0.2,1.0,always_no_overlap,0,300,0.1933,58,,,,0.0,0.0,0.0,,,,,,,,,single fixed operating point,,0.0
0.2,1.0,nfmcd_default,2,300,0.1533,46,0.8779527559055119,0.5541937596989008,0.15,0.5825242718446602,0.5263157894736842,0.6521739130434783,0.5316455696202532,0.6363636363636364,0.45652173913043476,0.6304,46,0.7859,0.4022,0.9403,,,0.17
0.2,1.0,nfmcd_robust,2,300,0.1533,46,0.9236562820951728,0.7313365121699713,0.15,0.6666666666666667,0.8125,0.5652173913043478,0.5507246376811594,0.8260869565217391,0.41304347826086957,0.5652,46,0.822,0.3959,0.9498,,,0.11
0.2,1.0,demon,2,300,0.1533,46,,,,0.2659,0.1533,1.0,,,,,,,,,single fixed operating point,,0.22
0.2,1.0,slpa,2,300,0.1533,46,,,,0.1885,0.1241,0.3913,,,,,,,,,single fixed operating point,,0.24
0.2,1.0,always_overlap,2,300,0.1533,46,,,,0.2659,0.1533,1.0,,,,,,,,,single fixed operating point,,0.0
0.2,1.0,always_no_overlap,2,300,0.1533,46,,,,0.0,0.0,0.0,,,,,,,,,single fixed operating point,,0.0
0.2,1.0,nfmcd_default,1,300,0.15,45,0.9026579520697169,0.6108215011833739,0.15,0.6122448979591837,0.5660377358490566,0.6666666666666666,0.5641025641025641,0.6666666666666666,0.4888888888888889,0.6222,45,0.8008,0.4025,0.9443,,,0.2
0.2,1.0,nfmcd_robust,1,300,0.15,45,0.9349891067538125,0.7530061919884768,0.15,0.6582278481012658,0.7647058823529411,0.5777777777777777,0.5671641791044777,0.8636363636363636,0.4222222222222222,0.7333,45,0.8295,0.4046,0.9506,,,0.11
0.2,1.0,demon,1,300,0.15,45,,,,0.2609,0.15,1.0,,,,,,,,,single fixed operating point,,0.19
0.2,1.0,slpa,1,300,0.15,45,,,,0.0,0.0,0.0,,,,,,,,,single fixed operating point,,0.31
0.2,1.0,always_overlap,1,300,0.15,45,,,,0.2609,0.15,1.0,,,,,,,,,single fixed operating point,,0.0
0.2,1.0,always_no_overlap,1,300,0.15,45,,,,0.0,0.0,0.0,,,,,,,,,single fixed operating point,,0.0
0.2,1.0,nfmcd_default,3,300,0.1767,53,0.8730425483156368,0.6570020450053213,0.15,0.6115702479338843,0.5441176470588235,0.6981132075471698,0.6041666666666666,0.6744186046511628,0.5471698113207547,0.5094,53,0.7894,0.3859,0.9402,,,0.11
0.2,1.0,nfmcd_robust,3,300,0.1767,53,0.9020701245130242,0.7132330952499264,0.15,0.6530612244897959,0.7111111111111111,0.6037735849056604,0.6190476190476191,0.8387096774193549,0.49056603773584906,0.5849,53,0.833,0.39,0.953,,,0.09
0.2,1.0,demon,3,300,0.1767,53,,,,0.0,0.0,0.0,,,,,,,,,single fixed operating point,,0.17
0.2,1.0,slpa,3,300,0.1767,53,,,,0.0,0.0,0.0,,,,,,,,,single fixed operating point,,0.3
0.2,1.0,always_overlap,3,300,0.1767,53,,,,0.3003,0.1767,1.0,,,,,,,,,single fixed operating point,,0.0
0.2,1.0,always_no_overlap,3,300,0.1767,53,,,,0.0,0.0,0.0,,,,,,,,,single fixed operating point,,0.0
0.2,1.0,nfmcd_default,4,300,0.1533,46,0.9165525504964054,0.8130721844248544,0.2,0.75,0.8823529411764706,0.6521739130434783,0.75,0.8823529411764706,0.6521739130434783,0.5435,46,0.8552,0.4103,0.9632,,,0.14
0.2,1.0,nfmcd_robust,4,300,0.1533,46,0.952413557001027,0.8443343233713418,0.1,0.7446808510638298,0.7291666666666666,0.7608695652173914,0.7435897435897436,0.90625,0.6304347826086957,0.6087,46,0.8659,0.4132,0.9642,,,0.17
0.2,1.0,demon,4,300,0.1533,46,,,,0.2659,0.1533,1.0,,,,,,,,,single fixed operating point,,0.14
0.2,1.0,slpa,4,300,0.1533,46,,,,0.0,0.0,0.0,,,,,,,,,single fixed operating point,,0.25
0.2,1.0,always_overlap,4,300,0.1533,46,,,,0.2659,0.1533,1.0,,,,,,,,,single fixed operating point,,0.0
0.2,1.0,always_no_overlap,4,300,0.1533,46,,,,0.0,0.0,0.0,,,,,,,,,single fixed operating point,,0.0
0.3,0.0,nfmcd_default,0,300,0.2633,79,0.5192737270175841,0.28912192152767185,0.05,0.37551020408163266,0.27710843373493976,0.5822784810126582,0.0,0.0,0.0,0.2278,79,0.6961,0.4942,0.8832,,,0.12
0.3,0.0,nfmcd_robust,0,300,0.2633,79,0.517669969643164,0.2743350449295635,0.05,0.224,0.30434782608695654,0.17721518987341772,0.0,0.0,0.0,0.2405,79,0.7029,0.4942,0.8845,,,0.14
0.3,0.0,demon,0,300,0.2633,79,,,,0.418,0.2642,1.0,,,,,,,,,single fixed operating point,,0.11
0.3,0.0,slpa,0,300,0.2633,79,,,,0.3493,0.2667,0.5063,,,,,,,,,single fixed operating point,,0.2
0.3,0.0,always_overlap,0,300,0.2633,79,,,,0.4169,0.2633,1.0,,,,,,,,,single fixed operating point,,0.0
0.3,0.0,always_no_overlap,0,300,0.2633,79,,,,0.0,0.0,0.0,,,,,,,,,single fixed operating point,,0.0
0.3,0.0,nfmcd_default,1,300,0.2133,64,0.48252118644067793,0.20154555342018654,0.05,0.29343629343629346,0.19487179487179487,0.59375,0.0,0.0,0.0,0.1719,64,0.7193,0.5047,0.8998,,,0.16
0.3,0.0,nfmcd_robust,1,300,0.2133,64,0.46378442796610175,0.19127207538559063,0.05,0.11864406779661016,0.12962962962962962,0.109375,0.0,0.0,0.0,0.1719,64,0.7321,0.5047,0.9027,,,0.14
0.3,0.0,demon,1,300,0.2133,64,,,,0.349,0.2121,0.9844,,,,,,,,,single fixed operating point,,0.16
0.3,0.0,slpa,1,300,0.2133,64,,,,0.0,0.0,0.0,,,,,,,,,single fixed operating point,,0.19
0.3,0.0,always_overlap,1,300,0.2133,64,,,,0.3516,0.2133,1.0,,,,,,,,,single fixed operating point,,0.0
0.3,0.0,always_no_overlap,1,300,0.2133,64,,,,0.0,0.0,0.0,,,,,,,,,single fixed operating point,,0.0
0.3,0.0,nfmcd_default,2,300,0.2167,65,0.5573158756137481,0.2586691351565581,0.05,0.36363636363636365,0.24120603015075376,0.7384615384615385,0.028985507246376812,0.25,0.015384615384615385,0.2154,65,0.7085,0.4782,0.897,,,0.16
0.3,0.0,nfmcd_robust,2,300,0.2167,65,0.5186906710310966,0.24774124907732703,0.05,0.20634920634920634,0.21311475409836064,0.2,0.0,0.0,0.0,0.2923,65,0.7279,0.4782,0.901,,,0.16
0.3,0.0,demon,2,300,0.2167,65,,,,0.3556,0.2169,0.9846,,,,,,,,,single fixed operating point,,0.19
0.3,0.0,slpa,2,300,0.2167,65,,,,0.0,0.0,0.0,,,,,,,,,single fixed operating point,,0.25
0.3,0.0,always_overlap,2,300,0.2167,65,,,,0.3562,0.2167,1.0,,,,,,,,,single fixed operating point,,0.0
0.3,0.0,always_no_overlap,2,300,0.2167,65,,,,0.0,0.0,0.0,,,,,,,,,single fixed operating point,,0.0
0.3,0.0,nfmcd_default,3,300,0.2167,65,0.5362356792144026,0.3043826507893249,0.05,0.34328358208955223,0.22660098522167488,0.7076923076923077,0.05882352941176471,0.6666666666666666,0.03076923076923077,0.3231,65,0.7175,0.4878,0.8987,,,0.11
0.3,0.0,nfmcd_robust,3,300,0.2167,65,0.49905073649754506,0.28887356828781696,0.05,0.22608695652173913,0.26,0.2,0.0,0.0,0.0,0.2462,65,0.737,0.4878,0.9028,,,0.17
0.3,0.0,demon,3,300,0.2167,65,,,,0.3088,0.2029,0.6462,,,,,,,,,single fixed operating point,,0.12
0.3,0.0,slpa,3,300,0.2167,65,,,,0.0,0.0,0.0,,,,,,,,,single fixed operating point,,0.26
0.3,0.0,always_overlap,3,300,0.2167,65,,,,0.3562,0.2167,1.0,,,,,,,,,single fixed operating point,,0.0
0.3,0.0,always_no_overlap,3,300,0.2167,65,,,,0.0,0.0,0.0,,,,,,,,,single fixed operating point,,0.0
0.3,0.0,nfmcd_default,4,300,0.2167,65,0.5530605564648118,0.2524184078758564,0.05,0.34061135371179035,0.23780487804878048,0.6,0.028985507246376812,0.25,0.015384615384615385,0.2308,65,0.7108,0.512,0.8974,,,0.14
0.3,0.0,nfmcd_robust,4,300,0.2167,65,0.5202618657937808,0.2371847451536671,0.05,0.16216216216216217,0.1956521739130435,0.13846153846153847,0.030303030303030307,1.0,0.015384615384615385,0.2,65,0.7303,0.512,0.9014,,,0.17
0.3,0.0,demon,4,300,0.2167,65,,,,0.3601,0.2196,1.0,,,,,,,,,single fixed operating point,,0.12
0.3,0.0,slpa,4,300,0.2167,65,,,,0.0,0.0,0.0,,,,,,,,,single fixed operating point,,0.22
0.3,0.0,always_overlap,4,300,0.2167,65,,,,0.3562,0.2167,1.0,,,,,,,,,single fixed operating point,,0.0
0.3,0.0,always_no_overlap,4,300,0.2167,65,,,,0.0,0.0,0.0,,,,,,,,,single fixed operating point,,0.0
0.3,0.3,nfmcd_default,0,300,0.2633,79,0.6572541382667966,0.4170048536717745,0.05,0.44128113879003555,0.3069306930693069,0.7848101265822784,0.07142857142857144,0.6,0.0379746835443038,0.6835,79,0.6983,0.4396,0.8868,,,0.16
0.3,0.3,nfmcd_robust,0,300,0.2633,79,0.6197949481642706,0.35375489212095995,0.05,0.3194444444444444,0.35384615384615387,0.2911392405063291,0.0,0.0,0.0,0.7215,79,0.6891,0.4396,0.8819,,,0.16
0.3,0.3,demon,0,300,0.2633,79,,,,0.4191,0.2651,1.0,,,,,,,,,single fixed operating point,,0.23
0.3,0.3,slpa,0,300,0.2633,79,,,,0.3301,0.2677,0.4304,,,,,,,,,single fixed operating point,,0.27
0.3,0.3,always_overlap,0,300,0.2633,79,,,,0.4169,0.2633,1.0,,,,,,,,,single fixed operating point,,0.0
0.3,0.3,always_no_overlap,0,300,0.2633,79,,,,0.0,0.0,0.0,,,,,,,,,single fixed operating point,,0.0
0.3,0.3,nfmcd_default,1,300,0.2133,64,0.6195709745762712,0.3053172875153934,0.05,0.38827838827838823,0.2535885167464115,0.828125,0.1111111111111111,0.5,0.0625,0.4844,64,0.7243,0.4563,0.905,,,0.14
0.3,0.3,nfmcd_robust,1,300,0.2133,64,0.5671345338983051,0.2460625551538379,0.05,0.2,0.19696969696969696,0.203125,0.0,0.0,0.0,0.6562,64,0.725,0.4563,0.9014,,,0.2
0.3,0.3,demon,1,300,0.2133,64,,,,0.3546,0.2155,1.0,,,,,,,,,single fixed operating point,,0.17
0.3,0.3,slpa,1,300,0.2133,64,,,,0.0,0.0,0.0,,,,,,,,,single fixed operating point,,0.22
0.3,0.3,always_overlap,1,300,0.2133,64,,,,0.3516,0.2133,1.0,,,,,,,,,single fixed operating point,,0.0
0.3,0.3,always_no_overlap,1,300,0.2133,64,,,,0.0,0.0,0.0,,,,,,,,,single fixed operating point,,0.0
0.3,0.3,nfmcd_default,2,300,0.2167,65,0.6432078559738135,0.4210974658467993,0.1,0.40816326530612246,0.36585365853658536,0.46153846153846156,0.16,0.6,0.09230769230769231,0.5692,65,0.7169,0.4228,0.9039,,,0.14
0.3,0.3,nfmcd_robust,2,300,0.2167,65,0.6077905073649754,0.32892917178760217,0.05,0.34285714285714286,0.32,0.36923076923076925,0.05882352941176471,0.6666666666666666,0.03076923076923077,0.7231,65,0.7339,0.4229,0.9043,,,0.12
0.3,0.3,demon,2,300,0.2167,65,,,,0.3601,0.2196,1.0,,,,,,,,,single fixed operating point,,0.2
0.3,0.3,slpa,2,300,0.2167,65,,,,0.0,0.0,0.0,,,,,,,,,single fixed operating point,,0.2
0.3,0.3,always_overlap,2,300,0.2167,65,,,,0.3562,0.2167,1.0,,,,,,,,,single fixed operating point,,0.0
0.3,0.3,always_no_overlap,2,300,0.2167,65,,,,0.0,0.0,0.0,,,,,,,,,single fixed operating point,,0.0
0.3,0.3,nfmcd_default,3,300,0.2167,65,0.7123404255319149,0.4796013539428177,0.1,0.48648648648648646,0.43373493975903615,0.5538461538461539,0.16666666666666666,0.8571428571428571,0.09230769230769231,0.6,65,0.7279,0.4369,0.9053,,,0.16
0.3,0.3,nfmcd_robust,3,300,0.2167,65,0.6625859247135842,0.4204979284792132,0.05,0.39694656488549623,0.3939393939393939,0.4,0.11594202898550725,1.0,0.06153846153846154,0.7231,65,0.7481,0.4371,0.9092,,,0.14
0.3,0.3,demon,3,300,0.2167,65,,,,0.3571,0.2174,1.0,,,,,,,,,single fixed operating point,,0.14
0.3,0.3,slpa,3,300,0.2167,65,,,,0.0,0.0,0.0,,,,,,,,,single fixed operating point,,0.27
0.3,0.3,always_overlap,3,300,0.2167,65,,,,0.3562,0.2167,1.0,,,,,,,,,single fixed operating point,,0.0
0.3,0.3,always_no_overlap,3,300,0.2167,65,,,,0.0,0.0,0.0,,,,,,,,,single fixed operating point,,0.0
0.3,0.3,nfmcd_default,4,300,0.2167,65,0.6813093289689035,0.3792240222446135,0.05,0.4313725490196079,0.2894736842105263,0.8461538461538461,0.08219178082191782,0.375,0.046153846153846156,0.5385,65,0.7076,0.4549,0.8995,,,0.16
0.3,0.3,nfmcd_robust,4,300,0.2167,65,0.6326022913256957,0.3445224016567322,0.05,0.3064516129032258,0.3220338983050847,0.2923076923076923,0.08695652173913043,0.75,0.046153846153846156,0.7385,65,0.7341,0.4549,0.9049,,,0.12
0.3,0.3,demon,4,300,0.2167,65,,,,0.3571,0.2174,1.0,,,,,,,,,single fixed operating point,,0.19
0.3,0.3,slpa,4,300,0.2167,65,,,,0.0,0.0,0.0,,,,,,,,,single fixed operating point,,0.2
0.3,0.3,always_overlap,4,300,0.2167,65,,,,0.3562,0.2167,1.0,,,,,,,,,single fixed operating point,,0.0
0.3,0.3,always_no_overlap,4,300,0.2167,65,,,,0.0,0.0,0.0,,,,,,,,,single fixed operating point,,0.0
0.3,0.5,nfmcd_default,0,300,0.2633,79,0.7989002806575405,0.6246083536761232,0.1,0.5810055865921788,0.52,0.6582278481012658,0.29473684210526313,0.875,0.17721518987341772,0.7468,79,0.721,0.4038,0.9014,,,0.12
0.3,0.5,nfmcd_robust,0,300,0.2633,79,0.7572598659717051,0.5443827686434689,0.05,0.4875,0.48148148148148145,0.4936708860759494,0.2173913043478261,0.7692307692307693,0.12658227848101267,0.8734,79,0.7118,0.4042,0.8966,,,0.12
0.3,0.5,demon,0,300,0.2633,79,,,,0.4169,0.2633,1.0,,,,,,,,,single fixed operating point,,0.14
0.3,0.5,slpa,0,300,0.2633,79,,,,0.4198,0.4096,0.4304,,,,,,,,,single fixed operating point,,0.25
0.3,0.5,always_overlap,0,300,0.2633,79,,,,0.4169,0.2633,1.0,,,,,,,,,single fixed operating point,,0.0
0.3,0.5,always_no_overlap,0,300,0.2633,79,,,,0.0,0.0,0.0,,,,,,,,,single fixed operating point,,0.0
0.3,0.5,nfmcd_default,1,300,0.2133,64,0.7143802966101694,0.4544336147228113,0.1,0.4662576687116564,0.3838383838383838,0.59375,0.21052631578947367,0.6666666666666666,0.125,0.6719,64,0.7373,0.4262,0.9116,,,0.17
0.3,0.5,nfmcd_robust,1,300,0.2133,64,0.6751191737288136,0.36758837423708457,0.05,0.36879432624113473,0.33766233766233766,0.40625,0.05970149253731343,0.6666666666666666,0.03125,0.8281,64,0.7318,0.4262,0.9047,,,0.11
0.3,0.5,demon,1,300,0.2133,64,,,,0.3481,0.2114,0.9844,,,,,,,,,single fixed operating point,,0.14
0.3,0.5,slpa,1,300,0.2133,64,,,,0.2449,0.3529,0.1875,,,,,,,,,single fixed operating point,,0.26
0.3,0.5,always_overlap,1,300,0.2133,64,,,,0.3516,0.2133,1.0,,,,,,,,,single fixed operating point,,0.0
0.3,0.5,always_no_overlap,1,300,0.2133,64,,,,0.0,0.0,0.0,,,,,,,,,single fixed operating point,,0.0
0.3,0.5,nfmcd_default,2,300,0.2167,65,0.7378068739770868,0.48095508858518854,0.1,0.47560975609756095,0.3939393939393939,0.6,0.2682926829268293,0.6470588235294118,0.16923076923076924,0.6,65,0.7236,0.3974,0.9109,,,0.12
0.3,0.5,nfmcd_robust,2,300,0.2167,65,0.6918494271685761,0.4432065447359427,0.05,0.3973509933774834,0.3488372093023256,0.46153846153846156,0.1388888888888889,0.7142857142857143,0.07692307692307693,0.8308,65,0.7364,0.3987,0.9078,,,0.11
0.3,0.5,demon,2,300,0.2167,65,,,,0.3601,0.2196,1.0,,,,,,,,,single fixed operating point,,0.17
0.3,0.5,slpa,2,300,0.2167,65,,,,0.0,0.0,0.0,,,,,,,,,single fixed operating point,,0.22
0.3,0.5,always_overlap,2,300,0.2167,65,,,,0.3562,0.2167,1.0,,,,,,,,,single fixed operating point,,0.0
0.3,0.5,always_no_overlap,2,300,0.2167,65,,,,0.0,0.0,0.0,,,,,,,,,single fixed operating point,,0.0
0.3,0.5,nfmcd_default,3,300,0.2167,65,0.8179378068739771,0.57821275370646,0.1,0.5348837209302326,0.42990654205607476,0.7076923076923077,0.2784810126582279,0.7857142857142857,0.16923076923076924,0.5846,65,0.7537,0.4068,0.9163,,,0.14
0.3,0.5,nfmcd_robust,3,300,0.2167,65,0.7546317512274959,0.5080947187062498,0.05,0.46153846153846145,0.4230769230769231,0.5076923076923077,0.21621621621621623,0.8888888888888888,0.12307692307692308,0.7692,65,0.7551,0.4066,0.9144,,,0.12
0.3,0.5,demon,3,300,0.2167,65,,,,0.3571,0.2174,1.0,,,,,,,,,single fixed operating point,,0.14
0.3,0.5,slpa,3,300,0.2167,65,,,,0.0,0.0,0.0,,,,,,,,,single fixed operating point,,0.27
0.3,0.5,always_overlap,3,300,0.2167,65,,,,0.3562,0.2167,1.0,,,,,,,,,single fixed operating point,,0.0
0.3,0.5,always_no_overlap,3,300,0.2167,65,,,,0.0,0.0,0.0,,,,,,,,,single fixed operating point,,0.0
0.3,0.5,nfmcd_default,4,300,0.2167,65,0.7770867430441899,0.5303838722888184,0.1,0.48611111111111105,0.4430379746835443,0.5384615384615384,0.2857142857142857,0.631578947368421,0.18461538461538463,0.6923,65,0.7252,0.428,0.9112,,,0.12
0.3,0.5,nfmcd_robust,4,300,0.2167,65,0.7372831423895254,0.4733038234952042,0.05,0.40579710144927533,0.3835616438356164,0.4307692307692308,0.18918918918918923,0.7777777777777778,0.1076923076923077,0.8769,65,0.7397,0.4257,0.9101,,,0.12
0.3,0.5,demon,4,300,0.2167,65,,,,0.3562,0.2167,1.0,,,,,,,,,single fixed operating point,,0.19
0.3,0.5,slpa,4,300,0.2167,65,,,,0.0,0.0,0.0,,,,,,,,,single fixed operating point,,0.24
0.3,0.5,always_overlap,4,300,0.2167,65,,,,0.3562,0.2167,1.0,,,,,,,,,single fixed operating point,,0.0
0.3,0.5,always_no_overlap,4,300,0.2167,65,,,,0.0,0.0,0.0,,,,,,,,,single fixed operating point,,0.0
0.3,0.7,nfmcd_default,0,300,0.2633,79,0.8570937625293545,0.711269531965127,0.1,0.6294416243654822,0.5254237288135594,0.7848101265822784,0.5333333333333333,0.7804878048780488,0.4050632911392405,0.7722,79,0.7325,0.3767,0.9174,,,0.14
0.3,0.7,nfmcd_robust,0,300,0.2633,79,0.8477003264791798,0.6867950906490872,0.05,0.595505617977528,0.5353535353535354,0.6708860759493671,0.3921568627450981,0.8695652173913043,0.25316455696202533,0.8861,79,0.7294,0.3713,0.9095,,,0.12
0.3,0.7,demon,0,300,0.2633,79,,,,0.418,0.2642,1.0,,,,,,,,,single fixed operating point,,0.17
0.3,0.7,slpa,0,300,0.2633,79,,,,0.0,0.0,0.0,,,,,,,,,single fixed operating point,,0.25
0.3,0.7,always_overlap,0,300,0.2633,79,,,,0.4169,0.2633,1.0,,,,,,,,,single fixed operating point,,0.0
0.3,0.7,always_no_overlap,0,300,0.2633,79,,,,0.0,0.0,0.0,,,,,,,,,single fixed operating point,,0.0
0.3,0.7,nfmcd_default,1,300,0.2133,64,0.8250132415254238,0.6154819521292774,0.15,0.5689655172413792,0.6346153846153846,0.515625,0.45161290322580655,0.7241379310344828,0.328125,0.625,64,0.7484,0.4031,0.9238,,,0.16
0.3,0.7,nfmcd_robust,1,300,0.2133,64,0.8186573093220337,0.5803334518968096,0.1,0.4901960784313726,0.6578947368421053,0.390625,0.3209876543209877,0.7647058823529411,0.203125,0.8906,64,0.753,0.3935,0.9195,,,0.11
0.3,0.7,demon,1,300,0.2133,64,,,,0.3516,0.2133,1.0,,,,,,,,,single fixed operating point,,0.14
0.3,0.7,slpa,1,300,0.2133,64,,,,0.0,0.0,0.0,,,,,,,,,single fixed operating point,,0.24
0.3,0.7,always_overlap,1,300,0.2133,64,,,,0.3516,0.2133,1.0,,,,,,,,,single fixed operating point,,0.0
0.3,0.7,always_no_overlap,1,300,0.2133,64,,,,0.0,0.0,0.0,,,,,,,,,single fixed operating point,,0.0
0.3,0.7,nfmcd_default,2,300,0.2167,65,0.8111292962356792,0.6183951345059578,0.15,0.5333333333333333,0.5818181818181818,0.49230769230769234,0.4631578947368421,0.7333333333333333,0.3384615384615385,0.6308,65,0.7364,0.3713,0.921,,,0.14
0.3,0.7,nfmcd_robust,2,300,0.2167,65,0.8234369885433714,0.6057330664689067,0.05,0.5521472392638037,0.45918367346938777,0.6923076923076923,0.4,0.85,0.26153846153846155,0.8,65,0.7578,0.3694,0.9226,,,0.11
0.3,0.7,demon,2,300,0.2167,65,,,,0.3581,0.2181,1.0,,,,,,,,,single fixed operating point,,0.19
0.3,0.7,slpa,2,300,0.2167,65,,,,0.0,0.0,0.0,,,,,,,,,single fixed operating point,,0.23
0.3,0.7,always_overlap,2,300,0.2167,65,,,,0.3562,0.2167,1.0,,,,,,,,,single fixed operating point,,0.0
0.3,0.7,always_no_overlap,2,300,0.2167,65,,,,0.0,0.0,0.0,,,,,,,,,single fixed operating point,,0.0
0.3,0.7,nfmcd_default,3,300,0.2167,65,0.8667757774140754,0.6991866654523015,0.15,0.6141732283464566,0.6290322580645161,0.6,0.5,0.7741935483870968,0.36923076923076925,0.6154,65,0.747,0.3916,0.9226,,,0.12
0.3,0.7,nfmcd_robust,3,300,0.2167,65,0.8391489361702128,0.6402751243095941,0.05,0.540880503144654,0.4574468085106383,0.6615384615384615,0.28571428571428575,0.9166666666666666,0.16923076923076924,0.7385,65,0.765,0.3881,0.9189,,,0.14
0.3,0.7,demon,3,300,0.2167,65,,,,0.3562,0.2167,1.0,,,,,,,,,single fixed operating point,,0.14
0.3,0.7,slpa,3,300,0.2167,65,,,,0.0,0.0,0.0,,,,,,,,,single fixed operating point,,0.23
0.3,0.7,always_overlap,3,300,0.2167,65,,,,0.3562,0.2167,1.0,,,,,,,,,single fixed operating point,,0.0
0.3,0.7,always_no_overlap,3,300,0.2167,65,,,,0.0,0.0,0.0,,,,,,,,,single fixed operating point,,0.0
0.3,0.7,nfmcd_default,4,300,0.2167,65,0.8418985270049101,0.6799612481881624,0.1,0.5952380952380952,0.4854368932038835,0.7692307692307693,0.5154639175257733,0.78125,0.38461538461538464,0.7538,65,0.7582,0.4014,0.9287,,,0.12
0.3,0.7,nfmcd_robust,4,300,0.2167,65,0.8285433715220949,0.6428297347363114,0.1,0.5517241379310345,0.6274509803921569,0.49230769230769234,0.37037037037037035,0.9375,0.23076923076923078,0.9385,65,0.7703,0.3977,0.924,,,0.11
0.3,0.7,demon,4,300,0.2167,65,,,,0.3562,0.2167,1.0,,,,,,,,,single fixed operating point,,0.19
0.3,0.7,slpa,4,300,0.2167,65,,,,0.0,0.0,0.0,,,,,,,,,single fixed operating point,,0.23
0.3,0.7,always_overlap,4,300,0.2167,65,,,,0.3562,0.2167,1.0,,,,,,,,,single fixed operating point,,0.0
0.3,0.7,always_no_overlap,4,300,0.2167,65,,,,0.0,0.0,0.0,,,,,,,,,single fixed operating point,,0.0
0.3,1.0,nfmcd_default,0,300,0.2633,79,0.9273727017584055,0.786296919056049,0.15,0.7701863354037267,0.7560975609756098,0.7848101265822784,0.7391304347826088,0.864406779661017,0.6455696202531646,0.5949,79,0.7827,0.3571,0.9405,,,0.12
0.3,1.0,nfmcd_robust,0,300,0.2633,79,0.9354487656795922,0.8401940559988436,0.15,0.7724137931034484,0.8484848484848485,0.7088607594936709,0.7313432835820896,0.8909090909090909,0.620253164556962,0.7215,79,0.7923,0.3479,0.9431,,,0.14
0.3,1.0,demon,0,300,0.2633,79,,,,0.4169,0.2633,1.0,,,,,,,,,single fixed operating point,,0.19
0.3,1.0,slpa,0,300,0.2633,79,,,,0.2857,0.2805,0.2911,,,,,,,,,single fixed operating point,,0.24
0.3,1.0,always_overlap,0,300,0.2633,79,,,,0.4169,0.2633,1.0,,,,,,,,,single fixed operating point,,0.0
0.3,1.0,always_no_overlap,0,300,0.2633,79,,,,0.0,0.0,0.0,,,,,,,,,single fixed operating point,,0.0
0.3,1.0,nfmcd_default,1,300,0.2133,64,0.8828787076271187,0.6579065119929337,0.15,0.6259541984732824,0.6119402985074627,0.640625,0.6055045871559632,0.7333333333333333,0.515625,0.5938,64,0.7738,0.3763,0.9368,,,0.12
0.3,1.0,nfmcd_robust,1,300,0.2133,64,0.907574152542373,0.7509361744642951,0.1,0.6821705426356589,0.676923076923077,0.6875,0.594059405940594,0.8108108108108109,0.46875,0.6719,64,0.7943,0.3679,0.9405,,,0.14
0.3,1.0,demon,1,300,0.2133,64,,,,0.3516,0.2133,1.0,,,,,,,,,single fixed operating point,,0.17
0.3,1.0,slpa,1,300,0.2133,64,,,,0.0,0.0,0.0,,,,,,,,,single fixed operating point,,0.22
0.3,1.0,always_overlap,1,300,0.2133,64,,,,0.3516,0.2133,1.0,,,,,,,,,single fixed operating point,,0.0
0.3,1.0,always_no_overlap,1,300,0.2133,64,,,,0.0,0.0,0.0,,,,,,,,,single fixed operating point,,0.0
0.3,1.0,nfmcd_default,2,300,0.2167,65,0.8513256955810148,0.6757411250193828,0.15,0.5954198473282443,0.5909090909090909,0.6,0.5471698113207548,0.7073170731707317,0.4461538461538462,0.6154,65,0.7387,0.3575,0.923,,,0.11
0.3,1.0,nfmcd_robust,2,300,0.2167,65,0.9021931260229132,0.739333117575848,0.1,0.6268656716417911,0.6086956521739131,0.6461538461538462,0.5416666666666666,0.8387096774193549,0.4,0.6923,65,0.7834,0.3627,0.9331,,,0.12
0.3,1.0,demon,2,300,0.2167,65,,,,0.3571,0.2174,1.0,,,,,,,,,single fixed operating point,,0.16
0.3,1.0,slpa,2,300,0.2167,65,,,,0.0,0.0,0.0,,,,,,,,,single fixed operating point,,0.25
0.3,1.0,always_overlap,2,300,0.2167,65,,,,0.3562,0.2167,1.0,,,,,,,,,single fixed operating point,,0.0
0.3,1.0,always_no_overlap,2,300,0.2167,65,,,,0.0,0.0,0.0,,,,,,,,,single fixed operating point,,0.0
0.3,1.0,nfmcd_default,3,300,0.2167,65,0.9023895253682488,0.7451931375902264,0.15,0.6717557251908397,0.6666666666666666,0.676923076923077,0.6019417475728156,0.8157894736842105,0.47692307692307695,0.5077,65,0.7643,0.3729,0.9312,,,0.12
0.3,1.0,nfmcd_robust,3,300,0.2167,65,0.9152209492635025,0.7777677172644737,0.1,0.6875,0.6984126984126984,0.676923076923077,0.5434782608695653,0.9259259259259259,0.38461538461538464,0.5846,65,0.8055,0.3735,0.9385,,,0.11
0.3,1.0,demon,3,300,0.2167,65,,,,0.3562,0.2167,1.0,,,,,,,,,single fixed operating point,,0.17
0.3,1.0,slpa,3,300,0.2167,65,,,,0.0,0.0,0.0,,,,,,,,,single fixed operating point,,0.22
0.3,1.0,always_overlap,3,300,0.2167,65,,,,0.3562,0.2167,1.0,,,,,,,,,single fixed operating point,,0.0
0.3,1.0,always_no_overlap,3,300,0.2167,65,,,,0.0,0.0,0.0,,,,,,,,,single fixed operating point,,0.0
0.3,1.0,nfmcd_default,4,300,0.2167,65,0.9089361702127658,0.7351856564779201,0.1,0.6629834254143646,0.5172413793103449,0.9230769230769231,0.6491228070175438,0.7551020408163265,0.5692307692307692,0.5385,65,0.7749,0.3877,0.9384,,,0.14
0.3,1.0,nfmcd_robust,4,300,0.2167,65,0.9152209492635024,0.7638402779418054,0.1,0.6470588235294118,0.6197183098591549,0.676923076923077,0.6262626262626263,0.9117647058823529,0.47692307692307695,0.6154,65,0.8114,0.3895,0.9441,,,0.11
0.3,1.0,demon,4,300,0.2167,65,,,,0.3562,0.2167,1.0,,,,,,,,,single fixed operating point,,0.17
0.3,1.0,slpa,4,300,0.2167,65,,,,0.0,0.0,0.0,,,,,,,,,single fixed operating point,,0.24
0.3,1.0,always_overlap,4,300,0.2167,65,,,,0.3562,0.2167,1.0,,,,,,,,,single fixed operating point,,0.0
0.3,1.0,always_no_overlap,4,300,0.2167,65,,,,0.0,0.0,0.0,,,,,,,,,single fixed operating point,,0.0
0.4,0.0,nfmcd_default,1,300,0.3067,92,0.4905413879598662,0.29931770548092873,0.05,0.4056939501779359,0.30158730158730157,0.6195652173913043,0.0,0.0,0.0,0.3152,92,0.6564,0.5047,0.8648,,,0.12
0.4,0.0,nfmcd_robust,1,300,0.3067,92,0.4909594481605351,0.31009307644324113,0.05,0.2517482517482518,0.35294117647058826,0.1956521739130435,0.0,0.0,0.0,0.3478,92,0.6701,0.5047,0.8672,,,0.12
0.4,0.0,demon,1,300,0.3067,92,,,,0.473,0.3098,1.0,,,,,,,,,single fixed operating point,,0.12
0.4,0.0,slpa,1,300,0.3067,92,,,,0.0,0.0,0.0,,,,,,,,,single fixed operating point,,0.16
0.4,0.0,always_overlap,1,300,0.3067,92,,,,0.4694,0.3067,1.0,,,,,,,,,single fixed operating point,,0.0
0.4,0.0,always_no_overlap,1,300,0.3067,92,,,,0.0,0.0,0.0,,,,,,,,,single fixed operating point,,0.0
0.4,0.0,nfmcd_default,0,300,0.3367,101,0.48281009005423153,0.32861506972449145,0.05,0.4229390681003584,0.33146067415730335,0.5841584158415841,0.0,0.0,0.0,0.2079,101,0.6477,0.4942,0.8558,,,0.12
0.4,0.0,nfmcd_robust,0,300,0.3367,101,0.5228618339220856,0.35514869680534583,0.05,0.18055555555555555,0.3023255813953488,0.12871287128712872,0.0,0.0,0.0,0.1782,101,0.6546,0.4942,0.8571,,,0.12
0.4,0.0,demon,0,300,0.3367,101,,,,0.505,0.3378,1.0,,,,,,,,,single fixed operating point,,0.12
0.4,0.0,slpa,0,300,0.3367,101,,,,0.4382,0.3667,0.5446,,,,,,,,,single fixed operating point,,0.2
0.4,0.0,always_overlap,0,300,0.3367,101,,,,0.5037,0.3367,1.0,,,,,,,,,single fixed operating point,,0.0
0.4,0.0,always_no_overlap,0,300,0.3367,101,,,,0.0,0.0,0.0,,,,,,,,,single fixed operating point,,0.0
0.4,0.0,nfmcd_default,2,300,0.3033,91,0.46690151953309844,0.2851874063247993,0.05,0.4166666666666667,0.30456852791878175,0.6593406593406593,0.040816326530612256,0.2857142857142857,0.02197802197802198,0.1978,91,0.6336,0.4782,0.8598,,,0.11
0.4,0.0,nfmcd_robust,2,300,0.3033,91,0.46548188653451805,0.2876106940910544,0.05,0.15602836879432624,0.22,0.12087912087912088,0.0,0.0,0.0,0.1758,91,0.6662,0.4782,0.8674,,,0.11
0.4,0.0,demon,2,300,0.3033,91,,,,0.4611,0.3017,0.978,,,,,,,,,single fixed operating point,,0.12
0.4,0.0,slpa,2,300,0.3033,91,,,,0.0,0.0,0.0,,,,,,,,,single fixed operating point,,0.22
0.4,0.0,always_overlap,2,300,0.3033,91,,,,0.4655,0.3033,1.0,,,,,,,,,single fixed operating point,,0.0
0.4,0.0,always_no_overlap,2,300,0.3033,91,,,,0.0,0.0,0.0,,,,,,,,,single fixed operating point,,0.0
0.4,0.0,nfmcd_default,3,300,0.3233,97,0.5702605251129957,0.37870476021194877,0.05,0.48322147651006714,0.3582089552238806,0.7422680412371134,0.02,0.3333333333333333,0.010309278350515464,0.2474,97,0.6412,0.4878,0.858,,,0.11
0.4,0.0,nfmcd_robust,3,300,0.3233,97,0.5302422426489259,0.3496461578803982,0.05,0.2649006622516556,0.37037037037037035,0.20618556701030927,0.0,0.0,0.0,0.2887,97,0.6482,0.4878,0.8593,,,0.14
0.4,0.0,demon,3,300,0.3233,97,,,,0.4342,0.3188,0.6804,,,,,,,,,single fixed operating point,,0.2
0.4,0.0,slpa,3,300,0.3233,97,,,,0.0,0.0,0.0,,,,,,,,,single fixed operating point,,0.19
0.4,0.0,always_overlap,3,300,0.3233,97,,,,0.4887,0.3233,1.0,,,,,,,,,single fixed operating point,,0.0
0.4,0.0,always_no_overlap,3,300,0.3233,97,,,,0.0,0.0,0.0,,,,,,,,,single fixed operating point,,0.0
0.4,0.0,nfmcd_default,4,300,0.3167,95,0.4807188703465982,0.30092484969884564,0.05,0.38735177865612647,0.310126582278481,0.5157894736842106,0.0,0.0,0.0,0.2632,95,0.6392,0.512,0.8584,,,0.12
0.4,0.0,nfmcd_robust,4,300,0.3167,95,0.4962772785622593,0.30835713614030424,0.05,0.2222222222222222,0.32653061224489793,0.16842105263157894,0.0,0.0,0.0,0.3474,95,0.6494,0.512,0.8609,,,0.12
0.4,0.0,demon,4,300,0.3167,95,,,,0.4757,0.3142,0.9789,,,,,,,,,single fixed operating point,,0.14
0.4,0.0,slpa,4,300,0.3167,95,,,,0.0,0.0,0.0,,,,,,,,,single fixed operating point,,0.2
0.4,0.0,always_overlap,4,300,0.3167,95,,,,0.481,0.3167,1.0,,,,,,,,,single fixed operating point,,0.0
0.4,0.0,always_no_overlap,4,300,0.3167,95,,,,0.0,0.0,0.0,,,,,,,,,single fixed operating point,,0.0
0.4,0.3,nfmcd_default,0,300,0.3367,101,0.628439225832131,0.4784778478895405,0.05,0.5157232704402516,0.3778801843317972,0.8118811881188119,0.12844036697247707,0.875,0.06930693069306931,0.5446,101,0.6578,0.4269,0.8643,,,0.12
0.4,0.3,nfmcd_robust,0,300,0.3367,101,0.6351559779093486,0.4882299766746885,0.05,0.3975903614457831,0.5076923076923077,0.32673267326732675,0.05714285714285714,0.75,0.0297029702970297,0.604,101,0.648,0.4264,0.8578,,,0.11
0.4,0.3,demon,0,300,0.3367,101,,,,0.505,0.3378,1.0,,,,,,,,,single fixed operating point,,0.14
0.4,0.3,slpa,0,300,0.3367,101,,,,0.4,0.3853,0.4158,,,,,,,,,single fixed operating point,,0.2
0.4,0.3,always_overlap,0,300,0.3367,101,,,,0.5037,0.3367,1.0,,,,,,,,,single fixed operating point,,0.0
0.4,0.3,always_no_overlap,0,300,0.3367,101,,,,0.0,0.0,0.0,,,,,,,,,single fixed operating point,,0.0
0.4,0.3,nfmcd_default,1,300,0.3067,92,0.6467913879598661,0.4672532195043342,0.05,0.47648902821316613,0.33480176211453744,0.8260869565217391,0.15384615384615383,0.6666666666666666,0.08695652173913043,0.6087,92,0.658,0.4386,0.8725,,,0.14
0.4,0.3,nfmcd_robust,1,300,0.3067,92,0.6238503344481605,0.43675969450472624,0.05,0.38554216867469876,0.43243243243243246,0.34782608695652173,0.06122448979591836,0.5,0.03260869565217391,0.7609,92,0.6497,0.4377,0.8656,,,0.12
0.4,0.3,demon,1,300,0.3067,92,,,,0.4691,0.3074,0.9891,,,,,,,,,single fixed operating point,,0.14
0.4,0.3,slpa,1,300,0.3067,92,,,,0.0,0.0,0.0,,,,,,,,,single fixed operating point,,0.2
0.4,0.3,always_overlap,1,300,0.3067,92,,,,0.4694,0.3067,1.0,,,,,,,,,single fixed operating point,,0.0
0.4,0.3,always_no_overlap,1,300,0.3067,92,,,,0.0,0.0,0.0,,,,,,,,,single fixed operating point,,0.0
0.4,0.3,nfmcd_default,2,300,0.3033,91,0.664914033335086,0.4296722982539545,0.05,0.4921135646687697,0.34513274336283184,0.8571428571428571,0.09523809523809525,0.35714285714285715,0.054945054945054944,0.5495,91,0.617,0.406,0.8599,,,0.14
0.4,0.3,nfmcd_robust,2,300,0.3033,91,0.6324202113675799,0.38967945279598076,0.05,0.35802469135802467,0.4084507042253521,0.31868131868131866,0.04166666666666668,0.4,0.02197802197802198,0.6593,91,0.6482,0.4053,0.8653,,,0.12
0.4,0.3,demon,2,300,0.3033,91,,,,0.4679,0.3054,1.0,,,,,,,,,single fixed operating point,,0.14
0.4,0.3,slpa,2,300,0.3033,91,,,,0.0,0.0,0.0,,,,,,,,,single fixed operating point,,0.22
0.4,0.3,always_overlap,2,300,0.3033,91,,,,0.4655,0.3033,1.0,,,,,,,,,single fixed operating point,,0.0
0.4,0.3,always_no_overlap,2,300,0.3033,91,,,,0.0,0.0,0.0,,,,,,,,,single fixed operating point,,0.0
0.4,0.3,nfmcd_default,3,300,0.3233,97,0.7117464831648976,0.4974157427295888,0.05,0.5498489425981873,0.3888888888888889,0.9381443298969072,0.17543859649122806,0.5882352941176471,0.10309278350515463,0.5876,97,0.6296,0.4112,0.8629,,,0.11
0.4,0.3,nfmcd_robust,3,300,0.3233,97,0.660606368391651,0.42438551598317914,0.05,0.4021739130434782,0.42528735632183906,0.38144329896907214,0.0196078431372549,0.2,0.010309278350515464,0.701,97,0.6384,0.4112,0.8584,,,0.11
0.4,0.3,demon,3,300,0.3233,97,,,,0.4935,0.3299,0.9794,,,,,,,,,single fixed operating point,,0.16
0.4,0.3,slpa,3,300,0.3233,97,,,,0.0,0.0,0.0,,,,,,,,,single fixed operating point,,0.2
0.4,0.3,always_overlap,3,300,0.3233,97,,,,0.4887,0.3233,1.0,,,,,,,,,single fixed operating point,,0.0
0.4,0.3,always_no_overlap,3,300,0.3233,97,,,,0.0,0.0,0.0,,,,,,,,,single fixed operating point,,0.0
0.4,0.3,nfmcd_default,4,300,0.3167,95,0.636816431322208,0.4433039339560335,0.05,0.5087108013937282,0.3802083333333333,0.7684210526315789,0.1320754716981132,0.6363636363636364,0.07368421052631578,0.6842,95,0.6572,0.4355,0.8697,,,0.12
0.4,0.3,nfmcd_robust,4,300,0.3167,95,0.6187933247753531,0.41860468758422864,0.05,0.3373493975903614,0.39436619718309857,0.29473684210526313,0.0792079207920792,0.6666666666666666,0.042105263157894736,0.7053,95,0.6595,0.4355,0.8674,,,0.11
0.4,0.3,demon,4,300,0.3167,95,,,,0.481,0.3167,1.0,,,,,,,,,single fixed operating point,,0.14
0.4,0.3,slpa,4,300,0.3167,95,,,,0.0,0.0,0.0,,,,,,,,,single fixed operating point,,0.2
0.4,0.3,always_overlap,4,300,0.3167,95,,,,0.481,0.3167,1.0,,,,,,,,,single fixed operating point,,0.0
0.4,0.3,always_no_overlap,4,300,0.3167,95,,,,0.0,0.0,0.0,,,,,,,,,single fixed operating point,,0.0
0.4,0.5,nfmcd_default,0,300,0.3367,101,0.7522762326483905,0.6232641868179407,0.1,0.5727272727272728,0.5294117647058824,0.6237623762376238,0.23529411764705885,0.7777777777777778,0.13861386138613863,0.6337,101,0.6507,0.3846,0.8688,,,0.12
0.4,0.5,nfmcd_robust,0,300,0.3367,101,0.752425493805662,0.601612409384639,0.05,0.5789473684210527,0.6179775280898876,0.5445544554455446,0.1946902654867257,0.9166666666666666,0.10891089108910891,0.7228,101,0.6759,0.3855,0.8735,,,0.12
0.4,0.5,demon,0,300,0.3367,101,,,,0.5037,0.3367,1.0,,,,,,,,,single fixed operating point,,0.19
0.4,0.5,slpa,0,300,0.3367,101,,,,0.4141,0.373,0.4653,,,,,,,,,single fixed operating point,,0.25
0.4,0.5,always_overlap,0,300,0.3367,101,,,,0.5037,0.3367,1.0,,,,,,,,,single fixed operating point,,0.0
0.4,0.5,always_no_overlap,0,300,0.3367,101,,,,0.0,0.0,0.0,,,,,,,,,single fixed operating point,,0.0
0.4,0.5,nfmcd_default,1,300,0.3067,92,0.7463942307692308,0.5696351254992672,0.1,0.5980392156862744,0.5446428571428571,0.6630434782608695,0.2522522522522523,0.7368421052631579,0.15217391304347827,0.8043,92,0.6635,0.3972,0.8795,,,0.14
0.4,0.5,nfmcd_robust,1,300,0.3067,92,0.7347930602006689,0.5268336419358111,0.05,0.47513812154696133,0.48314606741573035,0.4673913043478261,0.099009900990099,0.5555555555555556,0.05434782608695652,0.8696,92,0.6557,0.398,0.8704,,,0.12
0.4,0.5,demon,1,300,0.3067,92,,,,0.4694,0.3067,1.0,,,,,,,,,single fixed operating point,,0.17
0.4,0.5,slpa,1,300,0.3067,92,,,,0.0,0.0,0.0,,,,,,,,,single fixed operating point,,0.2
0.4,0.5,always_overlap,1,300,0.3067,92,,,,0.4694,0.3067,1.0,,,,,,,,,single fixed operating point,,0.0
0.4,0.5,always_no_overlap,1,300,0.3067,92,,,,0.0,0.0,0.0,,,,,,,,,single fixed operating point,,0.0
0.4,0.5,nfmcd_default,2,300,0.3033,91,0.7432567432567432,0.5666125520221906,0.1,0.5523809523809524,0.48739495798319327,0.6373626373626373,0.2702702702702703,0.75,0.16483516483516483,0.6813,91,0.643,0.3717,0.874,,,0.16
0.4,0.5,nfmcd_robust,2,300,0.3033,91,0.7170198222829802,0.5019078609538654,0.05,0.4555555555555556,0.4606741573033708,0.45054945054945056,0.12121212121212123,0.75,0.06593406593406594,0.7802,91,0.6587,0.3718,0.8718,,,0.12
0.4,0.5,demon,2,300,0.3033,91,,,,0.4627,0.302,0.989,,,,,,,,,single fixed operating point,,0.17
0.4,0.5,slpa,2,300,0.3033,91,,,,0.0,0.0,0.0,,,,,,,,,single fixed operating point,,0.22
0.4,0.5,always_overlap,2,300,0.3033,91,,,,0.4655,0.3033,1.0,,,,,,,,,single fixed operating point,,0.0
0.4,0.5,always_no_overlap,2,300,0.3033,91,,,,0.0,0.0,0.0,,,,,,,,,single fixed operating point,,0.0
0.4,0.5,nfmcd_default,3,300,0.3233,97,0.8259103143568127,0.6846350876452276,0.1,0.6413502109704642,0.5428571428571428,0.7835051546391752,0.4090909090909091,0.7714285714285715,0.27835051546391754,0.6701,97,0.662,0.3755,0.8838,,,0.14
0.4,0.5,nfmcd_robust,3,300,0.3233,97,0.7693870296074349,0.6057107183239747,0.05,0.5615763546798029,0.5377358490566038,0.5876288659793815,0.1308411214953271,0.7,0.07216494845360824,0.7835,97,0.6602,0.3751,0.8693,,,0.11
0.4,0.5,demon,3,300,0.3233,97,,,,0.4887,0.3233,1.0,,,,,,,,,single fixed operating point,,0.16
0.4,0.5,slpa,3,300,0.3233,97,,,,0.0,0.0,0.0,,,,,,,,,single fixed operating point,,0.25
0.4,0.5,always_overlap,3,300,0.3233,97,,,,0.4887,0.3233,1.0,,,,,,,,,single fixed operating point,,0.0
0.4,0.5,always_no_overlap,3,300,0.3233,97,,,,0.0,0.0,0.0,,,,,,,,,single fixed operating point,,0.0
0.4,0.5,nfmcd_default,4,300,0.3167,95,0.7579460847240052,0.5274119394104492,0.05,0.568561872909699,0.4166666666666667,0.8947368421052632,0.2741935483870968,0.5862068965517241,0.17894736842105263,0.6526,95,0.6374,0.3916,0.8728,,,0.12
0.4,0.5,nfmcd_robust,4,300,0.3167,95,0.73596919127086,0.5205036499728861,0.05,0.45901639344262296,0.4772727272727273,0.4421052631578947,0.09615384615384616,0.5555555555555556,0.05263157894736842,0.7579,95,0.6502,0.3958,0.8666,,,0.11
0.4,0.5,demon,4,300,0.3167,95,,,,0.481,0.3167,1.0,,,,,,,,,single fixed operating point,,0.17
0.4,0.5,slpa,4,300,0.3167,95,,,,0.0,0.0,0.0,,,,,,,,,single fixed operating point,,0.2
0.4,0.5,always_overlap,4,300,0.3167,95,,,,0.481,0.3167,1.0,,,,,,,,,single fixed operating point,,0.0
0.4,0.5,always_no_overlap,4,300,0.3167,95,,,,0.0,0.0,0.0,,,,,,,,,single fixed operating point,,0.0
0.4,0.7,nfmcd_default,0,300,0.3367,101,0.8093437484451962,0.7135667581900539,0.1,0.6311475409836065,0.5384615384615384,0.7623762376237624,0.5479452054794521,0.8888888888888888,0.39603960396039606,0.6931,101,0.7339,0.3487,0.9128,,,0.14
0.4,0.7,nfmcd_robust,0,300,0.3367,101,0.8325289815413702,0.7174113941425901,0.05,0.6359447004608296,0.5948275862068966,0.6831683168316832,0.42424242424242425,0.9032258064516129,0.27722772277227725,0.7921,101,0.7127,0.3484,0.8974,,,0.16
0.4,0.7,demon,0,300,0.3367,101,,,,0.505,0.3378,1.0,,,,,,,,,single fixed operating point,,0.19
0.4,0.7,slpa,0,300,0.3367,101,,,,0.3575,0.3491,0.3663,,,,,,,,,single fixed operating point,,0.25
0.4,0.7,always_overlap,0,300,0.3367,101,,,,0.5037,0.3367,1.0,,,,,,,,,single fixed operating point,,0.0
0.4,0.7,always_no_overlap,0,300,0.3367,101,,,,0.0,0.0,0.0,,,,,,,,,single fixed operating point,,0.0
0.4,0.7,nfmcd_default,1,300,0.3067,92,0.7806229096989966,0.6385431967996931,0.1,0.5982142857142857,0.5075757575757576,0.7282608695652174,0.42748091603053434,0.717948717948718,0.30434782608695654,0.7174,92,0.6613,0.3673,0.8893,,,0.12
0.4,0.7,nfmcd_robust,1,300,0.3067,92,0.8079535953177257,0.6396513957941773,0.05,0.6039603960396039,0.5545454545454546,0.6630434782608695,0.26785714285714285,0.75,0.16304347826086957,0.7935,92,0.6682,0.3707,0.8821,,,0.12
0.4,0.7,demon,1,300,0.3067,92,,,,0.4694,0.3067,1.0,,,,,,,,,single fixed operating point,,0.17
0.4,0.7,slpa,1,300,0.3067,92,,,,0.0,0.0,0.0,,,,,,,,,single fixed operating point,,0.25
0.4,0.7,always_overlap,1,300,0.3067,92,,,,0.4694,0.3067,1.0,,,,,,,,,single fixed operating point,,0.0
0.4,0.7,always_no_overlap,1,300,0.3067,92,,,,0.0,0.0,0.0,,,,,,,,,single fixed operating point,,0.0
0.4,0.7,nfmcd_default,2,300,0.3033,91,0.8247016141752984,0.6790924721500398,0.1,0.6585365853658537,0.5225806451612903,0.8901098901098901,0.5,0.6792452830188679,0.3956043956043956,0.7143,91,0.6429,0.3471,0.8859,,,0.16
0.4,0.7,nfmcd_robust,2,300,0.3033,91,0.8206004521793996,0.6362793042837889,0.05,0.6161137440758293,0.5416666666666666,0.7142857142857143,0.3247863247863248,0.7307692307692307,0.2087912087912088,0.7363,91,0.6783,0.3457,0.887,,,0.11
0.4,0.7,demon,2,300,0.3033,91,,,,0.4667,0.3043,1.0,,,,,,,,,single fixed operating point,,0.16
0.4,0.7,slpa,2,300,0.3033,91,,,,0.0,0.0,0.0,,,,,,,,,single fixed operating point,,0.25
0.4,0.7,always_overlap,2,300,0.3033,91,,,,0.4655,0.3033,1.0,,,,,,,,,single fixed operating point,,0.0
0.4,0.7,always_no_overlap,2,300,0.3033,91,,,,0.0,0.0,0.0,,,,,,,,,single fixed operating point,,0.0
0.4,0.7,nfmcd_default,3,300,0.3233,97,0.8702960743486872,0.7823265726627356,0.15,0.7065217391304347,0.7471264367816092,0.6701030927835051,0.5416666666666666,0.8297872340425532,0.4020618556701031,0.6701,97,0.6924,0.3474,0.903,,,0.12
0.4,0.7,nfmcd_robust,3,300,0.3233,97,0.8551114722462039,0.7482132843575795,0.1,0.6666666666666666,0.7702702702702703,0.5876288659793815,0.4661654135338346,0.8611111111111112,0.31958762886597936,0.8351,97,0.7055,0.3425,0.9011,,,0.09
0.4,0.7,demon,3,300,0.3233,97,,,,0.4887,0.3233,1.0,,,,,,,,,single fixed operating point,,0.2
0.4,0.7,slpa,3,300,0.3233,97,,,,0.3733,0.5283,0.2887,,,,,,,,,single fixed operating point,,0.28
0.4,0.7,always_overlap,3,300,0.3233,97,,,,0.4887,0.3233,1.0,,,,,,,,,single fixed operating point,,0.0
0.4,0.7,always_no_overlap,3,300,0.3233,97,,,,0.0,0.0,0.0,,,,,,,,,single fixed operating point,,0.0
0.4,0.7,nfmcd_default,4,300,0.3167,95,0.8305006418485237,0.6775784733808481,0.1,0.6605504587155963,0.5853658536585366,0.7578947368421053,0.48920863309352525,0.7727272727272727,0.35789473684210527,0.7158,95,0.6861,0.3646,0.8981,,,0.14
0.4,0.7,nfmcd_robust,4,300,0.3167,95,0.8191527599486521,0.6626305892916579,0.05,0.6009852216748769,0.5648148148148148,0.6421052631578947,0.3166666666666667,0.76,0.2,0.8,95,0.6683,0.3609,0.883,,,0.11
0.4,0.7,demon,4,300,0.3167,95,,,,0.481,0.3167,1.0,,,,,,,,,single fixed operating point,,0.17
0.4,0.7,slpa,4,300,0.3167,95,,,,0.0,0.0,0.0,,,,,,,,,single fixed operating point,,0.22
0.4,0.7,always_overlap,4,300,0.3167,95,,,,0.481,0.3167,1.0,,,,,,,,,single fixed operating point,,0.0
0.4,0.7,always_no_overlap,4,300,0.3167,95,,,,0.0,0.0,0.0,,,,,,,,,single fixed operating point,,0.0
0.4,1.0,nfmcd_default,0,300,0.3367,101,0.8733767849146723,0.8074437249072813,0.15,0.7317073170731707,0.7211538461538461,0.7425742574257426,0.6419753086419753,0.8524590163934426,0.5148514851485149,0.5644,101,0.7193,0.3322,0.9135,,,0.14
0.4,1.0,nfmcd_robust,0,300,0.3367,101,0.9279566147569531,0.8598557777197723,0.05,0.7768595041322314,0.6666666666666666,0.9306930693069307,0.5714285714285714,0.9130434782608695,0.4158415841584158,0.6436,101,0.7587,0.3326,0.9168,,,0.11
0.4,1.0,demon,0,300,0.3367,101,,,,0.5037,0.3367,1.0,,,,,,,,,single fixed operating point,,0.2
0.4,1.0,slpa,0,300,0.3367,101,,,,0.0,0.0,0.0,,,,,,,,,single fixed operating point,,0.25
0.4,1.0,always_overlap,0,300,0.3367,101,,,,0.5037,0.3367,1.0,,,,,,,,,single fixed operating point,,0.0
0.4,1.0,always_no_overlap,0,300,0.3367,101,,,,0.0,0.0,0.0,,,,,,,,,single fixed operating point,,0.0
0.4,1.0,nfmcd_default,1,300,0.3067,92,0.8643917224080269,0.7483646073566667,0.15,0.7157894736842104,0.6938775510204082,0.7391304347826086,0.674698795180723,0.7567567567567568,0.6086956521739131,0.6522,92,0.6994,0.3433,0.9139,,,0.12
0.4,1.0,nfmcd_robust,1,300,0.3067,92,0.9190530936454849,0.7924593175652137,0.1,0.7708333333333333,0.74,0.8043478260869565,0.6266666666666667,0.8103448275862069,0.5108695652173914,0.7174,92,0.7187,0.3401,0.9172,,,0.14
0.4,1.0,demon,1,300,0.3067,92,,,,0.4694,0.3067,1.0,,,,,,,,,single fixed operating point,,0.2
0.4,1.0,slpa,1,300,0.3067,92,,,,0.0,0.0,0.0,,,,,,,,,single fixed operating point,,0.24
0.4,1.0,always_overlap,1,300,0.3067,92,,,,0.4694,0.3067,1.0,,,,,,,,,single fixed operating point,,0.0
0.4,1.0,always_no_overlap,1,300,0.3067,92,,,,0.0,0.0,0.0,,,,,,,,,single fixed operating point,,0.0
0.4,1.0,nfmcd_default,2,300,0.3033,91,0.8877964141122037,0.7546092029720044,0.15,0.7282051282051282,0.6826923076923077,0.7802197802197802,0.6835443037974683,0.8059701492537313,0.5934065934065934,0.5385,91,0.7078,0.3206,0.9136,,,0.14
0.4,1.0,nfmcd_robust,2,300,0.3033,91,0.9221305010778695,0.8283632755149639,0.05,0.7467811158798283,0.6126760563380281,0.9560439560439561,0.6400000000000001,0.8135593220338984,0.5274725274725275,0.5714,91,0.7233,0.3257,0.9175,,,0.11
0.4,1.0,demon,2,300,0.3033,91,,,,0.4655,0.3033,1.0,,,,,,,,,single fixed operating point,,0.19
0.4,1.0,slpa,2,300,0.3033,91,,,,0.0,0.0,0.0,,,,,,,,,single fixed operating point,,0.25
0.4,1.0,always_overlap,2,300,0.3033,91,,,,0.4655,0.3033,1.0,,,,,,,,,single fixed operating point,,0.0
0.4,1.0,always_no_overlap,2,300,0.3033,91,,,,0.0,0.0,0.0,,,,,,,,,single fixed operating point,,0.0
0.4,1.0,nfmcd_default,3,300,0.3233,97,0.8988878167690822,0.8071885979742064,0.15,0.7860696517412934,0.7596153846153846,0.8144329896907216,0.6863905325443788,0.8055555555555556,0.5979381443298969,0.5773,97,0.7245,0.3355,0.9212,,,0.12
0.4,1.0,nfmcd_robust,3,300,0.3233,97,0.9354527449088417,0.860197785297928,0.1,0.7860696517412934,0.7596153846153846,0.8144329896907216,0.6535947712418301,0.8928571428571429,0.5154639175257731,0.6186,97,0.7591,0.3378,0.9269,,,0.14
0.4,1.0,demon,3,300,0.3233,97,,,,0.0,0.0,0.0,,,,,,,,,single fixed operating point,,0.17
0.4,1.0,slpa,3,300,0.3233,97,,,,0.0,0.0,0.0,,,,,,,,,single fixed operating point,,0.25
0.4,1.0,always_overlap,3,300,0.3233,97,,,,0.4887,0.3233,1.0,,,,,,,,,single fixed operating point,,0.0
0.4,1.0,always_no_overlap,3,300,0.3233,97,,,,0.0,0.0,0.0,,,,,,,,,single fixed operating point,,0.0
0.4,1.0,nfmcd_default,4,300,0.3167,95,0.8999743260590501,0.7865614865020494,0.15,0.7187499999999999,0.711340206185567,0.7263157894736842,0.6583850931677019,0.803030303030303,0.5578947368421052,0.5789,95,0.7038,0.3425,0.9108,,,0.16
0.4,1.0,nfmcd_robust,4,300,0.3167,95,0.9151732991014121,0.8169087576569699,0.05,0.7394957983193278,0.6153846153846154,0.9263157894736842,0.5793103448275863,0.84,0.4421052631578947,0.5789,95,0.7235,0.3396,0.911,,,0.11
0.4,1.0,demon,4,300,0.3167,95,,,,0.481,0.3167,1.0,,,,,,,,,single fixed operating point,,0.2
0.4,1.0,slpa,4,300,0.3167,95,,,,0.3172,0.46,0.2421,,,,,,,,,single fixed operating point,,0.23
0.4,1.0,always_overlap,4,300,0.3167,95,,,,0.481,0.3167,1.0,,,,,,,,,single fixed operating point,,0.0
0.4,1.0,always_no_overlap,4,300,0.3167,95,,,,0.0,0.0,0.0,,,,,,,,,single fixed operating point,,0.0
