part,dataset,method,seed,threshold,precision,recall,f1
A,r0.0,nfmcd_default,4,0.05,0.0,0.0,0.0
A,r0.0,nfmcd_default,4,0.1,0.0,0.0,0.0
A,r0.0,nfmcd_default,4,0.15,0.0,0.0,0.0
A,r0.0,nfmcd_default,4,0.2,0.0,0.0,0.0
A,r0.0,nfmcd_default,4,0.25,0.0,0.0,0.0
A,r0.0,nfmcd_default,4,0.3,0.0,0.0,0.0
A,r0.0,nfmcd_default,4,0.4,0.0,0.0,0.0
A,r0.0,nfmcd_default,4,0.5,0.0,0.0,0.0
A,r0.0,nfmcd_robust,4,0.05,0.0,0.0,0.0
A,r0.0,nfmcd_robust,4,0.1,0.0,0.0,0.0
A,r0.0,nfmcd_robust,4,0.15,0.0,0.0,0.0
A,r0.0,nfmcd_robust,4,0.2,0.0,0.0,0.0
A,r0.0,nfmcd_robust,4,0.25,0.0,0.0,0.0
A,r0.0,nfmcd_robust,4,0.3,0.0,0.0,0.0
A,r0.0,nfmcd_robust,4,0.4,0.0,0.0,0.0
A,r0.0,nfmcd_robust,4,0.5,0.0,0.0,0.0
A,r0.0,nfmcd_default,2,0.05,0.0,0.0,0.0
A,r0.0,nfmcd_default,2,0.1,0.0,0.0,0.0
A,r0.0,nfmcd_default,2,0.15,0.0,0.0,0.0
A,r0.0,nfmcd_default,2,0.2,0.0,0.0,0.0
A,r0.0,nfmcd_default,2,0.25,0.0,0.0,0.0
A,r0.0,nfmcd_default,2,0.3,0.0,0.0,0.0
A,r0.0,nfmcd_default,2,0.4,0.0,0.0,0.0
A,r0.0,nfmcd_default,2,0.5,0.0,0.0,0.0
A,r0.0,nfmcd_robust,2,0.05,0.0,0.0,0.0
A,r0.0,nfmcd_robust,2,0.1,0.0,0.0,0.0
A,r0.0,nfmcd_robust,2,0.15,0.0,0.0,0.0
A,r0.0,nfmcd_robust,2,0.2,0.0,0.0,0.0
A,r0.0,nfmcd_robust,2,0.25,0.0,0.0,0.0
A,r0.0,nfmcd_robust,2,0.3,0.0,0.0,0.0
A,r0.0,nfmcd_robust,2,0.4,0.0,0.0,0.0
A,r0.0,nfmcd_robust,2,0.5,0.0,0.0,0.0
A,r0.0,nfmcd_default,0,0.05,0.0,0.0,0.0
A,r0.0,nfmcd_default,0,0.1,0.0,0.0,0.0
A,r0.0,nfmcd_default,0,0.15,0.0,0.0,0.0
A,r0.0,nfmcd_default,0,0.2,0.0,0.0,0.0
A,r0.0,nfmcd_default,0,0.25,0.0,0.0,0.0
A,r0.0,nfmcd_default,0,0.3,0.0,0.0,0.0
A,r0.0,nfmcd_default,0,0.4,0.0,0.0,0.0
A,r0.0,nfmcd_default,0,0.5,0.0,0.0,0.0
A,r0.0,nfmcd_robust,0,0.05,0.0,0.0,0.0
A,r0.0,nfmcd_robust,0,0.1,0.0,0.0,0.0
A,r0.0,nfmcd_robust,0,0.15,0.0,0.0,0.0
A,r0.0,nfmcd_robust,0,0.2,0.0,0.0,0.0
A,r0.0,nfmcd_robust,0,0.25,0.0,0.0,0.0
A,r0.0,nfmcd_robust,0,0.3,0.0,0.0,0.0
A,r0.0,nfmcd_robust,0,0.4,0.0,0.0,0.0
A,r0.0,nfmcd_robust,0,0.5,0.0,0.0,0.0
A,r0.0,nfmcd_default,3,0.05,0.0,0.0,0.0
A,r0.0,nfmcd_default,3,0.1,0.0,0.0,0.0
A,r0.0,nfmcd_default,3,0.15,0.0,0.0,0.0
A,r0.0,nfmcd_default,3,0.2,0.0,0.0,0.0
A,r0.0,nfmcd_default,3,0.25,0.0,0.0,0.0
A,r0.0,nfmcd_default,3,0.3,0.0,0.0,0.0
A,r0.0,nfmcd_default,3,0.4,0.0,0.0,0.0
A,r0.0,nfmcd_default,3,0.5,0.0,0.0,0.0
A,r0.0,nfmcd_robust,3,0.05,0.0,0.0,0.0
A,r0.0,nfmcd_robust,3,0.1,0.0,0.0,0.0
A,r0.0,nfmcd_robust,3,0.15,0.0,0.0,0.0
A,r0.0,nfmcd_robust,3,0.2,0.0,0.0,0.0
A,r0.0,nfmcd_robust,3,0.25,0.0,0.0,0.0
A,r0.0,nfmcd_robust,3,0.3,0.0,0.0,0.0
A,r0.0,nfmcd_robust,3,0.4,0.0,0.0,0.0
A,r0.0,nfmcd_robust,3,0.5,0.0,0.0,0.0
A,r0.0,nfmcd_default,1,0.05,0.0,0.0,0.0
A,r0.0,nfmcd_default,1,0.1,0.0,0.0,0.0
A,r0.0,nfmcd_default,1,0.15,0.0,0.0,0.0
A,r0.0,nfmcd_default,1,0.2,0.0,0.0,0.0
A,r0.0,nfmcd_default,1,0.25,0.0,0.0,0.0
A,r0.0,nfmcd_default,1,0.3,0.0,0.0,0.0
A,r0.0,nfmcd_default,1,0.4,0.0,0.0,0.0
A,r0.0,nfmcd_default,1,0.5,0.0,0.0,0.0
A,r0.0,nfmcd_robust,1,0.05,0.0,0.0,0.0
A,r0.0,nfmcd_robust,1,0.1,0.0,0.0,0.0
A,r0.0,nfmcd_robust,1,0.15,0.0,0.0,0.0
A,r0.0,nfmcd_robust,1,0.2,0.0,0.0,0.0
A,r0.0,nfmcd_robust,1,0.25,0.0,0.0,0.0
A,r0.0,nfmcd_robust,1,0.3,0.0,0.0,0.0
A,r0.0,nfmcd_robust,1,0.4,0.0,0.0,0.0
A,r0.0,nfmcd_robust,1,0.5,0.0,0.0,0.0
A,r0.1,nfmcd_default,0,0.05,0.0641025641025641,0.4166666666666667,0.1111111111111111
A,r0.1,nfmcd_default,0,0.1,0.10869565217391304,0.20833333333333334,0.14285714285714285
A,r0.1,nfmcd_default,0,0.15,0.0,0.0,0.0
A,r0.1,nfmcd_default,0,0.2,0.0,0.0,0.0
A,r0.1,nfmcd_default,0,0.25,0.0,0.0,0.0
A,r0.1,nfmcd_default,0,0.3,0.0,0.0,0.0
A,r0.1,nfmcd_default,0,0.4,0.0,0.0,0.0
A,r0.1,nfmcd_default,0,0.5,0.0,0.0,0.0
A,r0.1,nfmcd_robust,0,0.05,0.08888888888888889,0.16666666666666666,0.11594202898550726
A,r0.1,nfmcd_robust,0,0.1,0.0,0.0,0.0
A,r0.1,nfmcd_robust,0,0.15,0.0,0.0,0.0
A,r0.1,nfmcd_robust,0,0.2,0.0,0.0,0.0
A,r0.1,nfmcd_robust,0,0.25,0.0,0.0,0.0
A,r0.1,nfmcd_robust,0,0.3,0.0,0.0,0.0
A,r0.1,nfmcd_robust,0,0.4,0.0,0.0,0.0
A,r0.1,nfmcd_robust,0,0.5,0.0,0.0,0.0
A,r0.1,nfmcd_default,1,0.05,0.06153846153846154,0.631578947368421,0.11214953271028039
A,r0.1,nfmcd_default,1,0.1,0.05555555555555555,0.15789473684210525,0.0821917808219178
A,r0.1,nfmcd_default,1,0.15,0.0,0.0,0.0
A,r0.1,nfmcd_default,1,0.2,0.0,0.0,0.0
A,r0.1,nfmcd_default,1,0.25,0.0,0.0,0.0
A,r0.1,nfmcd_default,1,0.3,0.0,0.0,0.0
A,r0.1,nfmcd_default,1,0.4,0.0,0.0,0.0
A,r0.1,nfmcd_default,1,0.5,0.0,0.0,0.0
A,r0.1,nfmcd_robust,1,0.05,0.09803921568627451,0.2631578947368421,0.14285714285714285
A,r0.1,nfmcd_robust,1,0.1,0.08333333333333333,0.05263157894736842,0.06451612903225808
A,r0.1,nfmcd_robust,1,0.15,0.0,0.0,0.0
A,r0.1,nfmcd_robust,1,0.2,0.0,0.0,0.0
A,r0.1,nfmcd_robust,1,0.25,0.0,0.0,0.0
A,r0.1,nfmcd_robust,1,0.3,0.0,0.0,0.0
A,r0.1,nfmcd_robust,1,0.4,0.0,0.0,0.0
A,r0.1,nfmcd_robust,1,0.5,0.0,0.0,0.0
A,r0.1,nfmcd_default,3,0.05,0.11475409836065574,0.8076923076923077,0.20095693779904306
A,r0.1,nfmcd_default,3,0.1,0.08571428571428572,0.23076923076923078,0.12500000000000003
A,r0.1,nfmcd_default,3,0.15,0.08333333333333333,0.038461538461538464,0.05263157894736842
A,r0.1,nfmcd_default,3,0.2,0.5,0.038461538461538464,0.07142857142857144
A,r0.1,nfmcd_default,3,0.25,0.0,0.0,0.0
A,r0.1,nfmcd_default,3,0.3,0.0,0.0,0.0
A,r0.1,nfmcd_default,3,0.4,0.0,0.0,0.0
A,r0.1,nfmcd_default,3,0.5,0.0,0.0,0.0
A,r0.1,nfmcd_robust,3,0.05,0.13793103448275862,0.3076923076923077,0.1904761904761905
A,r0.1,nfmcd_robust,3,0.1,0.14285714285714285,0.038461538461538464,0.060606060606060615
A,r0.1,nfmcd_robust,3,0.15,1.0,0.038461538461538464,0.07407407407407407
A,r0.1,nfmcd_robust,3,0.2,0.0,0.0,0.0
A,r0.1,nfmcd_robust,3,0.25,0.0,0.0,0.0
A,r0.1,nfmcd_robust,3,0.3,0.0,0.0,0.0
A,r0.1,nfmcd_robust,3,0.4,0.0,0.0,0.0
A,r0.1,nfmcd_robust,3,0.5,0.0,0.0,0.0
A,r0.1,nfmcd_default,4,0.05,0.09202453987730061,0.5769230769230769,0.15873015873015872
A,r0.1,nfmcd_default,4,0.1,0.1,0.15384615384615385,0.12121212121212123
A,r0.1,nfmcd_default,4,0.15,0.16666666666666666,0.038461538461538464,0.0625
A,r0.1,nfmcd_default,4,0.2,1.0,0.038461538461538464,0.07407407407407407
A,r0.1,nfmcd_default,4,0.25,0.0,0.0,0.0
A,r0.1,nfmcd_default,4,0.3,0.0,0.0,0.0
A,r0.1,nfmcd_default,4,0.4,0.0,0.0,0.0
A,r0.1,nfmcd_default,4,0.5,0.0,0.0,0.0
A,r0.1,nfmcd_robust,4,0.05,0.06818181818181818,0.11538461538461539,0.0857142857142857
A,r0.1,nfmcd_robust,4,0.1,0.1,0.038461538461538464,0.05555555555555555
A,r0.1,nfmcd_robust,4,0.15,0.25,0.038461538461538464,0.06666666666666668
A,r0.1,nfmcd_robust,4,0.2,1.0,0.038461538461538464,0.07407407407407407
A,r0.1,nfmcd_robust,4,0.25,0.0,0.0,0.0
A,r0.1,nfmcd_robust,4,0.3,0.0,0.0,0.0
A,r0.1,nfmcd_robust,4,0.4,0.0,0.0,0.0
A,r0.1,nfmcd_robust,4,0.5,0.0,0.0,0.0
A,r0.2,nfmcd_default,1,0.05,0.16585365853658537,0.7555555555555555,0.272
A,r0.2,nfmcd_default,1,0.1,0.09615384615384616,0.1111111111111111,0.10309278350515465
A,r0.2,nfmcd_default,1,0.15,0.07692307692307693,0.022222222222222223,0.034482758620689655
A,r0.2,nfmcd_default,1,0.2,0.0,0.0,0.0
A,r0.2,nfmcd_default,1,0.25,0.0,0.0,0.0
A,r0.2,nfmcd_default,1,0.3,0.0,0.0,0.0
A,r0.2,nfmcd_default,1,0.4,0.0,0.0,0.0
A,r0.2,nfmcd_default,1,0.5,0.0,0.0,0.0
A,r0.2,nfmcd_robust,1,0.05,0.125,0.1111111111111111,0.11764705882352941
A,r0.2,nfmcd_robust,1,0.1,0.18181818181818182,0.044444444444444446,0.07142857142857142
A,r0.2,nfmcd_robust,1,0.15,0.0,0.0,0.0
A,r0.2,nfmcd_robust,1,0.2,0.0,0.0,0.0
A,r0.2,nfmcd_robust,1,0.25,0.0,0.0,0.0
A,r0.2,nfmcd_robust,1,0.3,0.0,0.0,0.0
A,r0.2,nfmcd_robust,1,0.4,0.0,0.0,0.0
A,r0.2,nfmcd_robust,1,0.5,0.0,0.0,0.0
A,r0.1,nfmcd_default,2,0.05,0.06914893617021277,0.5416666666666666,0.12264150943396228
A,r0.1,nfmcd_default,2,0.1,0.1,0.20833333333333334,0.13513513513513514
A,r0.1,nfmcd_default,2,0.15,0.0,0.0,0.0
A,r0.1,nfmcd_default,2,0.2,0.0,0.0,0.0
A,r0.1,nfmcd_default,2,0.25,0.0,0.0,0.0
A,r0.1,nfmcd_default,2,0.3,0.0,0.0,0.0
A,r0.1,nfmcd_default,2,0.4,0.0,0.0,0.0
A,r0.1,nfmcd_default,2,0.5,0.0,0.0,0.0
A,r0.1,nfmcd_robust,2,0.05,0.018867924528301886,0.041666666666666664,0.025974025974025972
A,r0.1,nfmcd_robust,2,0.1,0.0,0.0,0.0
A,r0.1,nfmcd_robust,2,0.15,0.0,0.0,0.0
A,r0.1,nfmcd_robust,2,0.2,0.0,0.0,0.0
A,r0.1,nfmcd_robust,2,0.25,0.0,0.0,0.0
A,r0.1,nfmcd_robust,2,0.3,0.0,0.0,0.0
A,r0.1,nfmcd_robust,2,0.4,0.0,0.0,0.0
A,r0.1,nfmcd_robust,2,0.5,0.0,0.0,0.0
A,r0.2,nfmcd_default,0,0.05,0.18518518518518517,0.603448275862069,0.2834008097165992
A,r0.2,nfmcd_default,0,0.1,0.24489795918367346,0.20689655172413793,0.22429906542056074
A,r0.2,nfmcd_default,0,0.15,0.21428571428571427,0.05172413793103448,0.08333333333333331
A,r0.2,nfmcd_default,0,0.2,0.5,0.017241379310344827,0.03333333333333333
A,r0.2,nfmcd_default,0,0.25,0.0,0.0,0.0
A,r0.2,nfmcd_default,0,0.3,0.0,0.0,0.0
A,r0.2,nfmcd_default,0,0.4,0.0,0.0,0.0
A,r0.2,nfmcd_default,0,0.5,0.0,0.0,0.0
A,r0.2,nfmcd_robust,0,0.05,0.2619047619047619,0.1896551724137931,0.22
A,r0.2,nfmcd_robust,0,0.1,0.21428571428571427,0.05172413793103448,0.08333333333333331
A,r0.2,nfmcd_robust,0,0.15,0.4,0.034482758620689655,0.06349206349206349
A,r0.2,nfmcd_robust,0,0.2,1.0,0.017241379310344827,0.03389830508474576
A,r0.2,nfmcd_robust,0,0.25,0.0,0.0,0.0
A,r0.2,nfmcd_robust,0,0.3,0.0,0.0,0.0
A,r0.2,nfmcd_robust,0,0.4,0.0,0.0,0.0
A,r0.2,nfmcd_robust,0,0.5,0.0,0.0,0.0
A,r0.2,nfmcd_default,2,0.05,0.15458937198067632,0.6956521739130435,0.25296442687747034
A,r0.2,nfmcd_default,2,0.1,0.125,0.17391304347826086,0.14545454545454545
A,r0.2,nfmcd_default,2,0.15,0.1875,0.06521739130434782,0.09677419354838708
A,r0.2,nfmcd_default,2,0.2,0.5,0.021739130434782608,0.041666666666666664
A,r0.2,nfmcd_default,2,0.25,0.0,0.0,0.0
A,r0.2,nfmcd_default,2,0.3,0.0,0.0,0.0
A,r0.2,nfmcd_default,2,0.4,0.0,0.0,0.0
A,r0.2,nfmcd_default,2,0.5,0.0,0.0,0.0
A,r0.2,nfmcd_robust,2,0.05,0.19230769230769232,0.21739130434782608,0.20408163265306123
A,r0.2,nfmcd_robust,2,0.1,0.2,0.08695652173913043,0.12121212121212122
A,r0.2,nfmcd_robust,2,0.15,0.0,0.0,0.0
A,r0.2,nfmcd_robust,2,0.2,0.0,0.0,0.0
A,r0.2,nfmcd_robust,2,0.25,0.0,0.0,0.0
A,r0.2,nfmcd_robust,2,0.3,0.0,0.0,0.0
A,r0.2,nfmcd_robust,2,0.4,0.0,0.0,0.0
A,r0.2,nfmcd_robust,2,0.5,0.0,0.0,0.0
A,r0.2,nfmcd_default,4,0.05,0.14204545454545456,0.5434782608695652,0.22522522522522523
A,r0.2,nfmcd_default,4,0.1,0.125,0.15217391304347827,0.13725490196078433
A,r0.2,nfmcd_default,4,0.15,0.16666666666666666,0.043478260869565216,0.06896551724137931
A,r0.2,nfmcd_default,4,0.2,0.0,0.0,0.0
A,r0.2,nfmcd_default,4,0.25,0.0,0.0,0.0
A,r0.2,nfmcd_default,4,0.3,0.0,0.0,0.0
A,r0.2,nfmcd_default,4,0.4,0.0,0.0,0.0
A,r0.2,nfmcd_default,4,0.5,0.0,0.0,0.0
A,r0.2,nfmcd_robust,4,0.05,0.10869565217391304,0.10869565217391304,0.10869565217391304
A,r0.2,nfmcd_robust,4,0.1,0.2,0.043478260869565216,0.07142857142857142
A,r0.2,nfmcd_robust,4,0.15,0.0,0.0,0.0
A,r0.2,nfmcd_robust,4,0.2,0.0,0.0,0.0
A,r0.2,nfmcd_robust,4,0.25,0.0,0.0,0.0
A,r0.2,nfmcd_robust,4,0.3,0.0,0.0,0.0
A,r0.2,nfmcd_robust,4,0.4,0.0,0.0,0.0
A,r0.2,nfmcd_robust,4,0.5,0.0,0.0,0.0
A,r0.3,nfmcd_default,1,0.05,0.19487179487179487,0.59375,0.29343629343629346
A,r0.3,nfmcd_default,1,0.1,0.2033898305084746,0.1875,0.1951219512195122
A,r0.3,nfmcd_default,1,0.15,0.0,0.0,0.0
A,r0.3,nfmcd_default,1,0.2,0.0,0.0,0.0
A,r0.3,nfmcd_default,1,0.25,0.0,0.0,0.0
A,r0.3,nfmcd_default,1,0.3,0.0,0.0,0.0
A,r0.3,nfmcd_default,1,0.4,0.0,0.0,0.0
A,r0.3,nfmcd_default,1,0.5,0.0,0.0,0.0
A,r0.3,nfmcd_robust,1,0.05,0.12962962962962962,0.109375,0.11864406779661016
A,r0.3,nfmcd_robust,1,0.1,0.0,0.0,0.0
A,r0.3,nfmcd_robust,1,0.15,0.0,0.0,0.0
A,r0.3,nfmcd_robust,1,0.2,0.0,0.0,0.0
A,r0.3,nfmcd_robust,1,0.25,0.0,0.0,0.0
A,r0.3,nfmcd_robust,1,0.3,0.0,0.0,0.0
A,r0.3,nfmcd_robust,1,0.4,0.0,0.0,0.0
A,r0.3,nfmcd_robust,1,0.5,0.0,0.0,0.0
A,r0.3,nfmcd_default,0,0.05,0.27710843373493976,0.5822784810126582,0.37551020408163266
A,r0.3,nfmcd_default,0,0.1,0.2978723404255319,0.17721518987341772,0.2222222222222222
A,r0.3,nfmcd_default,0,0.15,0.45454545454545453,0.06329113924050633,0.11111111111111112
A,r0.3,nfmcd_default,0,0.2,0.0,0.0,0.0
A,r0.3,nfmcd_default,0,0.25,0.0,0.0,0.0
A,r0.3,nfmcd_default,0,0.3,0.0,0.0,0.0
A,r0.3,nfmcd_default,0,0.4,0.0,0.0,0.0
A,r0.3,nfmcd_default,0,0.5,0.0,0.0,0.0
A,r0.3,nfmcd_robust,0,0.05,0.30434782608695654,0.17721518987341772,0.224
A,r0.3,nfmcd_robust,0,0.1,0.2727272727272727,0.0379746835443038,0.06666666666666667
A,r0.3,nfmcd_robust,0,0.15,0.0,0.0,0.0
A,r0.3,nfmcd_robust,0,0.2,0.0,0.0,0.0
A,r0.3,nfmcd_robust,0,0.25,0.0,0.0,0.0
A,r0.3,nfmcd_robust,0,0.3,0.0,0.0,0.0
A,r0.3,nfmcd_robust,0,0.4,0.0,0.0,0.0
A,r0.3,nfmcd_robust,0,0.5,0.0,0.0,0.0
A,r0.2,nfmcd_default,3,0.05,0.1794871794871795,0.660377358490566,0.282258064516129
A,r0.2,nfmcd_default,3,0.1,0.17105263157894737,0.24528301886792453,0.2015503875968992
A,r0.2,nfmcd_default,3,0.15,0.0,0.0,0.0
A,r0.2,nfmcd_default,3,0.2,0.0,0.0,0.0
A,r0.2,nfmcd_default,3,0.25,0.0,0.0,0.0
A,r0.2,nfmcd_default,3,0.3,0.0,0.0,0.0
A,r0.2,nfmcd_default,3,0.4,0.0,0.0,0.0
A,r0.2,nfmcd_default,3,0.5,0.0,0.0,0.0
A,r0.2,nfmcd_robust,3,0.05,0.16666666666666666,0.16981132075471697,0.16822429906542055
A,r0.2,nfmcd_robust,3,0.1,0.09523809523809523,0.03773584905660377,0.05405405405405406
A,r0.2,nfmcd_robust,3,0.15,0.0,0.0,0.0
A,r0.2,nfmcd_robust,3,0.2,0.0,0.0,0.0
A,r0.2,nfmcd_robust,3,0.25,0.0,0.0,0.0
A,r0.2,nfmcd_robust,3,0.3,0.0,0.0,0.0
A,r0.2,nfmcd_robust,3,0.4,0.0,0.0,0.0
A,r0.2,nfmcd_robust,3,0.5,0.0,0.0,0.0
A,r0.3,nfmcd_default,2,0.05,0.24120603015075376,0.7384615384615385,0.36363636363636365
A,r0.3,nfmcd_default,2,0.1,0.2857142857142857,0.24615384615384617,0.2644628099173554
A,r0.3,nfmcd_default,2,0.15,0.23076923076923078,0.046153846153846156,0.07692307692307693
A,r0.3,nfmcd_default,2,0.2,0.25,0.015384615384615385,0.028985507246376812
A,r0.3,nfmcd_default,2,0.25,0.0,0.0,0.0
A,r0.3,nfmcd_default,2,0.3,0.0,0.0,0.0
A,r0.3,nfmcd_default,2,0.4,0.0,0.0,0.0
A,r0.3,nfmcd_default,2,0.5,0.0,0.0,0.0
A,r0.3,nfmcd_robust,2,0.05,0.21311475409836064,0.2,0.20634920634920634
A,r0.3,nfmcd_robust,2,0.1,0.3333333333333333,0.07692307692307693,0.125
A,r0.3,nfmcd_robust,2,0.15,0.5,0.015384615384615385,0.029850746268656723
A,r0.3,nfmcd_robust,2,0.2,0.0,0.0,0.0
A,r0.3,nfmcd_robust,2,0.25,0.0,0.0,0.0
A,r0.3,nfmcd_robust,2,0.3,0.0,0.0,0.0
A,r0.3,nfmcd_robust,2,0.4,0.0,0.0,0.0
A,r0.3,nfmcd_robust,2,0.5,0.0,0.0,0.0
A,r0.3,nfmcd_default,3,0.05,0.22660098522167488,0.7076923076923077,0.34328358208955223
A,r0.3,nfmcd_default,3,0.1,0.23636363636363636,0.2,0.21666666666666665
A,r0.3,nfmcd_default,3,0.15,0.5294117647058824,0.13846153846153847,0.21951219512195122
A,r0.3,nfmcd_default,3,0.2,0.6666666666666666,0.03076923076923077,0.05882352941176471
A,r0.3,nfmcd_default,3,0.25,1.0,0.015384615384615385,0.030303030303030307
A,r0.3,nfmcd_default,3,0.3,0.0,0.0,0.0
A,r0.3,nfmcd_default,3,0.4,0.0,0.0,0.0
A,r0.3,nfmcd_default,3,0.5,0.0,0.0,0.0
A,r0.3,nfmcd_robust,3,0.05,0.26,0.2,0.22608695652173913
A,r0.3,nfmcd_robust,3,0.1,0.6363636363636364,0.1076923076923077,0.1842105263157895
A,r0.3,nfmcd_robust,3,0.15,0.6666666666666666,0.03076923076923077,0.05882352941176471
A,r0.3,nfmcd_robust,3,0.2,0.0,0.0,0.0
A,r0.3,nfmcd_robust,3,0.25,0.0,0.0,0.0
A,r0.3,nfmcd_robust,3,0.3,0.0,0.0,0.0
A,r0.3,nfmcd_robust,3,0.4,0.0,0.0,0.0
A,r0.3,nfmcd_robust,3,0.5,0.0,0.0,0.0
A,r0.3,nfmcd_default,4,0.05,0.23780487804878048,0.6,0.34061135371179035
A,r0.3,nfmcd_default,4,0.1,0.25,0.2,0.22222222222222224
A,r0.3,nfmcd_default,4,0.15,0.16666666666666666,0.03076923076923077,0.05194805194805195
A,r0.3,nfmcd_default,4,0.2,0.25,0.015384615384615385,0.028985507246376812
A,r0.3,nfmcd_default,4,0.25,1.0,0.015384615384615385,0.030303030303030307
A,r0.3,nfmcd_default,4,0.3,1.0,0.015384615384615385,0.030303030303030307
A,r0.3,nfmcd_default,4,0.4,0.0,0.0,0.0
A,r0.3,nfmcd_default,4,0.5,0.0,0.0,0.0
A,r0.3,nfmcd_robust,4,0.05,0.1956521739130435,0.13846153846153847,0.16216216216216217
A,r0.3,nfmcd_robust,4,0.1,0.07692307692307693,0.015384615384615385,0.025641025641025644
A,r0.3,nfmcd_robust,4,0.15,0.16666666666666666,0.015384615384615385,0.028169014084507043
A,r0.3,nfmcd_robust,4,0.2,1.0,0.015384615384615385,0.030303030303030307
A,r0.3,nfmcd_robust,4,0.25,1.0,0.015384615384615385,0.030303030303030307
A,r0.3,nfmcd_robust,4,0.3,0.0,0.0,0.0
A,r0.3,nfmcd_robust,4,0.4,0.0,0.0,0.0
A,r0.3,nfmcd_robust,4,0.5,0.0,0.0,0.0
A,r0.4,nfmcd_default,1,0.05,0.30158730158730157,0.6195652173913043,0.4056939501779359
A,r0.4,nfmcd_default,1,0.1,0.3125,0.16304347826086957,0.2142857142857143
A,r0.4,nfmcd_default,1,0.15,0.15384615384615385,0.021739130434782608,0.0380952380952381
A,r0.4,nfmcd_default,1,0.2,0.0,0.0,0.0
A,r0.4,nfmcd_default,1,0.25,0.0,0.0,0.0
A,r0.4,nfmcd_default,1,0.3,0.0,0.0,0.0
A,r0.4,nfmcd_default,1,0.4,0.0,0.0,0.0
A,r0.4,nfmcd_default,1,0.5,0.0,0.0,0.0
A,r0.4,nfmcd_robust,1,0.05,0.35294117647058826,0.1956521739130435,0.2517482517482518
A,r0.4,nfmcd_robust,1,0.1,0.4,0.06521739130434782,0.11214953271028037
A,r0.4,nfmcd_robust,1,0.15,0.0,0.0,0.0
A,r0.4,nfmcd_robust,1,0.2,0.0,0.0,0.0
A,r0.4,nfmcd_robust,1,0.25,0.0,0.0,0.0
A,r0.4,nfmcd_robust,1,0.3,0.0,0.0,0.0
A,r0.4,nfmcd_robust,1,0.4,0.0,0.0,0.0
A,r0.4,nfmcd_robust,1,0.5,0.0,0.0,0.0
A,r0.4,nfmcd_default,2,0.05,0.30456852791878175,0.6593406593406593,0.4166666666666667
A,r0.4,nfmcd_default,2,0.1,0.2459016393442623,0.16483516483516483,0.19736842105263155
A,r0.4,nfmcd_default,2,0.15,0.3157894736842105,0.06593406593406594,0.1090909090909091
A,r0.4,nfmcd_default,2,0.2,0.2857142857142857,0.02197802197802198,0.040816326530612256
A,r0.4,nfmcd_default,2,0.25,0.0,0.0,0.0
A,r0.4,nfmcd_default,2,0.3,0.0,0.0,0.0
A,r0.4,nfmcd_default,2,0.4,0.0,0.0,0.0
A,r0.4,nfmcd_default,2,0.5,0.0,0.0,0.0
A,r0.4,nfmcd_robust,2,0.05,0.22,0.12087912087912088,0.15602836879432624
A,r0.4,nfmcd_robust,2,0.1,0.2857142857142857,0.06593406593406594,0.10714285714285714
A,r0.4,nfmcd_robust,2,0.15,0.2,0.01098901098901099,0.02083333333333334
A,r0.4,nfmcd_robust,2,0.2,0.0,0.0,0.0
A,r0.4,nfmcd_robust,2,0.25,0.0,0.0,0.0
A,r0.4,nfmcd_robust,2,0.3,0.0,0.0,0.0
A,r0.4,nfmcd_robust,2,0.4,0.0,0.0,0.0
A,r0.4,nfmcd_robust,2,0.5,0.0,0.0,0.0
A,r0.4,nfmcd_default,0,0.05,0.33146067415730335,0.5841584158415841,0.4229390681003584
A,r0.4,nfmcd_default,0,0.1,0.2653061224489796,0.12871287128712872,0.17333333333333334
A,r0.4,nfmcd_default,0,0.15,0.35714285714285715,0.04950495049504951,0.08695652173913043
A,r0.4,nfmcd_default,0,0.2,0.0,0.0,0.0
A,r0.4,nfmcd_default,0,0.25,0.0,0.0,0.0
A,r0.4,nfmcd_default,0,0.3,0.0,0.0,0.0
A,r0.4,nfmcd_default,0,0.4,0.0,0.0,0.0
A,r0.4,nfmcd_default,0,0.5,0.0,0.0,0.0
A,r0.4,nfmcd_robust,0,0.05,0.3023255813953488,0.12871287128712872,0.18055555555555555
A,r0.4,nfmcd_robust,0,0.1,0.36363636363636365,0.039603960396039604,0.07142857142857144
A,r0.4,nfmcd_robust,0,0.15,0.0,0.0,0.0
A,r0.4,nfmcd_robust,0,0.2,0.0,0.0,0.0
A,r0.4,nfmcd_robust,0,0.25,0.0,0.0,0.0
A,r0.4,nfmcd_robust,0,0.3,0.0,0.0,0.0
A,r0.4,nfmcd_robust,0,0.4,0.0,0.0,0.0
A,r0.4,nfmcd_robust,0,0.5,0.0,0.0,0.0
B,amazon,nfmcd_default,0,0.05,0.85,0.25,0.3863636363636363
B,amazon,nfmcd_default,0,0.1,0.8888888888888888,0.23529411764705882,0.3720930232558139
B,amazon,nfmcd_default,0,0.15,0.9333333333333333,0.20588235294117646,0.3373493975903614
B,amazon,nfmcd_default,0,0.2,0.9166666666666666,0.16176470588235295,0.275
B,amazon,nfmcd_default,0,0.25,0.8,0.058823529411764705,0.1095890410958904
B,amazon,nfmcd_default,0,0.3,0.5,0.014705882352941176,0.028571428571428574
B,amazon,nfmcd_default,0,0.4,0.0,0.0,0.0
B,amazon,nfmcd_default,0,0.5,0.0,0.0,0.0
B,amazon,nfmcd_robust,0,0.05,0.85,0.25,0.3863636363636363
B,amazon,nfmcd_robust,0,0.1,0.8888888888888888,0.23529411764705882,0.3720930232558139
B,amazon,nfmcd_robust,0,0.15,0.9333333333333333,0.20588235294117646,0.3373493975903614
B,amazon,nfmcd_robust,0,0.2,0.9166666666666666,0.16176470588235295,0.275
B,amazon,nfmcd_robust,0,0.25,0.8,0.058823529411764705,0.1095890410958904
B,amazon,nfmcd_robust,0,0.3,0.5,0.014705882352941176,0.028571428571428574
B,amazon,nfmcd_robust,0,0.4,0.0,0.0,0.0
B,amazon,nfmcd_robust,0,0.5,0.0,0.0,0.0
A,r0.4,nfmcd_default,3,0.05,0.3582089552238806,0.7422680412371134,0.48322147651006714
A,r0.4,nfmcd_default,3,0.1,0.34328358208955223,0.23711340206185566,0.2804878048780488
A,r0.4,nfmcd_default,3,0.15,0.42857142857142855,0.061855670103092786,0.10810810810810811
A,r0.4,nfmcd_default,3,0.2,0.3333333333333333,0.010309278350515464,0.02
A,r0.4,nfmcd_default,3,0.25,0.0,0.0,0.0
A,r0.4,nfmcd_default,3,0.3,0.0,0.0,0.0
A,r0.4,nfmcd_default,3,0.4,0.0,0.0,0.0
A,r0.4,nfmcd_default,3,0.5,0.0,0.0,0.0
A,r0.4,nfmcd_robust,3,0.05,0.37037037037037035,0.20618556701030927,0.2649006622516556
A,r0.4,nfmcd_robust,3,0.1,0.4375,0.07216494845360824,0.12389380530973451
A,r0.4,nfmcd_robust,3,0.15,0.3333333333333333,0.020618556701030927,0.03883495145631068
A,r0.4,nfmcd_robust,3,0.2,0.0,0.0,0.0
A,r0.4,nfmcd_robust,3,0.25,0.0,0.0,0.0
A,r0.4,nfmcd_robust,3,0.3,0.0,0.0,0.0
A,r0.4,nfmcd_robust,3,0.4,0.0,0.0,0.0
A,r0.4,nfmcd_robust,3,0.5,0.0,0.0,0.0
B,amazon,nfmcd_default,1,0.05,0.85,0.25,0.3863636363636363
B,amazon,nfmcd_default,1,0.1,0.8888888888888888,0.23529411764705882,0.3720930232558139
B,amazon,nfmcd_default,1,0.15,0.9333333333333333,0.20588235294117646,0.3373493975903614
B,amazon,nfmcd_default,1,0.2,0.9166666666666666,0.16176470588235295,0.275
B,amazon,nfmcd_default,1,0.25,0.8,0.058823529411764705,0.1095890410958904
B,amazon,nfmcd_default,1,0.3,0.5,0.014705882352941176,0.028571428571428574
B,amazon,nfmcd_default,1,0.4,0.0,0.0,0.0
B,amazon,nfmcd_default,1,0.5,0.0,0.0,0.0
B,amazon,nfmcd_robust,1,0.05,0.85,0.25,0.3863636363636363
B,amazon,nfmcd_robust,1,0.1,0.8888888888888888,0.23529411764705882,0.3720930232558139
B,amazon,nfmcd_robust,1,0.15,0.9333333333333333,0.20588235294117646,0.3373493975903614
B,amazon,nfmcd_robust,1,0.2,0.9166666666666666,0.16176470588235295,0.275
B,amazon,nfmcd_robust,1,0.25,0.8,0.058823529411764705,0.1095890410958904
B,amazon,nfmcd_robust,1,0.3,0.5,0.014705882352941176,0.028571428571428574
B,amazon,nfmcd_robust,1,0.4,0.0,0.0,0.0
B,amazon,nfmcd_robust,1,0.5,0.0,0.0,0.0
B,amazon,nfmcd_default,2,0.05,0.85,0.25,0.3863636363636363
B,amazon,nfmcd_default,2,0.1,0.8888888888888888,0.23529411764705882,0.3720930232558139
B,amazon,nfmcd_default,2,0.15,0.9333333333333333,0.20588235294117646,0.3373493975903614
B,amazon,nfmcd_default,2,0.2,0.9166666666666666,0.16176470588235295,0.275
B,amazon,nfmcd_default,2,0.25,0.8333333333333334,0.07352941176470588,0.13513513513513514
B,amazon,nfmcd_default,2,0.3,0.5,0.014705882352941176,0.028571428571428574
B,amazon,nfmcd_default,2,0.4,0.0,0.0,0.0
B,amazon,nfmcd_default,2,0.5,0.0,0.0,0.0
B,amazon,nfmcd_robust,2,0.05,0.85,0.25,0.3863636363636363
B,amazon,nfmcd_robust,2,0.1,0.8888888888888888,0.23529411764705882,0.3720930232558139
B,amazon,nfmcd_robust,2,0.15,0.9333333333333333,0.20588235294117646,0.3373493975903614
B,amazon,nfmcd_robust,2,0.2,0.9166666666666666,0.16176470588235295,0.275
B,amazon,nfmcd_robust,2,0.25,0.8,0.058823529411764705,0.1095890410958904
B,amazon,nfmcd_robust,2,0.3,0.5,0.014705882352941176,0.028571428571428574
B,amazon,nfmcd_robust,2,0.4,0.0,0.0,0.0
B,amazon,nfmcd_robust,2,0.5,0.0,0.0,0.0
A,r0.4,nfmcd_default,4,0.05,0.310126582278481,0.5157894736842106,0.38735177865612647
A,r0.4,nfmcd_default,4,0.1,0.26,0.1368421052631579,0.17931034482758623
A,r0.4,nfmcd_default,4,0.15,0.15384615384615385,0.021052631578947368,0.037037037037037035
A,r0.4,nfmcd_default,4,0.2,0.0,0.0,0.0
A,r0.4,nfmcd_default,4,0.25,0.0,0.0,0.0
A,r0.4,nfmcd_default,4,0.3,0.0,0.0,0.0
A,r0.4,nfmcd_default,4,0.4,0.0,0.0,0.0
A,r0.4,nfmcd_default,4,0.5,0.0,0.0,0.0
A,r0.4,nfmcd_robust,4,0.05,0.32653061224489793,0.16842105263157894,0.2222222222222222
A,r0.4,nfmcd_robust,4,0.1,0.09090909090909091,0.010526315789473684,0.018867924528301886
A,r0.4,nfmcd_robust,4,0.15,0.0,0.0,0.0
A,r0.4,nfmcd_robust,4,0.2,0.0,0.0,0.0
A,r0.4,nfmcd_robust,4,0.25,0.0,0.0,0.0
A,r0.4,nfmcd_robust,4,0.3,0.0,0.0,0.0
A,r0.4,nfmcd_robust,4,0.4,0.0,0.0,0.0
A,r0.4,nfmcd_robust,4,0.5,0.0,0.0,0.0
B,dblp,nfmcd_default,0,0.05,0.034482758620689655,0.45454545454545453,0.0641025641025641
B,dblp,nfmcd_default,0,0.1,0.039603960396039604,0.36363636363636365,0.07142857142857144
B,dblp,nfmcd_default,0,0.15,0.08163265306122448,0.36363636363636365,0.13333333333333333
B,dblp,nfmcd_default,0,0.2,0.1111111111111111,0.36363636363636365,0.1702127659574468
B,dblp,nfmcd_default,0,0.25,0.10344827586206896,0.2727272727272727,0.15
B,dblp,nfmcd_default,0,0.3,0.25,0.18181818181818182,0.2105263157894737
B,dblp,nfmcd_default,0,0.4,0.0,0.0,0.0
B,dblp,nfmcd_default,0,0.5,0.0,0.0,0.0
B,dblp,nfmcd_robust,0,0.05,0.034482758620689655,0.45454545454545453,0.0641025641025641
B,dblp,nfmcd_robust,0,0.1,0.04,0.36363636363636365,0.07207207207207207
B,dblp,nfmcd_robust,0,0.15,0.08163265306122448,0.36363636363636365,0.13333333333333333
B,dblp,nfmcd_robust,0,0.2,0.1111111111111111,0.36363636363636365,0.1702127659574468
B,dblp,nfmcd_robust,0,0.25,0.10344827586206896,0.2727272727272727,0.15
B,dblp,nfmcd_robust,0,0.3,0.25,0.18181818181818182,0.2105263157894737
B,dblp,nfmcd_robust,0,0.4,0.0,0.0,0.0
B,dblp,nfmcd_robust,0,0.5,0.0,0.0,0.0
B,dblp,nfmcd_default,1,0.05,0.034482758620689655,0.45454545454545453,0.0641025641025641
B,dblp,nfmcd_default,1,0.1,0.039603960396039604,0.36363636363636365,0.07142857142857144
B,dblp,nfmcd_default,1,0.15,0.08163265306122448,0.36363636363636365,0.13333333333333333
B,dblp,nfmcd_default,1,0.2,0.1111111111111111,0.36363636363636365,0.1702127659574468
B,dblp,nfmcd_default,1,0.25,0.10344827586206896,0.2727272727272727,0.15
B,dblp,nfmcd_default,1,0.3,0.25,0.18181818181818182,0.2105263157894737
B,dblp,nfmcd_default,1,0.4,0.0,0.0,0.0
B,dblp,nfmcd_default,1,0.5,0.0,0.0,0.0
B,dblp,nfmcd_robust,1,0.05,0.034482758620689655,0.45454545454545453,0.0641025641025641
B,dblp,nfmcd_robust,1,0.1,0.04,0.36363636363636365,0.07207207207207207
B,dblp,nfmcd_robust,1,0.15,0.08163265306122448,0.36363636363636365,0.13333333333333333
B,dblp,nfmcd_robust,1,0.2,0.1111111111111111,0.36363636363636365,0.1702127659574468
B,dblp,nfmcd_robust,1,0.25,0.10344827586206896,0.2727272727272727,0.15
B,dblp,nfmcd_robust,1,0.3,0.25,0.18181818181818182,0.2105263157894737
B,dblp,nfmcd_robust,1,0.4,0.0,0.0,0.0
B,dblp,nfmcd_robust,1,0.5,0.0,0.0,0.0
B,dblp,nfmcd_default,2,0.05,0.034482758620689655,0.45454545454545453,0.0641025641025641
B,dblp,nfmcd_default,2,0.1,0.039603960396039604,0.36363636363636365,0.07142857142857144
B,dblp,nfmcd_default,2,0.15,0.08163265306122448,0.36363636363636365,0.13333333333333333
B,dblp,nfmcd_default,2,0.2,0.1111111111111111,0.36363636363636365,0.1702127659574468
B,dblp,nfmcd_default,2,0.25,0.10344827586206896,0.2727272727272727,0.15
B,dblp,nfmcd_default,2,0.3,0.25,0.18181818181818182,0.2105263157894737
B,dblp,nfmcd_default,2,0.4,0.0,0.0,0.0
B,dblp,nfmcd_default,2,0.5,0.0,0.0,0.0
B,dblp,nfmcd_robust,2,0.05,0.034482758620689655,0.45454545454545453,0.0641025641025641
B,dblp,nfmcd_robust,2,0.1,0.04,0.36363636363636365,0.07207207207207207
B,dblp,nfmcd_robust,2,0.15,0.08163265306122448,0.36363636363636365,0.13333333333333333
B,dblp,nfmcd_robust,2,0.2,0.1111111111111111,0.36363636363636365,0.1702127659574468
B,dblp,nfmcd_robust,2,0.25,0.10344827586206896,0.2727272727272727,0.15
B,dblp,nfmcd_robust,2,0.3,0.25,0.18181818181818182,0.2105263157894737
B,dblp,nfmcd_robust,2,0.4,0.0,0.0,0.0
B,dblp,nfmcd_robust,2,0.5,0.0,0.0,0.0
C,crisismmd,nfmcd_default,2,0.05,,,0.98125
C,crisismmd,nfmcd_default,2,0.1,,,0.8775
C,crisismmd,nfmcd_default,2,0.15,,,0.46875
C,crisismmd,nfmcd_default,2,0.2,,,0.0575
C,crisismmd,nfmcd_default,2,0.25,,,0.00125
C,crisismmd,nfmcd_default,2,0.3,,,0.0
C,crisismmd,nfmcd_default,2,0.4,,,0.0
C,crisismmd,nfmcd_default,2,0.5,,,0.0
C,crisismmd,nfmcd_structure_only,2,0.05,,,0.44625
C,crisismmd,nfmcd_structure_only,2,0.1,,,0.34125
C,crisismmd,nfmcd_structure_only,2,0.15,,,0.27375
C,crisismmd,nfmcd_structure_only,2,0.2,,,0.19375
C,crisismmd,nfmcd_structure_only,2,0.25,,,0.1475
C,crisismmd,nfmcd_structure_only,2,0.3,,,0.09
C,crisismmd,nfmcd_structure_only,2,0.4,,,0.03
C,crisismmd,nfmcd_structure_only,2,0.5,,,0.0
C,crisismmd,nfmcd_text_only,2,0.05,,,0.38125
C,crisismmd,nfmcd_text_only,2,0.1,,,0.2425
C,crisismmd,nfmcd_text_only,2,0.15,,,0.17
C,crisismmd,nfmcd_text_only,2,0.2,,,0.1075
C,crisismmd,nfmcd_text_only,2,0.25,,,0.06625
C,crisismmd,nfmcd_text_only,2,0.3,,,0.035
C,crisismmd,nfmcd_text_only,2,0.4,,,0.0
C,crisismmd,nfmcd_text_only,2,0.5,,,0.0
C,crisismmd,nfmcd_image_only,2,0.05,,,0.73125
C,crisismmd,nfmcd_image_only,2,0.1,,,0.6625
C,crisismmd,nfmcd_image_only,2,0.15,,,0.61375
C,crisismmd,nfmcd_image_only,2,0.2,,,0.54375
C,crisismmd,nfmcd_image_only,2,0.25,,,0.5225
C,crisismmd,nfmcd_image_only,2,0.3,,,0.49875
C,crisismmd,nfmcd_image_only,2,0.4,,,0.45625
C,crisismmd,nfmcd_image_only,2,0.5,,,0.0
C,crisismmd,nfmcd_default,1,0.05,,,0.99875
C,crisismmd,nfmcd_default,1,0.1,,,0.93375
C,crisismmd,nfmcd_default,1,0.15,,,0.49125
C,crisismmd,nfmcd_default,1,0.2,,,0.0
C,crisismmd,nfmcd_default,1,0.25,,,0.0
C,crisismmd,nfmcd_default,1,0.3,,,0.0
C,crisismmd,nfmcd_default,1,0.4,,,0.0
C,crisismmd,nfmcd_default,1,0.5,,,0.0
C,crisismmd,nfmcd_structure_only,1,0.05,,,0.29125
C,crisismmd,nfmcd_structure_only,1,0.1,,,0.20625
C,crisismmd,nfmcd_structure_only,1,0.15,,,0.1375
C,crisismmd,nfmcd_structure_only,1,0.2,,,0.09625
C,crisismmd,nfmcd_structure_only,1,0.25,,,0.05875
C,crisismmd,nfmcd_structure_only,1,0.3,,,0.03125
C,crisismmd,nfmcd_structure_only,1,0.4,,,0.00125
C,crisismmd,nfmcd_structure_only,1,0.5,,,0.0
C,crisismmd,nfmcd_text_only,1,0.05,,,0.7375
C,crisismmd,nfmcd_text_only,1,0.1,,,0.665
C,crisismmd,nfmcd_text_only,1,0.15,,,0.6125
C,crisismmd,nfmcd_text_only,1,0.2,,,0.5425
C,crisismmd,nfmcd_text_only,1,0.25,,,0.52125
C,crisismmd,nfmcd_text_only,1,0.3,,,0.5
C,crisismmd,nfmcd_text_only,1,0.4,,,0.4575
C,crisismmd,nfmcd_text_only,1,0.5,,,0.0
C,crisismmd,nfmcd_image_only,1,0.05,,,0.73125
C,crisismmd,nfmcd_image_only,1,0.1,,,0.6625
C,crisismmd,nfmcd_image_only,1,0.15,,,0.61375
C,crisismmd,nfmcd_image_only,1,0.2,,,0.54375
C,crisismmd,nfmcd_image_only,1,0.25,,,0.5225
C,crisismmd,nfmcd_image_only,1,0.3,,,0.49875
C,crisismmd,nfmcd_image_only,1,0.4,,,0.45625
C,crisismmd,nfmcd_image_only,1,0.5,,,0.0
C,crisismmd,nfmcd_default,0,0.05,,,0.9825
C,crisismmd,nfmcd_default,0,0.1,,,0.88375
C,crisismmd,nfmcd_default,0,0.15,,,0.48125
C,crisismmd,nfmcd_default,0,0.2,,,0.0425
C,crisismmd,nfmcd_default,0,0.25,,,0.0
C,crisismmd,nfmcd_default,0,0.3,,,0.0
C,crisismmd,nfmcd_default,0,0.4,,,0.0
C,crisismmd,nfmcd_default,0,0.5,,,0.0
C,crisismmd,nfmcd_structure_only,0,0.05,,,0.4
C,crisismmd,nfmcd_structure_only,0,0.1,,,0.29
C,crisismmd,nfmcd_structure_only,0,0.15,,,0.215
C,crisismmd,nfmcd_structure_only,0,0.2,,,0.1475
C,crisismmd,nfmcd_structure_only,0,0.25,,,0.095
C,crisismmd,nfmcd_structure_only,0,0.3,,,0.05375
C,crisismmd,nfmcd_structure_only,0,0.4,,,0.0125
C,crisismmd,nfmcd_structure_only,0,0.5,,,0.0
C,crisismmd,nfmcd_text_only,0,0.05,,,0.7375
C,crisismmd,nfmcd_text_only,0,0.1,,,0.665
C,crisismmd,nfmcd_text_only,0,0.15,,,0.61375
C,crisismmd,nfmcd_text_only,0,0.2,,,0.5425
C,crisismmd,nfmcd_text_only,0,0.25,,,0.52125
C,crisismmd,nfmcd_text_only,0,0.3,,,0.5
C,crisismmd,nfmcd_text_only,0,0.4,,,0.45875
C,crisismmd,nfmcd_text_only,0,0.5,,,0.0
C,crisismmd,nfmcd_image_only,0,0.05,,,0.73
C,crisismmd,nfmcd_image_only,0,0.1,,,0.65
C,crisismmd,nfmcd_image_only,0,0.15,,,0.5925
C,crisismmd,nfmcd_image_only,0,0.2,,,0.53
C,crisismmd,nfmcd_image_only,0,0.25,,,0.505
C,crisismmd,nfmcd_image_only,0,0.3,,,0.485
C,crisismmd,nfmcd_image_only,0,0.4,,,0.43875
C,crisismmd,nfmcd_image_only,0,0.5,,,0.0
C,fakeddit,nfmcd_default,1,0.05,,,1.0
C,fakeddit,nfmcd_default,1,0.1,,,1.0
C,fakeddit,nfmcd_default,1,0.15,,,0.31083333333333335
C,fakeddit,nfmcd_default,1,0.2,,,0.18583333333333332
C,fakeddit,nfmcd_default,1,0.25,,,0.04416666666666667
C,fakeddit,nfmcd_default,1,0.3,,,0.0
C,fakeddit,nfmcd_default,1,0.4,,,0.0
C,fakeddit,nfmcd_default,1,0.5,,,0.0
C,fakeddit,nfmcd_structure_only,1,0.05,,,0.20916666666666667
C,fakeddit,nfmcd_structure_only,1,0.1,,,0.115
C,fakeddit,nfmcd_structure_only,1,0.15,,,0.07583333333333334
C,fakeddit,nfmcd_structure_only,1,0.2,,,0.041666666666666664
C,fakeddit,nfmcd_structure_only,1,0.25,,,0.020833333333333332
C,fakeddit,nfmcd_structure_only,1,0.3,,,0.010833333333333334
C,fakeddit,nfmcd_structure_only,1,0.4,,,0.0
C,fakeddit,nfmcd_structure_only,1,0.5,,,0.0
C,fakeddit,nfmcd_text_only,1,0.05,,,0.7833333333333333
C,fakeddit,nfmcd_text_only,1,0.1,,,0.5958333333333333
C,fakeddit,nfmcd_text_only,1,0.15,,,0.5233333333333333
C,fakeddit,nfmcd_text_only,1,0.2,,,0.5033333333333333
C,fakeddit,nfmcd_text_only,1,0.25,,,0.48333333333333334
C,fakeddit,nfmcd_text_only,1,0.3,,,0.4325
C,fakeddit,nfmcd_text_only,1,0.4,,,0.14666666666666667
C,fakeddit,nfmcd_text_only,1,0.5,,,0.0
C,fakeddit,nfmcd_image_only,1,0.05,,,0.5291666666666667
C,fakeddit,nfmcd_image_only,1,0.1,,,0.42333333333333334
C,fakeddit,nfmcd_image_only,1,0.15,,,0.3641666666666667
C,fakeddit,nfmcd_image_only,1,0.2,,,0.3433333333333333
C,fakeddit,nfmcd_image_only,1,0.25,,,0.33166666666666667
C,fakeddit,nfmcd_image_only,1,0.3,,,0.31833333333333336
C,fakeddit,nfmcd_image_only,1,0.4,,,0.285
C,fakeddit,nfmcd_image_only,1,0.5,,,0.0
C,fakeddit,nfmcd_default,0,0.05,,,1.0
C,fakeddit,nfmcd_default,0,0.1,,,0.8758333333333334
C,fakeddit,nfmcd_default,0,0.15,,,0.3075
C,fakeddit,nfmcd_default,0,0.2,,,0.24083333333333334
C,fakeddit,nfmcd_default,0,0.25,,,0.14916666666666667
C,fakeddit,nfmcd_default,0,0.3,,,0.08
C,fakeddit,nfmcd_default,0,0.4,,,0.0025
C,fakeddit,nfmcd_default,0,0.5,,,0.0
C,fakeddit,nfmcd_structure_only,0,0.05,,,0.4775
C,fakeddit,nfmcd_structure_only,0,0.1,,,0.4125
C,fakeddit,nfmcd_structure_only,0,0.15,,,0.36
C,fakeddit,nfmcd_structure_only,0,0.2,,,0.3375
C,fakeddit,nfmcd_structure_only,0,0.25,,,0.31583333333333335
C,fakeddit,nfmcd_structure_only,0,0.3,,,0.2758333333333333
C,fakeddit,nfmcd_structure_only,0,0.4,,,0.1175
C,fakeddit,nfmcd_structure_only,0,0.5,,,0.0
C,fakeddit,nfmcd_text_only,0,0.05,,,0.7208333333333333
C,fakeddit,nfmcd_text_only,0,0.1,,,0.615
C,fakeddit,nfmcd_text_only,0,0.15,,,0.5416666666666666
C,fakeddit,nfmcd_text_only,0,0.2,,,0.5058333333333334
C,fakeddit,nfmcd_text_only,0,0.25,,,0.49166666666666664
C,fakeddit,nfmcd_text_only,0,0.3,,,0.4825
C,fakeddit,nfmcd_text_only,0,0.4,,,0.42833333333333334
C,fakeddit,nfmcd_text_only,0,0.5,,,0.0
C,fakeddit,nfmcd_image_only,0,0.05,,,0.6941666666666667
C,fakeddit,nfmcd_image_only,0,0.1,,,0.6125
C,fakeddit,nfmcd_image_only,0,0.15,,,0.5191666666666667
C,fakeddit,nfmcd_image_only,0,0.2,,,0.5016666666666667
C,fakeddit,nfmcd_image_only,0,0.25,,,0.48833333333333334
C,fakeddit,nfmcd_image_only,0,0.3,,,0.45
C,fakeddit,nfmcd_image_only,0,0.4,,,0.155
C,fakeddit,nfmcd_image_only,0,0.5,,,0.0
C,fakeddit,nfmcd_default,2,0.05,,,1.0
C,fakeddit,nfmcd_default,2,0.1,,,0.9016666666666666
C,fakeddit,nfmcd_default,2,0.15,,,0.31333333333333335
C,fakeddit,nfmcd_default,2,0.2,,,0.18166666666666667
C,fakeddit,nfmcd_default,2,0.25,,,0.045
C,fakeddit,nfmcd_default,2,0.3,,,0.0
C,fakeddit,nfmcd_default,2,0.4,,,0.0
C,fakeddit,nfmcd_default,2,0.5,,,0.0
C,fakeddit,nfmcd_structure_only,2,0.05,,,0.4775
C,fakeddit,nfmcd_structure_only,2,0.1,,,0.4116666666666667
C,fakeddit,nfmcd_structure_only,2,0.15,,,0.3591666666666667
C,fakeddit,nfmcd_structure_only,2,0.2,,,0.3375
C,fakeddit,nfmcd_structure_only,2,0.25,,,0.315
C,fakeddit,nfmcd_structure_only,2,0.3,,,0.27416666666666667
C,fakeddit,nfmcd_structure_only,2,0.4,,,0.1175
C,fakeddit,nfmcd_structure_only,2,0.5,,,0.0
C,fakeddit,nfmcd_text_only,2,0.05,,,0.6041666666666666
C,fakeddit,nfmcd_text_only,2,0.1,,,0.4658333333333333
C,fakeddit,nfmcd_text_only,2,0.15,,,0.3858333333333333
C,fakeddit,nfmcd_text_only,2,0.2,,,0.3375
C,fakeddit,nfmcd_text_only,2,0.25,,,0.31833333333333336
C,fakeddit,nfmcd_text_only,2,0.3,,,0.2633333333333333
C,fakeddit,nfmcd_text_only,2,0.4,,,0.0
C,fakeddit,nfmcd_text_only,2,0.5,,,0.0
C,fakeddit,nfmcd_image_only,2,0.05,,,0.695
C,fakeddit,nfmcd_image_only,2,0.1,,,0.6125
C,fakeddit,nfmcd_image_only,2,0.15,,,0.52
C,fakeddit,nfmcd_image_only,2,0.2,,,0.5016666666666667
C,fakeddit,nfmcd_image_only,2,0.25,,,0.48833333333333334
C,fakeddit,nfmcd_image_only,2,0.3,,,0.4508333333333333
C,fakeddit,nfmcd_image_only,2,0.4,,,0.155
C,fakeddit,nfmcd_image_only,2,0.5,,,0.0
