method,dataset,seed,k_used,modularity,onmi,f1,note,error,secs
var:default,fakeddit_real_lcc,0,6,0.5471847152793584,0.13624927109591334,0.29870584349690205,homophily=0.907 edges=9261,,2.88
var:default,fakeddit_real_lcc,1,6,0.5522990132665555,0.1421476531269955,0.27249832332118,homophily=0.907 edges=9261,,0.75
var:default,fakeddit_real_lcc,2,6,0.539708464837765,0.09889430041556457,0.22137966064493023,homophily=0.907 edges=9261,,0.64
var:default,crisismmd@r0.02,0,7,0.641266552737683,0.709720553143145,0.7691106355705715,homophily=0.927 edges=4884,,0.89
var:default,fakeddit_real_full,2,9,0.22188115790984209,0.04550175586536387,0.15271543051569647,homophily=0.887 edges=13108,,5.41
var:default,fakeddit_real_full,1,9,0.24079943492381636,0.044929254742191116,0.1457756014971586,homophily=0.887 edges=13108,,5.67
var:default,fakeddit_real_full,0,9,0.1406626863151124,0.027441981522099645,0.15075278928558083,homophily=0.887 edges=13108,,5.67
var:default,crisismmd@r0.02,1,7,0.4642692976638909,0.7495061627542517,0.7009353634415244,homophily=0.922 edges=4926,,0.86
var:default,crisismmd@r0.02,2,7,0.6428687838400666,0.6942578521435157,0.7603208662372991,homophily=0.928 edges=4900,,0.78
var:default,crisismmd@r0.1,0,7,0.2857291980094705,0.19570598775483172,0.2534768564284682,homophily=0.724 edges=4908,,0.78
var:default,crisismmd@r0.1,1,7,0.2500320468192068,0.15651332895553594,0.23161853084301123,homophily=0.715 edges=4924,,0.81
var:default,crisismmd@r0.1,2,7,0.2295192098558979,0.12351030246634032,0.24819829495579157,homophily=0.717 edges=4921,,0.77
var:default,crisismmd@r0.25,0,7,0.05728194396087069,0.057915009241260695,0.34620217927918995,homophily=0.506 edges=4943,,0.83
var:default,crisismmd@r0.25,2,7,0.08687040825386476,0.09467060406443739,0.34528397481455547,homophily=0.503 edges=4946,,0.81
var:default,crisismmd@r0.25,1,7,0.07837153844903365,0.08554032161618008,0.3213738325174664,homophily=0.500 edges=4979,,0.88
var:default,crisismmd@r0.5,0,7,0.025664886677189802,0.031155616546782783,0.16864766718624646,homophily=0.334 edges=4898,,0.8
var:default,crisismmd@r0.5,1,7,0.019419918181582698,0.06305169871105054,0.3079399682738094,homophily=0.330 edges=4908,,0.78
var:default,crisismmd@r0.5,2,7,0.029854730142278605,0.02379184404716106,0.2822150453925213,homophily=0.337 edges=4959,,0.78
var:default,crisismmd@r1.0,0,7,0.025636075914698526,0.04284360283833544,0.26195419143093474,homophily=0.198 edges=4881,,0.78
var:default,crisismmd@r1.0,1,7,0.004269162465853715,0.057849034433482216,0.30167715703872894,homophily=0.201 edges=4973,,0.75
var:default,crisismmd@r1.0,2,7,0.027224664754577715,0.0,0.263885859791159,homophily=0.205 edges=4982,,0.8
var:default,fakeddit@r0.02,0,10,0.31678816717331965,0.3197439068732103,0.30081760138924757,homophily=0.916 edges=12551,,2.36
var:default,fakeddit@r0.02,1,10,0.29054984294563785,0.2945286623048132,0.3755289557546337,homophily=0.915 edges=12522,,2.34
var:default,fakeddit@r0.02,2,10,0.3631865439659848,0.476610516362616,0.30163993719446414,homophily=0.913 edges=12513,,2.44
var:default,fakeddit@r0.1,0,10,0.29348531844103126,0.2118160900309961,0.18229511084428018,homophily=0.684 edges=12623,,2.41
var:default,fakeddit@r0.1,2,10,0.29097554427233113,0.17739385290408238,0.1738325439088338,homophily=0.679 edges=12516,,2.49
var:default,fakeddit@r0.1,1,10,0.29407726888932467,0.21630253048218828,0.1815667511771441,homophily=0.682 edges=12442,,2.59
var:default,fakeddit@r0.25,0,10,0.1597085846240807,0.11662928474680934,0.13621999577677413,homophily=0.467 edges=12589,,2.3
var:default,fakeddit@r0.25,1,10,0.15293420507737737,0.10501871252790895,0.1390845708223233,homophily=0.461 edges=12519,,2.25
var:default,fakeddit@r0.25,2,10,0.15383360251833245,0.16861789361802804,0.1952924142640618,homophily=0.460 edges=12618,,2.34
var:default,fakeddit@r0.5,1,10,0.02716592428897992,0.032046072270707215,0.21057464352683192,homophily=0.301 edges=12578,,2.33
var:default,fakeddit@r0.5,0,10,0.03738812180510845,0.03987877971278597,0.23830553383857955,homophily=0.306 edges=12621,,2.39
var:default,fakeddit@r0.5,2,10,0.03271982983096377,0.021073499831535503,0.18902113591664088,homophily=0.291 edges=12618,,2.36
var:default,fakeddit@r1.0,0,10,0.006530563349267972,0.01681997271593927,0.2329386334635517,homophily=0.182 edges=12562,,2.36
var:default,fakeddit@r1.0,2,10,-0.0011024860068179695,0.008853226538583892,0.16010087642030796,homophily=0.173 edges=12631,,2.31
var:default,fakeddit@r1.0,1,10,0.0005117083056510951,0.034363630900981046,0.19806540863559477,homophily=0.178 edges=12585,,2.34
var:cons_a60,fakeddit_real_lcc,0,6,0.7692619210328983,0.14624766009377654,0.3046578964011955,homophily=0.907 edges=9261,,0.5
var:cons_a60,fakeddit_real_lcc,1,6,0.7203946999072046,0.19987720125046748,0.35465655610541597,homophily=0.907 edges=9261,,0.53
var:cons_a60,fakeddit_real_full,0,9,0.5671576566463312,0.014198546564760273,0.20231989292494662,homophily=0.887 edges=13108,,3.17
var:cons_a60,fakeddit_real_lcc,2,6,0.7315448310877906,0.20363053856032387,0.3614350348500503,homophily=0.907 edges=9261,,0.52
var:cons_a60,crisismmd@r0.02,0,7,0.4544365395102496,0.7595021232623194,0.6715513367852666,homophily=0.927 edges=4884,,0.91
var:cons_a60,crisismmd@r0.02,1,7,0.5635989378489835,0.8300856106655535,0.7982648599220148,homophily=0.922 edges=4926,,0.89
var:cons_a60,crisismmd@r0.02,2,7,0.5682790712203248,0.8026567867071392,0.7906363396031895,homophily=0.928 edges=4900,,0.81
var:cons_a60,fakeddit_real_full,2,9,0.5309157600261633,0.04729530110938651,0.11522639391531839,homophily=0.887 edges=13108,,2.86
var:cons_a60,fakeddit_real_full,1,9,0.6458552817330617,0.024740874376843358,0.17012779852437995,homophily=0.887 edges=13108,,3.02
var:cons_a60,crisismmd@r0.1,0,7,0.4330430325486922,0.5794170128085134,0.6025749779179274,homophily=0.724 edges=4908,,0.8
var:cons_a60,crisismmd@r0.1,1,7,0.3644260757007736,0.654735367358275,0.6478493440756763,homophily=0.715 edges=4924,,0.8
var:cons_a60,crisismmd@r0.1,2,7,0.4076429533386292,0.6598832020087984,0.6228875748672767,homophily=0.717 edges=4921,,0.78
var:cons_a60,crisismmd@r0.25,0,7,0.26059587900078296,0.18261242662039867,0.3694068654306219,homophily=0.506 edges=4943,,0.78
var:cons_a60,crisismmd@r0.25,1,7,0.24265090725897132,0.14656539077334663,0.4045933761141951,homophily=0.500 edges=4979,,0.78
var:cons_a60,crisismmd@r0.5,0,7,0.20366522381198754,0.0,0.16545886007124186,homophily=0.334 edges=4898,,0.81
var:cons_a60,crisismmd@r0.25,2,7,0.21186031133819042,0.1252136170923437,0.3168660379071867,homophily=0.503 edges=4946,,0.89
var:cons_a60,crisismmd@r0.5,1,7,0.206490833122444,0.0,0.18401164811177298,homophily=0.330 edges=4908,,0.86
var:cons_a60,crisismmd@r0.5,2,7,0.20437203947139684,0.0,0.17055973941007924,homophily=0.337 edges=4959,,0.86
var:cons_a60,crisismmd@r1.0,0,7,0.19579107108955487,0.0,0.17562844697080301,homophily=0.198 edges=4881,,0.89
var:cons_a60,crisismmd@r1.0,1,7,0.1990882880969663,0.0,0.1549393501561155,homophily=0.201 edges=4973,,0.89
var:cons_a60,crisismmd@r1.0,2,7,0.20080179050039795,0.0,0.15590648916266206,homophily=0.205 edges=4982,,0.86
var:cons_a60,fakeddit@r0.02,0,10,0.34570003068859023,0.8059935606095194,0.7534563475569163,homophily=0.916 edges=12551,,2.31
var:cons_a60,fakeddit@r0.02,2,10,0.4033446325068313,0.8255363140946691,0.7544572505521053,homophily=0.913 edges=12513,,2.33
var:cons_a60,fakeddit@r0.02,1,10,0.40052980321157683,0.7488749644659709,0.6405465821452553,homophily=0.915 edges=12522,,2.41
var:cons_a60,fakeddit@r0.1,0,10,0.28357384159014964,0.2858976123872782,0.3413037948824892,homophily=0.684 edges=12623,,2.38
var:cons_a60,fakeddit@r0.1,1,10,0.2703015194165936,0.3822750239497128,0.2667163060828371,homophily=0.682 edges=12442,,2.41
var:cons_a60,fakeddit@r0.1,2,10,0.27972616591191524,0.28249640465882186,0.2970669443578945,homophily=0.679 edges=12516,,2.28
var:cons_a60,fakeddit@r0.25,1,10,0.19599537882066193,0.15877788743436527,0.13878668534234162,homophily=0.461 edges=12519,,2.23
var:cons_a60,fakeddit@r0.25,0,10,0.2019967911873608,0.2616330734642741,0.1329044163117094,homophily=0.467 edges=12589,,2.3
var:cons_a60,fakeddit@r0.25,2,10,0.19440455785764063,0.14049997685203897,0.14299924050597154,homophily=0.460 edges=12618,,2.08
var:cons_a60,fakeddit@r0.5,2,10,0.13762658095155042,0.0,0.15628281494211574,homophily=0.291 edges=12618,,2.22
var:cons_a60,fakeddit@r0.5,0,10,0.12905091549550293,0.01306253975228322,0.17216320161092244,homophily=0.306 edges=12621,,2.41
var:cons_a60,fakeddit@r0.5,1,10,0.12589706411037896,0.0076704083883886165,0.15856875012419508,homophily=0.301 edges=12578,,2.39
var:cons_a60,fakeddit@r1.0,0,10,0.13611708660278263,0.0,0.1350745154383923,homophily=0.182 edges=12562,,2.34
var:cons_a60,fakeddit@r1.0,1,10,0.1422368703306195,0.0,0.12227107129034584,homophily=0.178 edges=12585,,2.25
var:cons_a60,fakeddit@r1.0,2,10,0.133256171075682,0.0,0.12188244197885272,homophily=0.173 edges=12631,,2.22
var:agree_a50,fakeddit_real_lcc,0,6,0.7451739539438889,0.16498862752162147,0.32665468346006615,homophily=0.907 edges=9261,,0.55
var:agree_a50,fakeddit_real_full,0,9,0.6537941431430107,0.021936743115483104,0.12264358916076373,homophily=0.887 edges=13108,,3.19
var:agree_a50,fakeddit_real_lcc,1,6,0.7079928506968387,0.21970447997175468,0.3839256984754725,homophily=0.907 edges=9261,,0.5
var:agree_a50,fakeddit_real_lcc,2,6,0.7329874228542994,0.20676966027933086,0.3595254666197368,homophily=0.907 edges=9261,,0.5
var:agree_a50,crisismmd@r0.02,0,7,0.45253995898959043,0.759799309632863,0.6832174954017816,homophily=0.927 edges=4884,,0.89
var:agree_a50,crisismmd@r0.02,1,7,0.5494538825448962,0.8476611434146306,0.7970631034336556,homophily=0.922 edges=4926,,0.94
var:agree_a50,fakeddit_real_full,1,9,0.6721231249759632,0.02969957861825334,0.1254329637652734,homophily=0.887 edges=13108,,3.14
var:agree_a50,crisismmd@r0.02,2,7,0.4564506247396918,0.7559587206055758,0.6869109136173629,homophily=0.928 edges=4900,,0.8
var:agree_a50,fakeddit_real_full,2,9,0.5708669556006116,0.037521942808972586,0.09834470577070838,homophily=0.887 edges=13108,,2.91
var:agree_a50,crisismmd@r0.1,0,7,0.42558687013003405,0.588936160075908,0.6012275031101365,homophily=0.724 edges=4908,,0.81
var:agree_a50,crisismmd@r0.1,1,7,0.3650790966640952,0.6547034900047612,0.6447638068678677,homophily=0.715 edges=4924,,0.83
var:agree_a50,crisismmd@r0.1,2,7,0.4381741575829213,0.6183604065449392,0.6656742459493495,homophily=0.717 edges=4921,,0.83
var:agree_a50,crisismmd@r0.25,0,7,0.24461378427404398,0.15775705764611825,0.35829013892724987,homophily=0.506 edges=4943,,0.78
var:agree_a50,crisismmd@r0.25,1,7,0.22925352558270345,0.08951236352799585,0.36268266531501,homophily=0.500 edges=4979,,0.81
var:agree_a50,crisismmd@r0.25,2,7,0.22012163226984063,0.12198694448834035,0.3421115195624999,homophily=0.503 edges=4946,,0.8
var:agree_a50,crisismmd@r0.5,0,7,0.212128065871671,0.0,0.1883923690566633,homophily=0.334 edges=4898,,0.86
var:agree_a50,crisismmd@r0.5,1,7,0.19714698288774246,0.0,0.18056056526555947,homophily=0.330 edges=4908,,0.84
var:agree_a50,crisismmd@r0.5,2,7,0.2143327249568665,0.0,0.17705668765430352,homophily=0.337 edges=4959,,0.77
var:agree_a50,crisismmd@r1.0,0,7,0.1884984743009418,0.0,0.16445423358503922,homophily=0.198 edges=4881,,0.83
var:agree_a50,crisismmd@r1.0,2,7,0.19806486007193133,0.0,0.1517755847691511,homophily=0.205 edges=4982,,0.78
var:agree_a50,crisismmd@r1.0,1,7,0.2002941158750314,0.0,0.15931849182259666,homophily=0.201 edges=4973,,0.88
var:agree_a50,fakeddit@r0.02,0,10,0.3390347574708511,0.8111406875261237,0.7505392848007452,homophily=0.916 edges=12551,,2.44
var:agree_a50,fakeddit@r0.02,2,10,0.40470511962212863,0.7720387126102448,0.6980951613864456,homophily=0.913 edges=12513,,2.33
var:agree_a50,fakeddit@r0.1,0,10,0.2666955666892927,0.40340653344206023,0.2774580220548492,homophily=0.684 edges=12623,,2.34
var:agree_a50,fakeddit@r0.02,1,10,0.4001666219346619,0.7697237668765864,0.6451964391621131,homophily=0.915 edges=12522,,2.75
var:agree_a50,fakeddit@r0.1,1,10,0.2789755363455797,0.292774527566776,0.27444877981349103,homophily=0.682 edges=12442,,2.42
var:agree_a50,fakeddit@r0.1,2,10,0.2890388797066505,0.26714458506694316,0.2628934263877908,homophily=0.679 edges=12516,,2.41
var:agree_a50,fakeddit@r0.25,0,10,0.20270722105128283,0.14580324774656783,0.1405449561555447,homophily=0.467 edges=12589,,2.34
var:agree_a50,fakeddit@r0.25,1,10,0.19275892751014306,0.15738006303107444,0.1367630739688883,homophily=0.461 edges=12519,,2.38
var:agree_a50,fakeddit@r0.25,2,10,0.19721099581717488,0.19847161182825912,0.13514694153232767,homophily=0.460 edges=12618,,2.19
var:agree_a50,fakeddit@r0.5,1,10,0.12465527242302515,0.004773781790519127,0.16329954776015462,homophily=0.301 edges=12578,,2.36
var:agree_a50,fakeddit@r0.5,0,10,0.13752076633784363,0.009021802105210863,0.16604421389890076,homophily=0.306 edges=12621,,2.42
var:agree_a50,fakeddit@r0.5,2,10,0.13262858843928751,0.007429630806600418,0.1625730359333628,homophily=0.291 edges=12618,,2.28
var:default_rank16,fakeddit_real_full,0,9,0.6118261993574845,0.05153881867684773,0.11906176114163368,homophily=0.887 edges=13108,,0.77
var:default_rank16,fakeddit_real_full,1,9,0.5699528285656524,0.031199333661888318,0.13830978901825963,homophily=0.887 edges=13108,,0.69
var:agree_a50,fakeddit@r1.0,0,10,0.14351807234809819,0.0,0.12266540732417804,homophily=0.182 edges=12562,,2.05
var:default_rank16,fakeddit_real_lcc,0,6,0.710563312056517,0.1880881135198592,0.3417758182328543,homophily=0.907 edges=9261,,0.22
var:agree_a50,fakeddit@r1.0,1,10,0.14416092778087947,0.0,0.12958201811666165,homophily=0.178 edges=12585,,2.02
var:default_rank16,fakeddit_real_lcc,1,6,0.7118681221458063,0.1889974945199202,0.33923264535351677,homophily=0.907 edges=9261,,0.2
var:agree_a50,fakeddit@r1.0,2,10,0.13193975415689652,0.0,0.12094176139214548,homophily=0.173 edges=12631,,2.02
var:default_rank16,fakeddit_real_full,2,9,0.5389598334914681,0.04212405726899626,0.11229328895316455,homophily=0.887 edges=13108,,0.66
var:default_rank16,fakeddit_real_lcc,2,6,0.7102318350156002,0.18717669035217765,0.3396705144429642,homophily=0.907 edges=9261,,0.2
var:default_rank16,crisismmd@r0.02,0,7,0.4621606822927462,0.7372189455378002,0.6495331026744668,homophily=0.927 edges=4884,,0.27
var:default_rank16,crisismmd@r0.02,1,7,0.4684732539349321,0.6448948095009654,0.6601530873748379,homophily=0.922 edges=4926,,0.28
var:default_rank16,crisismmd@r0.02,2,7,0.5665596626405665,0.7084571866903674,0.7387611211787981,homophily=0.928 edges=4900,,0.28
var:default_rank16,crisismmd@r0.1,0,7,0.46160535599115,0.533271389962406,0.6487701541268301,homophily=0.724 edges=4908,,0.28
var:default_rank16,crisismmd@r0.1,1,7,0.35597190207481916,0.6942100420241247,0.666664632406041,homophily=0.715 edges=4924,,0.3
var:default_rank16,crisismmd@r0.1,2,7,0.44974321159093184,0.6022867995633027,0.7394948145618835,homophily=0.717 edges=4921,,0.3
var:default_rank16,crisismmd@r0.25,0,7,0.2500893966250661,0.23956620811153395,0.338742504200327,homophily=0.506 edges=4943,,0.25
var:default_rank16,crisismmd@r0.25,1,7,0.18759285080890653,0.1466011646937515,0.3558445137082717,homophily=0.500 edges=4979,,0.27
var:default_rank16,crisismmd@r0.25,2,7,0.24378551191525982,0.21549200586310202,0.3221049818004279,homophily=0.503 edges=4946,,0.28
var:default_rank16,crisismmd@r0.5,0,7,0.20325007865644945,0.0,0.2252015533344021,homophily=0.334 edges=4898,,0.27
var:default_rank16,crisismmd@r0.5,1,7,0.19483025152620775,0.0,0.18526079231393652,homophily=0.330 edges=4908,,0.3
var:default_rank16,crisismmd@r0.5,2,7,0.19459603025917585,0.0,0.20670884160324438,homophily=0.337 edges=4959,,0.28
var:default_rank16,crisismmd@r1.0,0,7,0.19627274597413943,0.0,0.17367077755869711,homophily=0.198 edges=4881,,0.31
var:default_rank16,crisismmd@r1.0,1,7,0.1971354948736044,0.0,0.16712570859502746,homophily=0.201 edges=4973,,0.31
var:default_rank16,crisismmd@r1.0,2,7,0.1933224965153557,0.0,0.17881113985508829,homophily=0.205 edges=4982,,0.28
var:default_rank16,fakeddit@r0.02,1,10,0.33940573487005304,0.7244249972279928,0.6644071736432551,homophily=0.915 edges=12522,,0.58
var:default_rank16,fakeddit@r0.02,2,10,0.34217085852227314,0.8139465080701189,0.7725753069962983,homophily=0.913 edges=12513,,0.73
var:default_rank16,fakeddit@r0.02,0,10,0.34598467287012136,0.8037620544050814,0.772368885654588,homophily=0.916 edges=12551,,0.95
var:default_rank16,fakeddit@r0.1,0,10,0.2891858051652513,0.35381893980383494,0.23143347085858057,homophily=0.684 edges=12623,,0.73
var:default_rank16,fakeddit@r0.1,1,10,0.29838966871546796,0.4202346287980636,0.21451923997477912,homophily=0.682 edges=12442,,0.72
var:default_rank16,fakeddit@r0.25,1,10,0.19852809590912354,0.18097652551542165,0.13711079529680834,homophily=0.461 edges=12519,,0.56
var:default_rank16,fakeddit@r0.25,0,10,0.20078789751736087,0.17548508794200623,0.13972771201169945,homophily=0.467 edges=12589,,0.66
var:default_rank16,fakeddit@r0.1,2,10,0.2998656861435324,0.36788297421667415,0.21738485446016567,homophily=0.679 edges=12516,,0.7
var:default_rank16,fakeddit@r0.25,2,10,0.19580575126080058,0.2930295103839763,0.1355164040043612,homophily=0.460 edges=12618,,0.56
var:default_rank16,fakeddit@r0.5,0,10,0.1129315308080831,0.04235406947607567,0.18176045825664236,homophily=0.306 edges=12621,,0.55
var:default_rank16,fakeddit@r0.5,1,10,0.11809107480341906,0.021210982475116325,0.20380509861223234,homophily=0.301 edges=12578,,0.59
var:default_rank16,fakeddit@r0.5,2,10,0.11646625831544734,0.016059240292978116,0.16044739448367534,homophily=0.291 edges=12618,,0.66
var:default_rank16,fakeddit@r1.0,0,10,0.12267614025929557,0.007196278364036468,0.16396995793088778,homophily=0.182 edges=12562,,0.73
var:default_rank16,fakeddit@r1.0,1,10,0.1354413034669768,0.0,0.1509419030125984,homophily=0.178 edges=12585,,0.66
var:default_rank16,fakeddit@r1.0,2,10,0.10397944904356662,0.008651534812324169,0.1648520853559302,homophily=0.173 edges=12631,,0.56
var:all_changes,fakeddit_real_lcc,0,6,0.7758136980451756,0.15611851006561595,0.30601883800111945,homophily=0.907 edges=9261,,0.31
var:all_changes,fakeddit_real_full,0,9,0.6115933156521596,0.04147837279484823,0.15692814376216624,homophily=0.887 edges=13108,,0.83
var:all_changes,fakeddit_real_lcc,2,6,0.731987797372811,0.1935744189082449,0.35484190070877714,homophily=0.907 edges=9261,,0.22
var:all_changes,fakeddit_real_lcc,1,6,0.7681100501210729,0.21027082813414255,0.3710889049015749,homophily=0.907 edges=9261,,0.36
var:all_changes,fakeddit_real_full,2,9,0.561981825898577,0.05868423690420199,0.11335061003458252,homophily=0.887 edges=13108,,0.72
var:all_changes,fakeddit_real_full,1,9,0.6605738269864152,0.029266054197311986,0.21301748639688559,homophily=0.887 edges=13108,,0.77
var:all_changes,crisismmd@r0.02,0,7,0.4655345120639961,0.7358006315780825,0.6520870537828775,homophily=0.927 edges=4884,,0.44
var:all_changes,crisismmd@r0.02,1,7,0.45369243941474713,0.6684558936351404,0.6597267136793346,homophily=0.922 edges=4926,,0.33
var:all_changes,crisismmd@r0.02,2,7,0.4674037900874636,0.6884020976936569,0.656760212730088,homophily=0.928 edges=4900,,0.36
var:all_changes,crisismmd@r0.1,0,7,0.36684709328083354,0.6970046037296485,0.6429265969215006,homophily=0.724 edges=4908,,0.41
var:all_changes,crisismmd@r0.1,2,7,0.36316627341130275,0.6759928693313643,0.6334820240613347,homophily=0.717 edges=4921,,0.36
var:all_changes,crisismmd@r0.25,0,7,0.268511158708365,0.2149338250493864,0.336146550265432,homophily=0.506 edges=4943,,0.36
var:all_changes,crisismmd@r0.1,1,7,0.3798902332513507,0.6625358390991929,0.6532115628273382,homophily=0.715 edges=4924,,0.45
var:all_changes,crisismmd@r0.25,1,7,0.24528656025118714,0.16717566626013347,0.34187988926153684,homophily=0.500 edges=4979,,0.45
var:all_changes,crisismmd@r0.5,1,7,0.19632326909677597,0.0,0.18196301609195653,homophily=0.330 edges=4908,,0.34
var:all_changes,crisismmd@r0.25,2,7,0.22945690530106877,0.1738261899090191,0.3415257954886256,homophily=0.503 edges=4946,,0.45
var:all_changes,crisismmd@r0.5,2,7,0.20241678476554734,0.0,0.2003899916544322,homophily=0.337 edges=4959,,0.3
var:all_changes,crisismmd@r0.5,0,7,0.21496536698589988,0.0,0.1780445813416439,homophily=0.334 edges=4898,,0.55
var:all_changes,crisismmd@r1.0,0,7,0.20902694117958653,0.0,0.16630371711098285,homophily=0.198 edges=4881,,0.38
var:all_changes,crisismmd@r1.0,1,7,0.19622363335912985,0.0,0.16139461447003248,homophily=0.201 edges=4973,,0.38
var:all_changes,crisismmd@r1.0,2,7,0.20166829812535889,0.0,0.16182266099631296,homophily=0.205 edges=4982,,0.31
var:all_changes,fakeddit@r0.02,0,10,0.3220340732542483,0.7164071580942644,0.646114145196577,homophily=0.916 edges=12551,,0.77
var:all_changes,fakeddit@r0.1,0,10,0.30234582338012295,0.40448194451620445,0.35366271499241164,homophily=0.684 edges=12623,,0.58
var:all_changes,fakeddit@r0.02,1,10,0.4021003021903938,0.8703640347271957,0.8588701817922209,homophily=0.915 edges=12522,,0.69
var:all_changes,fakeddit@r0.02,2,10,0.37970870719609445,0.7911693673167398,0.750493793569585,homophily=0.913 edges=12513,,0.77
var:all_changes,fakeddit@r0.1,1,10,0.3178406252205217,0.565345874526892,0.5120572591559182,homophily=0.682 edges=12442,,0.62
var:all_changes,fakeddit@r0.25,0,10,0.20248679982368575,0.28090354176675936,0.13441114323154707,homophily=0.467 edges=12589,,0.55
var:all_changes,fakeddit@r0.1,2,10,0.29730309537444993,0.44132863529302246,0.4429494285857511,homophily=0.679 edges=12516,,0.66
var:all_changes,fakeddit@r0.25,1,10,0.20056343976135427,0.2795867407978373,0.13464048405657225,homophily=0.461 edges=12519,,0.61
var:all_changes,fakeddit@r0.25,2,10,0.20122567923142198,0.29594026116842176,0.13577920242752384,homophily=0.460 edges=12618,,0.61
var:all_changes,fakeddit@r0.5,1,10,0.12785396103982954,0.02267379448412188,0.19345994785777149,homophily=0.301 edges=12578,,0.64
var:all_changes,fakeddit@r0.5,0,10,0.12719289448332674,0.025631082383892112,0.18650380960572702,homophily=0.306 edges=12621,,0.67
var:all_changes,fakeddit@r0.5,2,10,0.1294851761834599,0.020664431866007082,0.17841073167612276,homophily=0.291 edges=12618,,0.66
var:all_changes,fakeddit@r1.0,0,10,0.14145229884260613,0.0,0.1328452699706043,homophily=0.182 edges=12562,,0.59
var:all_changes,fakeddit@r1.0,2,10,0.14584982022400964,0.0,0.11755201875443792,homophily=0.173 edges=12631,,0.58
var:all_changes,fakeddit@r1.0,1,10,0.14488533987952246,0.0,0.12216178185034546,homophily=0.178 edges=12585,,0.66
base:louvain,fakeddit_real_lcc,0,21,0.9112186617370746,0.3132431794118209,0.6275532403387196,homophily=0.907 edges=9261,,0.11
base:louvain,fakeddit_real_lcc,1,21,0.9112186617370746,0.3132431794118209,0.6275532403387196,homophily=0.907 edges=9261,,0.08
base:louvain,fakeddit_real_lcc,2,21,0.9112186617370746,0.3132431794118209,0.6275532403387196,homophily=0.907 edges=9261,,0.09
base:louvain,crisismmd@r0.02,0,9,0.6585055222186672,0.7079813170251392,0.8467585033976404,homophily=0.927 edges=4884,,0.27
base:louvain,crisismmd@r0.02,1,10,0.6530091146779894,0.7392908255840223,0.9362646716614547,homophily=0.922 edges=4926,,0.11
base:louvain,crisismmd@r0.02,2,9,0.6577891503540191,0.5780598683323365,0.6754005480204197,homophily=0.928 edges=4900,,0.08
base:louvain,fakeddit_real_full,0,383,0.9411252369810245,0.10068204000507441,0.30641084085815645,homophily=0.887 edges=13108,,1.36
base:louvain,crisismmd@r0.1,0,5,0.4767531462363063,0.6416753864813456,0.9046601716549623,homophily=0.724 edges=4908,,0.17
base:louvain,crisismmd@r0.1,1,6,0.4568103738977049,0.3964962817979135,0.6392845570178253,homophily=0.715 edges=4924,,0.12
base:louvain,fakeddit_real_full,1,382,0.9410351046897636,0.10079728807818,0.30403253673415487,homophily=0.887 edges=13108,,1.14
base:louvain,crisismmd@r0.1,2,5,0.4741745013191766,0.5530382581428894,0.8533822622234464,homophily=0.717 edges=4921,,0.09
base:louvain,crisismmd@r0.25,2,8,0.27566171996829814,0.04366942560358689,0.31286053472356495,homophily=0.503 edges=4946,,0.14
base:louvain,crisismmd@r0.25,1,9,0.27843986317145386,0.07358249793445104,0.3397149732661425,homophily=0.500 edges=4979,,0.16
base:louvain,crisismmd@r0.25,0,10,0.27089989137343135,0.03996792632973212,0.2890293018769018,homophily=0.506 edges=4943,,0.22
base:louvain,crisismmd@r0.5,0,12,0.25244768700018555,0.0,0.16731928325507478,homophily=0.334 edges=4898,,0.14
base:louvain,crisismmd@r0.5,1,13,0.243542220043586,0.0,0.1597006352412795,homophily=0.330 edges=4908,,0.14
base:louvain,fakeddit_real_full,2,382,0.9410351046897636,0.10079728807818,0.30403253673415487,homophily=0.887 edges=13108,,1.41
base:louvain,crisismmd@r0.5,2,11,0.25617142642668467,0.0,0.16467341289893403,homophily=0.337 edges=4959,,0.2
base:louvain,crisismmd@r1.0,0,11,0.25307434750797725,0.0,0.15818876519706393,homophily=0.198 edges=4881,,0.16
base:louvain,crisismmd@r1.0,2,10,0.2538418112511343,0.0,0.15932253731041848,homophily=0.205 edges=4982,,0.14
base:louvain,crisismmd@r1.0,1,12,0.2556748327152022,0.0,0.14285088910187996,homophily=0.201 edges=4973,,0.23
base:louvain,fakeddit@r0.02,1,6,0.5085415584559037,0.6698911228429015,0.8886919228655067,homophily=0.915 edges=12522,,0.17
base:louvain,fakeddit@r0.02,0,9,0.5141357672297695,0.8871096653038846,0.9725144909420155,homophily=0.916 edges=12551,,0.27
base:louvain,fakeddit@r0.02,2,8,0.5114601951986397,0.8051911976919354,0.9431009515510316,homophily=0.913 edges=12513,,0.2
base:louvain,fakeddit@r0.1,0,5,0.37523264776571136,0.5197647770993059,0.8206804310002696,homophily=0.684 edges=12623,,0.25
base:louvain,fakeddit@r0.1,1,5,0.36741754203739396,0.5012782128421144,0.8355439609631026,homophily=0.682 edges=12442,,0.22
base:louvain,fakeddit@r0.1,2,4,0.3672037535642457,0.48508196168362705,0.8005012041161863,homophily=0.679 edges=12516,,0.27
base:louvain,fakeddit@r0.25,0,9,0.21670854993895525,0.026228191380809562,0.24892566799599944,homophily=0.467 edges=12589,,0.39
base:louvain,fakeddit@r0.25,2,8,0.22067372386349826,0.057939111662093756,0.29083552819944625,homophily=0.460 edges=12618,,0.28
base:louvain,fakeddit@r0.5,0,10,0.19653736930702229,0.0,0.12473483529086557,homophily=0.306 edges=12621,,0.34
base:louvain,fakeddit@r0.25,1,9,0.21309665064354197,0.04049604607298507,0.2461193095010189,homophily=0.461 edges=12519,,0.52
base:louvain,fakeddit@r0.5,1,9,0.1946139346954571,0.0,0.13984337304646785,homophily=0.301 edges=12578,,0.27
base:louvain,fakeddit@r0.5,2,10,0.19728465143538576,1.1102230246251565e-16,0.12521673372795528,homophily=0.291 edges=12618,,0.28
base:louvain,fakeddit@r1.0,0,9,0.19401670912401853,0.0,0.13161026186906571,homophily=0.182 edges=12562,,0.27
base:louvain,fakeddit@r1.0,1,8,0.19864113854948054,0.0,0.1495860730385643,homophily=0.178 edges=12585,,0.33
base:louvain,fakeddit@r1.0,2,7,0.1987246869496772,0.0,0.15822644834088262,homophily=0.173 edges=12631,,0.34
base:spectral_graph+content,fakeddit_real_full,0,9,0.6292848267937482,0.24965413182044371,0.2976106126086402,homophily=0.887 edges=13108,,0.38
base:spectral_graph+content,fakeddit_real_lcc,1,6,0.6186289805504904,0.5227766958073978,0.6185039315384402,homophily=0.907 edges=9261,,0.09
base:spectral_graph+content,fakeddit_real_lcc,0,6,0.6186289805504904,0.5227766958073978,0.6185039315384402,homophily=0.907 edges=9261,,0.17
base:spectral_graph+content,fakeddit_real_full,1,9,0.6292848267937482,0.24965413182044371,0.2976106126086402,homophily=0.887 edges=13108,,0.39
base:spectral_graph+content,fakeddit_real_lcc,2,6,0.6186289805504904,0.5227766958073978,0.6185039315384402,homophily=0.907 edges=9261,,0.09
base:spectral_graph+content,fakeddit_real_full,2,9,0.6292848267937482,0.24965413182044371,0.2976106126086402,homophily=0.887 edges=13108,,0.38
base:spectral_graph+content,crisismmd@r0.02,0,7,0.6442911878262001,0.9062700324361181,0.9654458066904017,homophily=0.927 edges=4884,,0.16
base:spectral_graph+content,crisismmd@r0.02,1,7,0.6411693304512138,0.8915976135737177,0.9564968810171138,homophily=0.922 edges=4926,,0.12
base:spectral_graph+content,crisismmd@r0.1,0,7,0.4572958657720974,0.8675302499664546,0.954510105908116,homophily=0.724 edges=4908,,0.14
base:spectral_graph+content,crisismmd@r0.02,2,7,0.6410568513119533,0.9048169919812163,0.9680350213632062,homophily=0.928 edges=4900,,0.17
base:spectral_graph+content,crisismmd@r0.1,1,7,0.4529792117191877,0.8538458898509859,0.945628381255194,homophily=0.715 edges=4924,,0.14
base:spectral_graph+content,crisismmd@r0.1,2,7,0.44534131040403835,0.8453143716242535,0.9419138221023301,homophily=0.717 edges=4921,,0.14
base:spectral_graph+content,crisismmd@r0.25,1,7,0.252373525747283,0.7867658407768826,0.9234846479437915,homophily=0.500 edges=4979,,0.14
base:spectral_graph+content,crisismmd@r0.25,0,7,0.22652009972149018,0.6352927932435034,0.7866824536778297,homophily=0.506 edges=4943,,0.16
base:spectral_graph+content,crisismmd@r0.25,2,7,0.24789260609814465,0.7587922314891993,0.8939407284009775,homophily=0.503 edges=4946,,0.16
base:spectral_graph+content,crisismmd@r0.5,0,7,0.10400973239133447,0.5737823180153394,0.7522743331064871,homophily=0.334 edges=4898,,0.14
base:spectral_graph+content,crisismmd@r0.5,1,7,0.09790437447568263,0.5425287590952939,0.7361953844187046,homophily=0.330 edges=4908,,0.14
base:spectral_graph+content,crisismmd@r0.5,2,7,0.10311899784321374,0.5730837857857914,0.7495800500699735,homophily=0.337 edges=4959,,0.14
base:spectral_graph+content,crisismmd@r1.0,0,7,0.03341496474944068,0.5149394188775278,0.7150912177674738,homophily=0.198 edges=4881,,0.12
base:spectral_graph+content,crisismmd@r1.0,1,7,0.024271605580247966,0.5126339450724022,0.7120875623677112,homophily=0.201 edges=4973,,0.12
base:spectral_graph+content,crisismmd@r1.0,2,7,0.03481092752858502,0.5254201908799061,0.7212905038362206,homophily=0.205 edges=4982,,0.12
base:spectral_graph+content,fakeddit@r0.02,0,10,0.4631576532419865,0.7098674228440214,0.840437480610898,homophily=0.916 edges=12551,,0.28
base:spectral_graph+content,fakeddit@r0.02,1,10,0.470920615908303,0.697042236926537,0.8163414510328881,homophily=0.915 edges=12522,,0.3
base:spectral_graph+content,fakeddit@r0.02,2,10,0.4751768653687355,0.7422167550807666,0.8423698922486833,homophily=0.913 edges=12513,,0.33
base:spectral_graph+content,fakeddit@r0.1,0,10,0.29149704654751474,0.5485186436598007,0.6989487958802828,homophily=0.684 edges=12623,,0.41
base:spectral_graph+content,fakeddit@r0.1,2,10,0.2933225496931202,0.5279695425917831,0.6961720921555745,homophily=0.679 edges=12516,,0.34
base:spectral_graph+content,fakeddit@r0.1,1,10,0.3020808546511948,0.5397015336881973,0.7033719877541091,homophily=0.682 edges=12442,,0.42
base:spectral_graph+content,fakeddit@r0.25,0,10,0.15026800585029598,0.29706218701122056,0.505092291934884,homophily=0.467 edges=12589,,0.34
base:spectral_graph+content,fakeddit@r0.25,1,10,0.14559016393013763,0.31981012987381785,0.5335418754256771,homophily=0.461 edges=12519,,0.34
base:spectral_graph+content,fakeddit@r0.25,2,10,0.15116109442789688,0.2986240644866036,0.5047485489260474,homophily=0.460 edges=12618,,0.39
base:spectral_graph+content,fakeddit@r0.5,1,10,0.0683592452740313,0.09679329696798766,0.3245361304473218,homophily=0.301 edges=12578,,0.36
base:spectral_graph+content,fakeddit@r0.5,0,10,0.05493369151356174,0.10342361763456143,0.31827839743734854,homophily=0.306 edges=12621,,0.42
base:spectral_graph+content,fakeddit@r0.5,2,10,0.058344303479386656,0.1049606672310468,0.30929796341522336,homophily=0.291 edges=12618,,0.34
base:spectral_graph+content,fakeddit@r1.0,1,10,0.037402199015703956,0.04720311750828554,0.2272569514706957,homophily=0.178 edges=12585,,0.34
base:spectral_graph+content,fakeddit@r1.0,0,10,0.04041422463701203,0.05597741125083999,0.28782469782034037,homophily=0.182 edges=12562,,0.44
base:spectral_graph+content,fakeddit@r1.0,2,10,0.044858506084795975,0.059066597392566034,0.2536840736098872,homophily=0.173 edges=12631,,0.48
base:kmeans_content,fakeddit_real_lcc,0,6,0.3670097485229628,0.24680504946879145,0.37684914024031957,homophily=0.907 edges=9261,,0.28
base:kmeans_content,fakeddit_real_full,1,9,0.28458296833824565,0.15714842472300994,0.34982855575028804,homophily=0.887 edges=13108,,0.66
base:kmeans_content,fakeddit_real_lcc,1,6,0.32670839806314667,0.25283335752573743,0.3550885832761748,homophily=0.907 edges=9261,,0.19
base:kmeans_content,fakeddit_real_full,0,9,0.2548045752202146,0.1563447108197875,0.35314716392543993,homophily=0.887 edges=13108,,0.97
base:kmeans_content,fakeddit_real_full,2,9,0.26634662724052355,0.12286513327155779,0.28689305293703626,homophily=0.887 edges=13108,,0.69
base:kmeans_content,fakeddit_real_lcc,2,6,0.3863484160604629,0.25830026244473203,0.35018573843733986,homophily=0.907 edges=9261,,0.17
base:kmeans_content,crisismmd@r0.02,0,7,0.2343942320140109,0.3943730374016603,0.5610033449335877,homophily=0.927 edges=4884,,0.3
base:kmeans_content,crisismmd@r0.02,1,7,0.24162002838930502,0.4064742121714391,0.5603964460777323,homophily=0.922 edges=4926,,0.28
base:kmeans_content,crisismmd@r0.1,0,7,0.17925418573803628,0.3943730374016603,0.5610033449335877,homophily=0.724 edges=4908,,0.41
base:kmeans_content,crisismmd@r0.1,1,7,0.17943973003792496,0.4064742121714391,0.5603964460777323,homophily=0.715 edges=4924,,0.3
base:kmeans_content,crisismmd@r0.02,2,7,0.277492794668888,0.4209784745470222,0.6037258915449902,homophily=0.928 edges=4900,,0.51
base:kmeans_content,crisismmd@r0.1,2,7,0.20184344465352816,0.4209784745470222,0.6037258915449902,homophily=0.717 edges=4921,,0.39
base:kmeans_content,crisismmd@r0.25,1,7,0.10112952407744581,0.4064742121714391,0.5603964460777323,homophily=0.500 edges=4979,,0.31
base:kmeans_content,crisismmd@r0.25,2,7,0.12153367161952403,0.4209784745470222,0.6037258915449902,homophily=0.503 edges=4946,,0.36
base:kmeans_content,crisismmd@r0.25,0,7,0.10781515385039461,0.3943730374016603,0.5610033449335877,homophily=0.506 edges=4943,,0.42
base:kmeans_content,crisismmd@r0.5,0,7,0.047071800041383206,0.3943730374016603,0.5610033449335877,homophily=0.334 edges=4898,,0.28
base:kmeans_content,crisismmd@r0.5,1,7,0.04074396358356433,0.4064742121714391,0.5603964460777323,homophily=0.330 edges=4908,,0.27
base:kmeans_content,crisismmd@r0.5,2,7,0.059292144363778956,0.4209784745470222,0.6037258915449902,homophily=0.337 edges=4959,,0.34
base:kmeans_content,crisismmd@r1.0,0,7,4.709504775424721e-05,0.3943730374016603,0.5610033449335877,homophily=0.198 edges=4881,,0.34
base:kmeans_content,crisismmd@r1.0,1,7,-0.005101568174557251,0.4064742121714391,0.5603964460777323,homophily=0.201 edges=4973,,0.28
base:kmeans_content,crisismmd@r1.0,2,7,0.0024528890114407665,0.4209784745470222,0.6037258915449902,homophily=0.205 edges=4982,,0.42
base:kmeans_content,fakeddit@r0.02,1,10,0.13161956821510834,0.05281184324661137,0.3080640691677653,homophily=0.915 edges=12522,,0.67
base:kmeans_content,fakeddit@r0.02,2,10,0.14725371300732876,0.08074720016748604,0.27483072454287527,homophily=0.913 edges=12513,,0.73
base:kmeans_content,fakeddit@r0.02,0,10,0.1491189185316166,0.08148429537517676,0.27069755766412107,homophily=0.916 edges=12551,,0.75
base:kmeans_content,fakeddit@r0.1,0,10,0.10664300704814919,0.08148429537517676,0.27069755766412107,homophily=0.684 edges=12623,,0.7
base:kmeans_content,fakeddit@r0.1,1,10,0.09406611473895361,0.05281184324661137,0.3080640691677653,homophily=0.682 edges=12442,,0.55
base:kmeans_content,fakeddit@r0.25,0,10,0.06406249289158421,0.08148429537517676,0.27069755766412107,homophily=0.467 edges=12589,,0.77
base:kmeans_content,fakeddit@r0.1,2,10,0.1071229880403132,0.08074720016748604,0.27483072454287527,homophily=0.679 edges=12516,,0.81
base:kmeans_content,fakeddit@r0.25,1,10,0.059931133289908324,0.05281184324661137,0.3080640691677653,homophily=0.461 edges=12519,,0.66
base:kmeans_content,fakeddit@r0.25,2,10,0.06542818139448657,0.08074720016748604,0.27483072454287527,homophily=0.460 edges=12618,,0.72
base:kmeans_content,fakeddit@r0.5,1,10,0.033466924065954376,0.05281184324661137,0.3080640691677653,homophily=0.301 edges=12578,,0.62
base:kmeans_content,fakeddit@r0.5,0,10,0.03156613931975651,0.08148429537517676,0.27069755766412107,homophily=0.306 edges=12621,,0.67
base:kmeans_content,fakeddit@r0.5,2,10,0.02794681136054405,0.08074720016748604,0.27483072454287527,homophily=0.291 edges=12618,,0.69
base:kmeans_content,fakeddit@r1.0,0,10,0.004879120688593626,0.08148429537517676,0.27069755766412107,homophily=0.182 edges=12562,,0.75
base:kmeans_content,fakeddit@r1.0,1,10,0.009037743976636281,0.05281184324661137,0.3080640691677653,homophily=0.178 edges=12585,,0.55
base:kmeans_content,fakeddit@r1.0,2,10,-0.0015014369775272164,0.08074720016748604,0.27483072454287527,homophily=0.173 edges=12631,,0.73
base:nfmcd_text_only,fakeddit_real_full,0,9,0.7939981421451273,0.013422822478091678,0.2710424912379811,homophily=0.887 edges=13108,,0.78
base:nfmcd_text_only,fakeddit_real_lcc,0,6,0.7683001310039427,0.2105948863430167,0.37285635163362363,homophily=0.907 edges=9261,,0.53
base:nfmcd_text_only,fakeddit_real_lcc,2,6,0.7683001310039427,0.2105948863430167,0.37285635163362363,homophily=0.907 edges=9261,,0.19
base:nfmcd_text_only,fakeddit_real_lcc,1,6,0.7683001310039427,0.2105948863430167,0.37285635163362363,homophily=0.907 edges=9261,,0.81
base:nfmcd_text_only,crisismmd@r0.02,0,7,0.5952376041442381,0.837297926468498,0.8152269533889163,homophily=0.927 edges=4884,,0.39
base:nfmcd_text_only,crisismmd@r0.02,1,7,0.6493922064417776,0.8785141469168175,0.9520429714182254,homophily=0.922 edges=4926,,0.27
base:nfmcd_text_only,fakeddit_real_full,1,9,0.840707193444401,0.0460962138213612,0.30206417702897714,homophily=0.887 edges=13108,,1.52
base:nfmcd_text_only,crisismmd@r0.02,2,7,0.573181882548938,0.8204476725642778,0.8086885463083676,homophily=0.928 edges=4900,,0.28
base:nfmcd_text_only,fakeddit_real_full,2,9,0.762258294254376,0.009788775647048942,0.2577533429239998,homophily=0.887 edges=13108,,1.86
base:nfmcd_text_only,crisismmd@r0.1,1,7,0.4097003948234117,0.4890681793202879,0.6525569279720763,homophily=0.715 edges=4924,,1.23
base:nfmcd_text_only,crisismmd@r0.1,2,7,0.403512440266844,0.5107208353519395,0.6309754123096758,homophily=0.717 edges=4921,,1.27
base:nfmcd_text_only,crisismmd@r0.25,0,7,0.27485724473237266,0.2703908619965265,0.3227382864035918,homophily=0.506 edges=4943,,1.58
base:nfmcd_text_only,crisismmd@r0.1,0,7,0.38937825176399793,0.6352990921476143,0.6037845457511911,homophily=0.724 edges=4908,,2.08
base:nfmcd_text_only,crisismmd@r0.25,1,7,0.23932287045639888,0.1239618583925658,0.35013953315421614,homophily=0.500 edges=4979,,0.83
base:nfmcd_text_only,crisismmd@r0.25,2,7,0.2054321733353457,0.0962237621078239,0.2148880906327715,homophily=0.503 edges=4946,,1.25
base:nfmcd_text_only,crisismmd@r0.5,1,7,0.18033779571831562,0.0,0.17513394035935168,homophily=0.330 edges=4908,,0.69
base:nfmcd_text_only,crisismmd@r0.5,0,7,0.2048991338370125,0.0,0.16230320673676848,homophily=0.334 edges=4898,,0.78
base:nfmcd_text_only,crisismmd@r0.5,2,7,0.1953141999524148,0.0,0.16777716315091568,homophily=0.337 edges=4959,,0.69
base:nfmcd_text_only,crisismmd@r1.0,0,7,0.18158345639118198,0.0,0.15927713141661434,homophily=0.198 edges=4881,,0.7
base:nfmcd_text_only,crisismmd@r1.0,1,7,0.1994785515623094,0.0,0.1723014769799128,homophily=0.201 edges=4973,,0.69
base:nfmcd_text_only,fakeddit@r0.02,0,10,0.4076640099407088,0.8022338589002211,0.7558380735920843,homophily=0.916 edges=12551,,0.66
base:nfmcd_text_only,crisismmd@r1.0,2,7,0.18413770505171487,0.0,0.16670732640019928,homophily=0.205 edges=4982,,0.7
base:nfmcd_text_only,fakeddit@r0.02,2,10,0.4413935903208254,0.8300078007631722,0.7469827376888736,homophily=0.913 edges=12513,,0.88
base:nfmcd_text_only,fakeddit@r0.1,0,10,0.29094659512921567,0.3599903940154715,0.4270422283321139,homophily=0.684 edges=12623,,1.09
base:nfmcd_text_only,fakeddit@r0.02,1,10,0.3999707838912028,0.8010845321316782,0.7491850209092721,homophily=0.915 edges=12522,,1.31
base:nfmcd_text_only,fakeddit@r0.1,2,10,0.28070949338250684,0.3608578001782474,0.5196887401836393,homophily=0.679 edges=12516,,0.78
base:nfmcd_text_only,fakeddit@r0.1,1,10,0.3102933538317682,0.4829428185355614,0.4372189780237224,homophily=0.682 edges=12442,,2.11
base:nfmcd_text_only,fakeddit@r0.25,0,10,0.21038541749239967,0.16445093752252182,0.1400835827113584,homophily=0.467 edges=12589,,1.06
base:nfmcd_text_only,fakeddit@r0.25,1,10,0.20396681364160332,0.1749811099503089,0.13287294905961183,homophily=0.461 edges=12519,,1.11
base:nfmcd_text_only,fakeddit@r0.25,2,10,0.2056247448558582,0.16049559282846015,0.13977081741787625,homophily=0.460 edges=12618,,1.08
base:nfmcd_text_only,fakeddit@r0.5,0,10,0.15009948135924292,0.0,0.16708632439184962,homophily=0.306 edges=12621,,0.8
base:nfmcd_text_only,fakeddit@r0.5,1,10,0.14093420389572375,0.0,0.13064987257313518,homophily=0.301 edges=12578,,0.81
base:nfmcd_text_only,fakeddit@r0.5,2,10,0.1481660454521553,0.0,0.1330554940047521,homophily=0.291 edges=12618,,0.83
base:nfmcd_structure_only,fakeddit_real_full,0,9,0.8476410214607334,0.022113523418697545,0.2331972584202906,homophily=0.887 edges=13108,,0.19
base:nfmcd_text_only,fakeddit@r1.0,0,10,0.1394610830899658,0.0,0.12903279435864942,homophily=0.182 edges=12562,,0.62
base:nfmcd_structure_only,fakeddit_real_full,1,9,0.8457128661362067,0.04318496964092122,0.18065249426663887,homophily=0.887 edges=13108,,0.12
base:nfmcd_structure_only,fakeddit_real_full,2,9,0.8372044046134324,0.015179308788927814,0.22468009620831428,homophily=0.887 edges=13108,,0.14
base:nfmcd_structure_only,fakeddit_real_lcc,0,6,0.7686022433030404,0.21751675123407788,0.37281489798012674,homophily=0.907 edges=9261,,0.11
base:nfmcd_structure_only,fakeddit_real_lcc,1,6,0.7662884450609583,0.21746408286671293,0.33939209656766905,homophily=0.907 edges=9261,,0.06
base:nfmcd_text_only,fakeddit@r1.0,1,10,0.15938261695717434,0.0,0.12097543335412853,homophily=0.178 edges=12585,,0.64
base:nfmcd_text_only,fakeddit@r1.0,2,10,0.1435069849655603,0.0,0.1187534821568513,homophily=0.173 edges=12631,,0.61
base:nfmcd_structure_only,crisismmd@r0.02,0,7,0.6550550997725445,0.8789634258425842,0.9430454413674496,homophily=0.927 edges=4884,,0.05
base:nfmcd_structure_only,crisismmd@r0.02,1,7,0.6489894943746416,0.8566181332468776,0.9378626152743232,homophily=0.922 edges=4926,,0.05
base:nfmcd_structure_only,fakeddit_real_lcc,2,6,0.7683001310039427,0.21121958670315366,0.3735586469402355,homophily=0.907 edges=9261,,0.06
base:nfmcd_structure_only,crisismmd@r0.02,2,7,0.6576730737192836,0.8821755198496787,0.9489411490713003,homophily=0.928 edges=4900,,0.06
base:nfmcd_structure_only,crisismmd@r0.1,0,7,0.44173628090192885,0.48401109605223547,0.6609289646477772,homophily=0.724 edges=4908,,0.05
base:nfmcd_structure_only,crisismmd@r0.1,1,7,0.40916638428070934,0.46561445441833427,0.6449036354761188,homophily=0.715 edges=4924,,0.06
base:nfmcd_structure_only,crisismmd@r0.1,2,7,0.40107754543737817,0.45084630758006916,0.6115706045802021,homophily=0.717 edges=4921,,0.05
base:nfmcd_structure_only,crisismmd@r0.25,0,7,0.2699023367706849,0.16191738340847528,0.4142554743793017,homophily=0.506 edges=4943,,0.06
base:nfmcd_structure_only,crisismmd@r0.5,0,7,0.17832857254092097,0.0,0.1460740470955679,homophily=0.334 edges=4898,,0.06
base:nfmcd_structure_only,crisismmd@r0.25,2,7,0.267924273622981,0.12926513286089025,0.3754568629555358,homophily=0.503 edges=4946,,0.06
base:nfmcd_structure_only,crisismmd@r0.25,1,7,0.2630826333424242,0.13206413475815915,0.3866249467275352,homophily=0.500 edges=4979,,0.11
base:nfmcd_structure_only,crisismmd@r0.5,1,7,0.17561354264846443,0.002589156324644293,0.12505880877059355,homophily=0.330 edges=4908,,0.08
base:nfmcd_structure_only,crisismmd@r0.5,2,7,0.19535933716771944,0.001567730769900244,0.16539736304633176,homophily=0.337 edges=4959,,0.06
base:nfmcd_structure_only,crisismmd@r1.0,0,7,0.1803930891837072,0.003674887533260285,0.11551639319347902,homophily=0.198 edges=4881,,0.08
base:nfmcd_structure_only,crisismmd@r1.0,1,7,0.193025830334399,0.0,0.1309068895834408,homophily=0.201 edges=4973,,0.08
base:nfmcd_structure_only,crisismmd@r1.0,2,7,0.1770617700236306,0.001447506052576708,0.13366537104915308,homophily=0.205 edges=4982,,0.06
base:nfmcd_structure_only,fakeddit@r0.02,1,10,0.5085396228751436,0.9428756900425057,0.9770779016966216,homophily=0.915 edges=12522,,0.11
base:nfmcd_structure_only,fakeddit@r0.02,0,10,0.5136095800760656,0.9633203583267674,0.9850788743741544,homophily=0.916 edges=12551,,0.16
base:nfmcd_structure_only,fakeddit@r0.02,2,10,0.509852903304227,0.9372653345278409,0.9735510659683906,homophily=0.913 edges=12513,,0.14
base:nfmcd_structure_only,fakeddit@r0.1,0,10,0.30809407089158314,0.6134732781496995,0.7064683168926766,homophily=0.684 edges=12623,,0.17
base:nfmcd_structure_only,fakeddit@r0.25,0,10,0.21016001781037336,0.19511081654698792,0.13491414579245947,homophily=0.467 edges=12589,,0.12
base:nfmcd_structure_only,fakeddit@r0.25,1,10,0.20406892857627554,0.17598747955305782,0.13300178270773497,homophily=0.461 edges=12519,,0.12
base:nfmcd_structure_only,fakeddit@r0.1,1,10,0.3042331237711346,0.6383367106960912,0.6702573480184196,homophily=0.682 edges=12442,,0.22
base:nfmcd_structure_only,fakeddit@r0.1,2,10,0.31214589269487053,0.5530112076565898,0.6055211497405832,homophily=0.679 edges=12516,,0.2
base:nfmcd_structure_only,fakeddit@r0.25,2,10,0.20536380662284293,0.19356650716759516,0.1348657179054223,homophily=0.460 edges=12618,,0.14
base:nfmcd_structure_only,fakeddit@r0.5,0,10,0.14520745263026866,0.0,0.13747934145227436,homophily=0.306 edges=12621,,0.12
base:nfmcd_structure_only,fakeddit@r0.5,2,10,0.14677526885148562,0.0,0.12626916842058783,homophily=0.291 edges=12618,,0.12
base:nfmcd_structure_only,fakeddit@r0.5,1,10,0.14434339326672166,0.0,0.13927265676329023,homophily=0.301 edges=12578,,0.19
base:nfmcd_structure_only,fakeddit@r1.0,1,10,0.15016178741017183,0.0,0.12191478288036942,homophily=0.178 edges=12585,,0.09
base:nfmcd_structure_only,fakeddit@r1.0,2,10,0.14812456376343053,0.0,0.12370472046310996,homophily=0.173 edges=12631,,0.11
base:nfmcd_structure_only,fakeddit@r1.0,0,10,0.14742212173234512,0.0,0.12436906105204285,homophily=0.182 edges=12562,,0.14
