group,dataset,seed,method,x,k_used,onmi,modularity,f1,auroc_agree,auroc_conf,error,secs
orig,crisismmd,0,nfmcd_robust,,7,0.7067088036285051,0.45831892225027016,0.7003090224252355,nan,nan,,2.67
orig,crisismmd,1,nfmcd_robust,,7,0.7097932583825237,0.4577152988615624,0.7067227870812722,nan,nan,,0.39
orig,crisismmd,1,nfmcd_default,,7,0.6290563695197424,0.5267513351527662,0.506950028298826,nan,nan,,3.09
orig,crisismmd,0,nfmcd_default,,7,0.590905302529789,0.5197824512523282,0.7572625076058666,nan,nan,,3.09
orig,crisismmd,2,nfmcd_default,,7,0.6076187149920035,0.5122659845460196,0.7379396383562477,nan,nan,,3.09
orig,crisismmd,2,nfmcd_robust,,7,0.7058647764506246,0.45700605811460737,0.6988240049654377,nan,nan,,0.42
orig,pheme,0,nfmcd_robust,,9,0.0,0.8602112070377169,0.2742479831933565,nan,nan,,0.34
orig,pheme,1,nfmcd_robust,,9,0.0,0.8397728013699661,0.28372327917185414,nan,nan,,0.44
orig,pheme,2,nfmcd_robust,,9,0.012365841865821459,0.8317326005132062,0.3082998102221146,nan,nan,,0.38
orig,pheme,0,nfmcd_default,,9,0.0,0.8651647650342359,0.24983831226709954,nan,nan,,3.11
orig,fakeddit,0,nfmcd_default,,10,0.32404460142087477,0.28399931936023204,0.26519627888330477,nan,nan,,2.76
orig,pheme,1,nfmcd_default,,9,0.0,0.8570915188206584,0.26870436471210807,nan,nan,,4.7
orig,fakeddit,0,nfmcd_robust,,10,0.8113488531490279,0.3942959636699764,0.8392229208185844,nan,nan,,0.91
orig,fakeddit,1,nfmcd_default,,10,0.3641407378164382,0.3173147611930934,0.19635999725760228,nan,nan,,2.69
orig,pheme,2,nfmcd_default,,9,0.015056576023737778,0.8543142336088391,0.2816022363559687,nan,nan,,6.25
orig,dblp,0,nfmcd_default,,8,0.6702689982017619,0.8475776772909762,0.7331002190599035,nan,nan,,0.09
orig,fakeddit,1,nfmcd_robust,,10,0.8506792410141415,0.3564787112686977,0.8487619277035814,nan,nan,,0.78
orig,dblp,1,nfmcd_default,,8,0.6702689982017619,0.8475776772909762,0.7331002190599035,nan,nan,,0.09
orig,dblp,2,nfmcd_default,,8,0.6702689982017619,0.8475776772909762,0.7331002190599034,nan,nan,,0.06
orig,fakeddit,2,nfmcd_robust,,10,0.8468286440980985,0.3514289405845578,0.8467300513295998,nan,nan,,0.7
orig,dblp,2,nfmcd_robust,,8,0.6702689982017619,0.8475776772909762,0.7331002190599035,nan,nan,,0.11
orig,fakeddit,2,nfmcd_default,,10,0.23679795396036396,0.29091205824468236,0.29866808636115544,nan,nan,,2.3
orig,dblp,1,nfmcd_robust,,8,0.6702689982017619,0.8475776772909762,0.7331002190599036,nan,nan,,0.17
orig,amazon,0,nfmcd_default,,4,0.5535487568737809,0.7172353714661406,0.7972215846095807,nan,nan,,0.03
orig,amazon,1,nfmcd_default,,4,0.5535487568737809,0.7172353714661406,0.7972215846095806,nan,nan,,0.02
orig,amazon,2,nfmcd_default,,4,0.5535487568737809,0.7172353714661406,0.7972215846095806,nan,nan,,0.03
orig,amazon,0,nfmcd_robust,,4,0.5535487568737809,0.7172353714661406,0.7972215846095806,nan,nan,,0.01
orig,amazon,1,nfmcd_robust,,4,0.5535487568737809,0.7172353714661406,0.7972215846095807,nan,nan,,0.01
orig,dblp,0,nfmcd_robust,,8,0.6702689982017619,0.8475776772909762,0.7331002190599035,nan,nan,,0.22
orig,amazon,2,nfmcd_robust,,4,0.5535487568737809,0.7172353714661406,0.7972215846095807,nan,nan,,0.02
orig,fakeddit_real_full,0,nfmcd_robust,,9,0.016202957163230503,0.7418049688422159,0.25823008635444494,nan,nan,,0.91
orig,fakeddit_real_full,1,nfmcd_robust,,9,0.031294836066197984,0.6685046188892559,0.17969562028986902,nan,nan,,0.91
orig,fakeddit_real_full,2,nfmcd_robust,,9,0.038339854585433764,0.686321127365259,0.20502474658852346,nan,nan,,0.86
orig,fakeddit_real_lcc,0,nfmcd_default,,6,0.13624927109591334,0.5471847152793584,0.29870584349690205,nan,nan,,0.59
orig,fakeddit_real_full,2,nfmcd_default,,9,0.04550175586536387,0.22188115790984209,0.15271543051569647,nan,nan,,3.33
orig,fakeddit_real_full,0,nfmcd_default,,9,0.027441981522099645,0.1406626863151124,0.15075278928558083,nan,nan,,3.38
orig,fakeddit_real_lcc,0,nfmcd_robust,,6,0.1954455469796429,0.7288552201165773,0.35139405265614915,nan,nan,,0.27
orig,fakeddit_real_full,1,nfmcd_default,,9,0.044929254742191116,0.24079943492381636,0.1457756014971586,nan,nan,,3.66
orig,fakeddit_real_lcc,1,nfmcd_default,,6,0.1421476531269955,0.5522990132665555,0.27249832332118,nan,nan,,0.53
orig,fakeddit_real_lcc,2,nfmcd_default,,6,0.09889430041556457,0.539708464837765,0.22137966064493023,nan,nan,,0.55
orig,fakeddit_real_lcc,1,nfmcd_robust,,6,0.19559573397441066,0.7245019977060639,0.35082438192583126,nan,nan,,0.28
orig,fakeddit_real_lcc,2,nfmcd_robust,,6,0.19480874474971133,0.7264733821878222,0.3509094249353258,nan,nan,,0.3
sweep,crisismmd,0,nfmcd_robust,0.02,7,0.8210123370201304,0.5618248148192866,0.7803494417977294,nan,nan,,0.36
sweep,crisismmd,0,nfmcd_default,0.02,7,0.709720553143145,0.641266552737683,0.7691106355705715,nan,nan,,0.86
sweep,crisismmd,1,nfmcd_robust,0.02,7,0.7209307473668862,0.4664852443034705,0.6734510792360443,nan,nan,,0.38
sweep,crisismmd,2,nfmcd_default,0.02,7,0.6942578521435157,0.6428687838400666,0.7603208662372991,nan,nan,,0.92
sweep,crisismmd,1,nfmcd_default,0.02,7,0.7495061627542517,0.4642692976638909,0.7009353634415244,nan,nan,,0.98
sweep,crisismmd,2,nfmcd_robust,0.02,7,0.7253261720302991,0.5674108912952937,0.7450893234953986,nan,nan,,0.38
sweep,crisismmd,0,nfmcd_robust,0.1,7,0.5683542869597757,0.468469928178069,0.6368191103384995,nan,nan,,0.39
sweep,crisismmd,0,nfmcd_default,0.1,7,0.19570598775483172,0.2857291980094705,0.2534768564284682,nan,nan,,0.89
sweep,crisismmd,2,nfmcd_default,0.1,7,0.12351030246634032,0.2295192098558979,0.24819829495579157,nan,nan,,0.78
sweep,crisismmd,1,nfmcd_default,0.1,7,0.15651332895553594,0.2500320468192068,0.23161853084301123,nan,nan,,0.84
sweep,crisismmd,1,nfmcd_robust,0.1,7,0.6725290120553918,0.43496803319473054,0.696616135582313,nan,nan,,0.36
sweep,crisismmd,2,nfmcd_robust,0.1,7,0.6368307126643846,0.4538614395190401,0.754274681244692,nan,nan,,0.36
sweep,crisismmd,0,nfmcd_robust,0.25,7,0.4310789902843569,0.2501084689964892,0.6167872614438716,nan,nan,,0.42
sweep,crisismmd,0,nfmcd_default,0.25,7,0.057915009241260695,0.05728194396087069,0.34620217927918995,nan,nan,,0.83
sweep,crisismmd,1,nfmcd_default,0.25,7,0.08554032161618008,0.07837153844903365,0.3213738325174664,nan,nan,,0.84
sweep,crisismmd,2,nfmcd_default,0.25,7,0.09467060406443739,0.08687040825386476,0.34528397481455547,nan,nan,,0.84
sweep,crisismmd,1,nfmcd_robust,0.25,7,0.37124557874464204,0.24707357969146249,0.5543835456534888,nan,nan,,0.38
sweep,crisismmd,2,nfmcd_robust,0.25,7,0.4062949579621684,0.2479926350562623,0.5972715543513695,nan,nan,,0.47
sweep,crisismmd,0,nfmcd_default,0.5,7,0.031155616546782783,0.025664886677189802,0.16864766718624646,nan,nan,,0.97
sweep,crisismmd,0,nfmcd_robust,0.5,7,0.014636145490285912,0.22756154919275223,0.24458667632214887,nan,nan,,0.55
sweep,crisismmd,1,nfmcd_default,0.5,7,0.06305169871105054,0.019419918181582698,0.3079399682738094,nan,nan,,0.98
sweep,crisismmd,2,nfmcd_default,0.5,7,0.02379184404716106,0.029854730142278605,0.2822150453925213,nan,nan,,0.97
sweep,crisismmd,2,nfmcd_robust,0.5,7,0.0,0.22430727692019103,0.2335436610594504,nan,nan,,0.5
sweep,crisismmd,1,nfmcd_robust,0.5,7,0.12783727998406968,0.20727764128090526,0.36745077430422063,nan,nan,,0.52
sweep,crisismmd,0,nfmcd_robust,1.0,7,0.12041668500568559,0.1981661389880634,0.32707152393165023,nan,nan,,0.44
sweep,crisismmd,0,nfmcd_default,1.0,7,0.04284360283833544,0.025636075914698526,0.26195419143093474,nan,nan,,0.83
sweep,crisismmd,1,nfmcd_default,1.0,7,0.057849034433482216,0.004269162465853715,0.30167715703872894,nan,nan,,0.86
sweep,crisismmd,2,nfmcd_default,1.0,7,0.0,0.027224664754577715,0.263885859791159,nan,nan,,0.83
sweep,crisismmd,2,nfmcd_robust,1.0,7,0.09068734857304106,0.20661202891630262,0.2578692670380627,nan,nan,,0.39
sweep,crisismmd,1,nfmcd_robust,1.0,7,0.10896861384811074,0.1998772862700489,0.3042111274850797,nan,nan,,0.45
sweep,fakeddit,0,nfmcd_robust,0.02,10,0.8600650457662966,0.40384611710045654,0.811614472959479,nan,nan,,0.69
sweep,fakeddit,1,nfmcd_robust,0.02,10,0.8619604005014185,0.4070568876560356,0.753831716163361,nan,nan,,0.66
sweep,fakeddit,0,nfmcd_default,0.02,10,0.3197439068732103,0.31678816717331965,0.30081760138924757,nan,nan,,2.28
sweep,fakeddit,2,nfmcd_robust,0.02,10,0.8378006493565308,0.4014562871076959,0.8134446136883712,nan,nan,,0.69
sweep,fakeddit,2,nfmcd_default,0.02,10,0.476610516362616,0.3631865439659848,0.30163993719446414,nan,nan,,2.25
sweep,fakeddit,1,nfmcd_default,0.02,10,0.2945286623048132,0.29054984294563785,0.3755289557546337,nan,nan,,2.39
sweep,fakeddit,0,nfmcd_robust,0.1,10,0.5588361236139734,0.31783692731916896,0.5288059247082051,nan,nan,,0.72
sweep,fakeddit,1,nfmcd_robust,0.1,10,0.6164543329216248,0.30182329564879484,0.6952450543770891,nan,nan,,0.67
sweep,fakeddit,0,nfmcd_default,0.1,10,0.2118160900309961,0.29348531844103126,0.18229511084428018,nan,nan,,2.39
sweep,fakeddit,2,nfmcd_robust,0.1,10,0.6310500359083203,0.29871442406069226,0.670753277636328,nan,nan,,0.69
sweep,fakeddit,2,nfmcd_default,0.1,10,0.17739385290408238,0.29097554427233113,0.1738325439088338,nan,nan,,2.3
sweep,fakeddit,1,nfmcd_default,0.1,10,0.21630253048218828,0.29407726888932467,0.1815667511771441,nan,nan,,2.53
sweep,fakeddit,0,nfmcd_robust,0.25,10,0.2156520613001851,0.1680509756631757,0.4375974179360118,nan,nan,,0.84
sweep,fakeddit,1,nfmcd_robust,0.25,10,0.24261849247966716,0.17673282947486718,0.4412691255418871,nan,nan,,0.81
sweep,fakeddit,1,nfmcd_default,0.25,10,0.10501871252790895,0.15293420507737737,0.1390845708223233,nan,nan,,2.2
sweep,fakeddit,0,nfmcd_default,0.25,10,0.11662928474680934,0.1597085846240807,0.13621999577677413,nan,nan,,2.28
sweep,fakeddit,2,nfmcd_default,0.25,10,0.16861789361802804,0.15383360251833245,0.1952924142640618,nan,nan,,2.22
sweep,fakeddit,2,nfmcd_robust,0.25,10,0.18951668378516773,0.17434544858023848,0.39580501628637843,nan,nan,,0.83
sweep,fakeddit,0,nfmcd_robust,0.5,10,0.03458759894388952,0.1169235480918687,0.2723238873315182,nan,nan,,0.84
sweep,fakeddit,2,nfmcd_default,0.5,10,0.021073499831535503,0.03271982983096377,0.18902113591664088,nan,nan,,2.03
sweep,fakeddit,1,nfmcd_robust,0.5,10,0.045035243672687186,0.1168731665212066,0.2629837253782376,nan,nan,,0.83
sweep,fakeddit,1,nfmcd_default,0.5,10,0.032046072270707215,0.02716592428897992,0.21057464352683192,nan,nan,,2.23
sweep,fakeddit,0,nfmcd_default,0.5,10,0.03987877971278597,0.03738812180510845,0.23830553383857955,nan,nan,,2.31
sweep,fakeddit,2,nfmcd_robust,0.5,10,0.037272618059296936,0.1278704744441824,0.23726669055891358,nan,nan,,0.77
sweep,fakeddit,0,nfmcd_robust,1.0,10,0.027275638850973172,0.10284508341888048,0.2350913295973339,nan,nan,,0.88
sweep,fakeddit,0,nfmcd_default,1.0,10,0.01681997271593927,0.006530563349267972,0.2329386334635517,nan,nan,,2.26
sweep,fakeddit,1,nfmcd_default,1.0,10,0.034363630900981046,0.0005117083056510951,0.19806540863559477,nan,nan,,2.17
sweep,fakeddit,2,nfmcd_default,1.0,10,0.008853226538583892,-0.0011024860068179695,0.16010087642030796,nan,nan,,2.25
sweep,fakeddit,1,nfmcd_robust,1.0,10,0.023214032149093233,0.13322767438075833,0.18550171755060368,nan,nan,,0.8
sweep,fakeddit,2,nfmcd_robust,1.0,10,0.026324728774399953,0.13416373995335315,0.2030247751821197,nan,nan,,0.69
miss,crisismmd,0,nfmcd_default,0.0,7,0.590905302529789,0.5197824512523282,0.7572625076058666,nan,nan,,0.83
miss,crisismmd,2,nfmcd_default,0.0,7,0.6076187149920035,0.5122659845460196,0.7379396383562477,nan,nan,,0.76
miss,crisismmd,1,nfmcd_default,0.0,7,0.6290563695197424,0.5267513351527662,0.506950028298826,nan,nan,,0.86
miss,crisismmd,0,nfmcd_robust,0.0,7,0.7067088036285051,0.45831892225027016,0.7003090224252355,nan,nan,,0.34
miss,crisismmd,1,nfmcd_robust,0.0,7,0.7097932583825237,0.4577152988615624,0.7067227870812722,nan,nan,,0.34
miss,crisismmd,1,nfmcd_default,0.4,7,0.6058754714520878,0.5227041968016412,0.717252679752664,nan,nan,,0.17
miss,crisismmd,0,nfmcd_default,0.4,7,0.598121927702744,0.5202113217373325,0.7117655637946992,nan,nan,,0.22
miss,crisismmd,2,nfmcd_robust,0.0,7,0.7058647764506246,0.45700605811460737,0.6988240049654377,nan,nan,,0.33
miss,crisismmd,2,nfmcd_default,0.4,7,0.5967208149908462,0.5158977448257013,0.711923841489044,nan,nan,,0.17
miss,crisismmd,0,nfmcd_robust,0.4,7,0.6155034340522674,0.5224364194590141,0.7221664592316699,nan,nan,,0.17
miss,crisismmd,1,nfmcd_robust,0.4,7,0.6189102268175699,0.5234608597215308,0.7259576972265392,nan,nan,,0.17
miss,crisismmd,0,nfmcd_default,0.8,7,0.6077729293057934,0.47632805199126893,0.7043142923601559,nan,nan,,0.06
miss,crisismmd,2,nfmcd_robust,0.4,7,0.6152136980107926,0.5229509092443365,0.7228965739069105,nan,nan,,0.17
miss,crisismmd,1,nfmcd_default,0.8,7,0.6002469099488047,0.48258865739440115,0.7109112174056994,nan,nan,,0.06
miss,crisismmd,2,nfmcd_default,0.8,7,0.5983832124245163,0.47428172351965314,0.7024490816901583,nan,nan,,0.05
miss,crisismmd,0,nfmcd_robust,0.8,7,0.5463763993911531,0.5142830689956845,0.7578594342695454,nan,nan,,0.06
miss,crisismmd,1,nfmcd_robust,0.8,7,0.5516103972266733,0.5159983417509957,0.7589003460605516,nan,nan,,0.08
miss,crisismmd,2,nfmcd_robust,0.8,7,0.5426155314922513,0.5151495538864197,0.7510289697554818,nan,nan,,0.08
miss,fakeddit_real_lcc,0,nfmcd_robust,0.0,6,0.1954455469796429,0.7288552201165773,0.35139405265614915,nan,nan,,0.25
miss,fakeddit_real_lcc,0,nfmcd_default,0.0,6,0.13624927109591334,0.5471847152793584,0.29870584349690205,nan,nan,,0.5
miss,fakeddit_real_lcc,2,nfmcd_default,0.0,6,0.09889430041556457,0.539708464837765,0.22137966064493023,nan,nan,,0.45
miss,fakeddit_real_lcc,1,nfmcd_default,0.0,6,0.1421476531269955,0.5522990132665555,0.27249832332118,nan,nan,,0.48
miss,fakeddit_real_lcc,1,nfmcd_robust,0.0,6,0.19559573397441066,0.7245019977060639,0.35082438192583126,nan,nan,,0.25
miss,fakeddit_real_lcc,0,nfmcd_default,0.4,6,0.19267484139348778,0.7405539595290779,0.3332099705812434,nan,nan,,0.16
miss,fakeddit_real_lcc,1,nfmcd_default,0.4,6,0.2206167714627838,0.7860432151292001,0.3565018268488667,nan,nan,,0.14
miss,fakeddit_real_lcc,2,nfmcd_default,0.4,6,0.1960507504384108,0.7411986021846552,0.3364966982589042,nan,nan,,0.14
miss,fakeddit_real_lcc,2,nfmcd_robust,0.0,6,0.19480874474971133,0.7264733821878222,0.3509094249353258,nan,nan,,0.24
miss,fakeddit_real_lcc,0,nfmcd_default,0.8,6,0.21087541051393544,0.7644320127291288,0.3724889300178114,nan,nan,,0.06
miss,fakeddit_real_lcc,0,nfmcd_robust,0.4,6,0.20399562578830066,0.7606224781927586,0.34240959147661637,nan,nan,,0.16
miss,fakeddit_real_lcc,1,nfmcd_robust,0.4,6,0.19552256628090126,0.7539841343646636,0.33559008152309433,nan,nan,,0.19
miss,fakeddit_real_lcc,2,nfmcd_robust,0.4,6,0.17713824896971353,0.7283214137666317,0.32244578670131957,nan,nan,,0.14
miss,fakeddit_real_lcc,1,nfmcd_default,0.8,6,0.16685184125456687,0.7699606351556928,0.31510937663059874,nan,nan,,0.06
miss,fakeddit_real_lcc,2,nfmcd_default,0.8,6,0.21121958670315366,0.7683001310039427,0.3735586469402355,nan,nan,,0.05
miss,fakeddit_real_lcc,1,nfmcd_robust,0.8,6,0.17166684628651185,0.7455797610340801,0.3190501039297446,nan,nan,,0.09
miss,fakeddit_real_lcc,0,nfmcd_robust,0.8,6,0.20857075832696215,0.7643780695176828,0.3699746581184005,nan,nan,,0.09
miss,fakeddit_real_lcc,2,nfmcd_robust,0.8,6,0.21021573986943964,0.7509417908733449,0.3691389447308298,nan,nan,,0.17
mis,crisismmd,0,nfmcd_default,0.0,7,0.590905302529789,0.5197824512523282,0.7572625076058666,nan,nan,,0.84
mis,crisismmd,2,nfmcd_default,0.0,7,0.6076187149920035,0.5122659845460196,0.7379396383562477,nan,nan,,0.84
mis,crisismmd,1,nfmcd_default,0.0,7,0.6290563695197424,0.5267513351527662,0.506950028298826,nan,nan,,0.91
mis,crisismmd,3,nfmcd_default,0.0,7,0.5855930682968469,0.5095026545748423,0.7494472460750561,nan,nan,,0.86
mis,crisismmd,0,nfmcd_robust,0.0,7,0.7067088036285051,0.45831892225027016,0.7003090224252355,nan,nan,,0.38
mis,crisismmd,1,nfmcd_robust,0.0,7,0.7097932583825237,0.4577152988615624,0.7067227870812722,nan,nan,,0.34
mis,crisismmd,2,nfmcd_robust,0.0,7,0.7058647764506246,0.45700605811460737,0.6988240049654377,nan,nan,,0.36
mis,crisismmd,3,nfmcd_robust,0.0,7,0.7069023255925849,0.45811609675897164,0.7000378120628454,nan,nan,,0.36
mis,crisismmd,4,nfmcd_default,0.0,7,0.5493116525858651,0.5220553476794157,0.5155024205275461,nan,nan,,0.81
mis,crisismmd,4,nfmcd_robust,0.0,7,0.7082047107159026,0.45877120050391756,0.701469776328792,nan,nan,,0.36
mis,crisismmd,0,nfmcd_default,0.1,7,0.305255840778474,0.47401072473254796,0.40082396185800656,0.5690544605199039,0.5690544605199039,,0.89
mis,crisismmd,1,nfmcd_default,0.1,7,0.5521408303004756,0.5277611324858368,0.5159110078804096,0.6872643678160919,0.6872643678160919,,0.86
mis,crisismmd,3,nfmcd_default,0.1,7,0.5548106345238536,0.5241540560015071,0.5149015813992708,0.6484563055991628,0.6484563055991628,,0.89
mis,crisismmd,2,nfmcd_default,0.1,7,0.6345340977131617,0.5279187949990296,0.5100787504140395,0.6258206896551725,0.6258206896551725,,0.92
mis,crisismmd,0,nfmcd_robust,0.1,7,0.7053540031813637,0.45765049343952835,0.7056591872917429,0.8000369679555039,0.8000369679555039,,0.39
mis,crisismmd,1,nfmcd_robust,0.1,7,0.7000950730938433,0.46011084028199606,0.6984083001328638,0.8240551724137931,0.8240551724137931,,0.38
mis,crisismmd,2,nfmcd_robust,0.1,7,0.7067251890128983,0.45142756220201374,0.6980590905675665,0.7556597701149426,0.7556597701149426,,0.36
mis,crisismmd,4,nfmcd_default,0.1,7,0.2178035603042059,0.3402371886813837,0.23220049936493842,0.6877693641717749,0.6877693641717749,,0.81
mis,crisismmd,3,nfmcd_robust,0.1,7,0.707797030159903,0.45788821093984977,0.701349474246386,0.8534589220303506,0.8534589220303506,,0.36
mis,crisismmd,4,nfmcd_robust,0.1,7,0.7025545325687853,0.45770040491046876,0.6979672069185254,0.7928879273339171,0.7928879273339171,,0.36
mis,crisismmd,0,nfmcd_default,0.2,7,0.6073961950595276,0.5262541658611313,0.5073512353626951,0.6123882691156702,0.6123882691156702,,0.89
mis,crisismmd,1,nfmcd_default,0.2,7,0.5818245707173051,0.5219546461617681,0.5050300261237827,0.6374871794871795,0.6374871794871795,,0.83
mis,crisismmd,2,nfmcd_default,0.2,7,0.5992240649117093,0.52479428671383,0.5054328807500649,0.5842205922946488,0.5842205922946488,,0.92
mis,crisismmd,3,nfmcd_default,0.2,7,0.6087464795452495,0.5255792732429624,0.5059495917095325,0.5959170205745549,0.5959170205745549,,0.92
mis,crisismmd,0,nfmcd_robust,0.2,7,0.6932133084388996,0.4576240106557016,0.6962351907670739,0.7937283529077013,0.7937283529077013,,0.39
mis,crisismmd,1,nfmcd_robust,0.2,7,0.6884920052474672,0.45873312888735784,0.6933164244979111,0.8089641025641026,0.8089641025641026,,0.33
mis,crisismmd,2,nfmcd_robust,0.2,7,0.6672835118677243,0.5239732994967309,0.7539814576408325,0.7390768563429158,0.7390768563429158,,0.33
mis,crisismmd,3,nfmcd_robust,0.2,7,0.6985146782209996,0.4564619268563919,0.6962217060543764,0.7996402379964024,0.7996402379964024,,0.36
mis,crisismmd,4,nfmcd_default,0.2,7,0.5806655302506534,0.5229398224548988,0.5065980063998571,0.6211738351254481,0.6211738351254481,,0.83
mis,crisismmd,4,nfmcd_robust,0.2,7,0.703085653916687,0.452302226214768,0.6987486597852951,0.7729569892473118,0.7729569892473118,,0.36
mis,crisismmd,0,nfmcd_default,0.4,7,0.6039015709077309,0.5263497632719433,0.50450868782351,0.5498903937994206,0.5498903937994206,,0.88
mis,crisismmd,2,nfmcd_default,0.4,7,0.38330252531875764,0.48203496639510446,0.3778265549874957,0.565009874917709,0.565009874917709,,0.86
mis,crisismmd,1,nfmcd_default,0.4,7,0.3751770342778422,0.4799352330679519,0.38207747302820033,0.5814356927845089,0.5814356927845089,,0.89
mis,crisismmd,3,nfmcd_default,0.4,7,0.6026868018684726,0.5255715334088267,0.5023052405107828,0.5830279240849405,0.5830279240849405,,0.98
mis,crisismmd,0,nfmcd_robust,0.4,7,0.682689717180776,0.4534758779283401,0.6920318767611381,0.7303296015031708,0.7303296015031708,,0.34
mis,crisismmd,1,nfmcd_robust,0.4,7,0.6864926469712032,0.4495391054282971,0.6908794037614294,0.7522679118754242,0.7522679118754242,,0.39
mis,crisismmd,2,nfmcd_robust,0.4,7,0.654467609817989,0.5260881150412129,0.7486879875274992,0.698400263331139,0.698400263331139,,0.38
mis,crisismmd,4,nfmcd_default,0.4,7,0.5212322204076116,0.5169292973682346,0.5017377991433962,0.5754731457800513,0.5754731457800513,,0.81
mis,crisismmd,3,nfmcd_robust,0.4,7,0.6897978415269633,0.4531275853922303,0.6913575010334745,0.7267271477112665,0.7267271477112665,,0.38
mis,crisismmd,4,nfmcd_robust,0.4,7,0.6912678364447737,0.4537306858191721,0.6915914003332304,0.7230498721227621,0.7230498721227621,,0.33
mis,fakeddit,3,nfmcd_default,0.0,10,0.3501160255023281,0.3195768640602473,0.2870567131526025,nan,nan,,2.5
mis,fakeddit,0,nfmcd_default,0.0,10,0.32404460142087477,0.28399931936023204,0.26519627888330477,nan,nan,,2.64
mis,fakeddit,1,nfmcd_default,0.0,10,0.3641407378164382,0.3173147611930934,0.19635999725760228,nan,nan,,2.64
mis,fakeddit,2,nfmcd_default,0.0,10,0.23679795396036396,0.29091205824468236,0.29866808636115544,nan,nan,,2.64
mis,fakeddit,1,nfmcd_robust,0.0,10,0.8506792410141415,0.3564787112686977,0.8487619277035814,nan,nan,,0.61
mis,fakeddit,0,nfmcd_robust,0.0,10,0.8113488531490279,0.3942959636699764,0.8392229208185844,nan,nan,,0.64
mis,fakeddit,2,nfmcd_robust,0.0,10,0.8468286440980985,0.3514289405845578,0.8467300513295998,nan,nan,,0.64
mis,fakeddit,3,nfmcd_robust,0.0,10,0.8473520376181343,0.3511817146435928,0.8478231461910608,nan,nan,,0.69
mis,fakeddit,4,nfmcd_robust,0.0,10,0.8478793447313022,0.3541341148157951,0.8461170287745755,nan,nan,,0.67
mis,fakeddit,4,nfmcd_default,0.0,10,0.30428928501697006,0.27454104227414206,0.20571064782817766,nan,nan,,1.95
mis,fakeddit,0,nfmcd_default,0.1,10,0.22482163726797944,0.2566873809581947,0.20010636390638453,0.6485419934984069,0.6485419934984069,,2.38
mis,fakeddit,2,nfmcd_default,0.1,10,0.35672412716571866,0.3213368514458222,0.25320413341611714,0.5806584293053085,0.5806584293053085,,2.62
mis,fakeddit,1,nfmcd_default,0.1,10,0.32230281820756235,0.3054881578879389,0.26044074724539723,0.6020265114545809,0.6020265114545809,,2.75
mis,fakeddit,3,nfmcd_default,0.1,10,0.36138092895960905,0.31143942398117175,0.262717763671629,0.6281807643336309,0.6281807643336309,,2.52
mis,fakeddit,0,nfmcd_robust,0.1,10,0.8445977570951151,0.35185740142013316,0.8449040153426683,0.7542899192961459,0.7542899192961459,,0.69
mis,fakeddit,1,nfmcd_robust,0.1,10,0.7954817731414487,0.4265560552085209,0.8536397629865267,0.7406171809841534,0.7406171809841534,,0.69
mis,fakeddit,2,nfmcd_robust,0.1,10,0.8492571669020822,0.35113920491752615,0.8459714288806144,0.7236678642178423,0.7236678642178423,,0.62
mis,fakeddit,3,nfmcd_robust,0.1,10,0.8460127378500221,0.35388015216940294,0.8437699662872327,0.796858668592387,0.796858668592387,,0.62
mis,fakeddit,4,nfmcd_default,0.1,10,0.26991330883255193,0.2961920363274244,0.30555917453068476,0.6113601759431568,0.6113601759431568,,2.22
mis,fakeddit,4,nfmcd_robust,0.1,10,0.8482304714853148,0.3510282738348253,0.8435120648854436,0.7660548130603959,0.7660548130603959,,0.64
mis,fakeddit,0,nfmcd_default,0.2,10,0.25240874243191036,0.2540644168295936,0.17441789846313846,0.5878489558357545,0.5878489558357545,,2.61
mis,fakeddit,1,nfmcd_default,0.2,10,0.36105308626793486,0.373016686051709,0.25904757027331266,0.5813547177589541,0.5813547177589541,,2.75
mis,fakeddit,2,nfmcd_default,0.2,10,0.2531523640639344,0.27291295098078183,0.1730854733379952,0.5896393125151295,0.5896393125151295,,2.88
mis,fakeddit,3,nfmcd_default,0.2,10,0.2059915162466054,0.29883901052009654,0.18053371964729856,0.6059220280231368,0.6059220280231368,,2.92
mis,fakeddit,0,nfmcd_robust,0.2,10,0.8472699232837511,0.3472843792568055,0.843178604804368,0.7001118915310335,0.7001118915310335,,0.67
mis,fakeddit,1,nfmcd_robust,0.2,10,0.8424217246275547,0.3500547068258739,0.8432230136572263,0.7413256642553567,0.7413256642553567,,0.64
mis,fakeddit,2,nfmcd_robust,0.2,10,0.842147176480611,0.35219488328780474,0.841206947440211,0.7201355603969983,0.7201355603969983,,0.67
mis,fakeddit,3,nfmcd_robust,0.2,10,0.8425743574193415,0.3523605552780571,0.8425211479980235,0.7396270542295725,0.7396270542295725,,0.64
mis,fakeddit,4,nfmcd_robust,0.2,10,0.8501965196283029,0.3528259549187572,0.8424256370227043,0.7214311842706904,0.7214311842706904,,0.62
mis,fakeddit,4,nfmcd_default,0.2,10,0.2619771457581842,0.37358189085924376,0.16552986928745628,0.5705121170553269,0.5705121170553269,,2.06
mis,fakeddit,0,nfmcd_default,0.4,10,0.19565720333518666,0.32183009295041776,0.1773009962418497,0.548505856283634,0.548505856283634,,2.74
mis,fakeddit,1,nfmcd_default,0.4,10,0.1981318502739957,0.38040305195753027,0.16891049258702048,0.574684862728341,0.574684862728341,,2.5
mis,fakeddit,2,nfmcd_default,0.4,10,0.2692120380271996,0.3809258425951036,0.17019169139758336,0.5380039849976559,0.5380039849976559,,2.62
mis,fakeddit,3,nfmcd_default,0.4,10,0.21575507645674807,0.34538953353975027,0.18030025657419607,0.5581684552674347,0.5581684552674347,,2.51
mis,fakeddit,0,nfmcd_robust,0.4,10,0.8341071403101515,0.35224301171286604,0.8338632337179002,0.6666508388730611,0.6666508388730611,,0.72
mis,fakeddit,1,nfmcd_robust,0.4,10,0.8391190740063746,0.3450606899440023,0.837963653804629,0.6620386443756008,0.6620386443756008,,0.8
mis,fakeddit,2,nfmcd_robust,0.4,10,0.8375276543825154,0.3560957064724374,0.8392314625328193,0.6549460853258322,0.6549460853258322,,0.69
mis,fakeddit,3,nfmcd_robust,0.4,10,0.8371255290046299,0.3495594204206238,0.8377878515733885,0.6828485139589817,0.6828485139589817,,0.69
mis,fakeddit_real_lcc,0,nfmcd_default,0.0,6,0.13624927109591334,0.5471847152793584,0.29870584349690205,nan,nan,,0.5
mis,fakeddit,4,nfmcd_robust,0.4,10,0.838716569208368,0.35306679134147784,0.8365958546249376,0.6686585404067308,0.6686585404067308,,0.72
mis,fakeddit,4,nfmcd_default,0.4,10,0.16430437047882562,0.3368583513433765,0.18810030653242182,0.5489173690972331,0.5489173690972331,,2.0
mis,fakeddit_real_lcc,1,nfmcd_default,0.0,6,0.1421476531269955,0.5522990132665555,0.27249832332118,nan,nan,,0.5
mis,fakeddit_real_lcc,2,nfmcd_default,0.0,6,0.09889430041556457,0.539708464837765,0.22137966064493023,nan,nan,,0.48
mis,fakeddit_real_lcc,3,nfmcd_default,0.0,6,0.08179244986982948,0.414772745755868,0.15514715766387208,nan,nan,,0.45
mis,fakeddit_real_lcc,0,nfmcd_robust,0.0,6,0.1954455469796429,0.7288552201165773,0.35139405265614915,nan,nan,,0.3
mis,fakeddit_real_lcc,1,nfmcd_robust,0.0,6,0.19559573397441066,0.7245019977060639,0.35082438192583126,nan,nan,,0.28
mis,fakeddit_real_lcc,4,nfmcd_default,0.0,6,0.1335901331374192,0.5650564865816888,0.26749143177412055,nan,nan,,0.51
mis,fakeddit_real_lcc,3,nfmcd_robust,0.0,6,0.19423576945863408,0.7208369258066364,0.34916575574002295,nan,nan,,0.25
mis,fakeddit_real_lcc,2,nfmcd_robust,0.0,6,0.19480874474971133,0.7264733821878222,0.3509094249353258,nan,nan,,0.28
mis,fakeddit_real_lcc,4,nfmcd_robust,0.0,6,0.19127793848999008,0.7228053254268081,0.34815470359712214,nan,nan,,0.27
mis,fakeddit_real_lcc,0,nfmcd_default,0.1,6,0.13099396990325074,0.6089254520441703,0.30097246733129296,0.5274255109578921,0.5274255109578921,,0.47
mis,fakeddit_real_lcc,1,nfmcd_default,0.1,6,0.06053396873875505,0.3517713771851708,0.15519323671497584,0.5438634399308556,0.5438634399308556,,0.48
mis,fakeddit_real_lcc,2,nfmcd_default,0.1,6,0.13268083954382215,0.6529381922262755,0.3124492861173918,0.60915995091699,0.60915995091699,,0.5
mis,fakeddit_real_lcc,3,nfmcd_default,0.1,6,0.11067516187231896,0.5393441076809338,0.2071499504999265,0.5523733646427372,0.5523733646427372,,0.47
mis,fakeddit_real_lcc,0,nfmcd_robust,0.1,6,0.1943051164479095,0.7249031817586807,0.3495867419315597,0.7364257572026595,0.7364257572026595,,0.3
mis,fakeddit_real_lcc,1,nfmcd_robust,0.1,6,0.194720957240194,0.7171987584701424,0.3496319348564718,0.6628493229616826,0.6628493229616826,,0.28
mis,fakeddit_real_lcc,2,nfmcd_robust,0.1,6,0.19323641315046702,0.7420102746631155,0.35958865331951967,0.7180711703644745,0.7180711703644745,,0.25
mis,fakeddit_real_lcc,4,nfmcd_default,0.1,6,0.0830762076574536,0.4604454945560613,0.1509712240231264,0.5610687022900763,0.5610687022900763,,0.48
mis,fakeddit_real_lcc,4,nfmcd_robust,0.1,6,0.1949312510892578,0.7368787087852556,0.35488254037807976,0.7407966018222113,0.7407966018222113,,0.25
mis,fakeddit_real_lcc,3,nfmcd_robust,0.1,6,0.200001458831782,0.719417694079927,0.3529126047438032,0.7117158671586716,0.7117158671586716,,0.3
mis,fakeddit_real_lcc,0,nfmcd_default,0.2,6,0.097638114705761,0.4301990234582254,0.1847277672620359,0.5214771101573678,0.5214771101573678,,0.53
mis,fakeddit_real_lcc,1,nfmcd_default,0.2,6,0.08625862161737041,0.41671280668039085,0.16884373913139092,0.49620141172850196,0.49620141172850196,,0.53
mis,fakeddit_real_lcc,2,nfmcd_default,0.2,6,0.13269861334220812,0.6513992395668681,0.310275290243871,0.5756929637526652,0.5756929637526652,,0.52
mis,fakeddit_real_lcc,3,nfmcd_default,0.2,6,0.08686742167583739,0.4795829870864744,0.17804019550783234,0.5335884353741497,0.5335884353741497,,0.5
mis,fakeddit_real_lcc,0,nfmcd_robust,0.2,6,0.20026078475450781,0.7523846449812043,0.3591240850593582,0.6968526466380544,0.6968526466380544,,0.28
mis,fakeddit_real_lcc,1,nfmcd_robust,0.2,6,0.19976101518158085,0.7427126499051997,0.35826022208918085,0.6889004289038909,0.6889004289038909,,0.25
mis,fakeddit_real_lcc,2,nfmcd_robust,0.2,6,0.2001729262049875,0.7176941347271611,0.35790365151088216,0.6664479798808156,0.6664479798808156,,0.25
mis,fakeddit_real_lcc,4,nfmcd_default,0.2,6,0.09476383186805015,0.4565199759937843,0.1522209841031267,0.5307711258930771,0.5307711258930771,,0.5
mis,fakeddit_real_lcc,3,nfmcd_robust,0.2,6,0.19848059093485126,0.7156326389064511,0.3529507787830319,0.6916666666666667,0.6916666666666667,,0.26
mis,fakeddit_real_lcc,4,nfmcd_robust,0.2,6,0.19496367265720926,0.7202564635049777,0.3492605354413279,0.667274369713394,0.667274369713394,,0.25
mis,fakeddit_real_lcc,0,nfmcd_default,0.4,6,0.08019686210035037,0.44192910974719257,0.14679372809134988,0.5514533463605277,0.5514533463605277,,0.49
mis,fakeddit_real_lcc,1,nfmcd_default,0.4,6,0.12454933142804325,0.4364385501356649,0.2488104857876224,0.5114480198019802,0.5114480198019802,,0.5
mis,fakeddit_real_lcc,2,nfmcd_default,0.4,6,0.09254536376721967,0.4625207603827623,0.14609234357964485,0.5573644357596482,0.5573644357596482,,0.47
mis,fakeddit_real_lcc,3,nfmcd_default,0.4,6,0.06822801018862967,0.4326354750263219,0.20168934945949424,0.523998998998999,0.523998998998999,,0.55
mis,fakeddit_real_lcc,0,nfmcd_robust,0.4,6,0.20516291609991155,0.7641569915468137,0.36839461028054726,0.6354909623839765,0.6354909623839765,,0.28
mis,fakeddit_real_lcc,1,nfmcd_robust,0.4,6,0.20595144484636696,0.7529492735249155,0.3652157062892834,0.6449308993399341,0.6449308993399341,,0.31
mis,fakeddit_real_lcc,2,nfmcd_robust,0.4,6,0.18574748189653867,0.7165594442588816,0.3440299931485426,0.5878236443575965,0.5878236443575965,,0.23
mis,fakeddit_real_lcc,4,nfmcd_default,0.4,6,0.1093180572130934,0.4498172594281139,0.1600301985995446,0.5307986609277857,0.5307986609277857,,0.55
mis,fakeddit_real_lcc,3,nfmcd_robust,0.4,6,0.2049439912281643,0.7221919130515416,0.35939061177949366,0.5829704704704705,0.5829704704704705,,0.28
mis,fakeddit_real_lcc,4,nfmcd_robust,0.4,6,0.20043669253901863,0.7271235223521418,0.3436699898640816,0.6425394548063128,0.6425394548063128,,0.23
