part,method,clusterer,n,k,seed,avg_degree,wall_generate_s,wall_fit_s,peak_rss_mb,success,error,stage_json
A,nfmcd_default,fcm,200,8,0,18.19,1.3590000000040163,0.14099999999598367,187.244544,True,,
A,nfmcd_default,fcm,200,8,1,18.6,1.3439999999973224,0.10900000000401633,187.179008,True,,
A,nfmcd_default,fcm,200,8,2,17.79,1.3439999999973224,0.125,187.359232,True,,
A,nfmcd_default,fcm,500,8,0,18.068,1.3439999999973224,0.5,200.556544,True,,
A,nfmcd_default,fcm,500,8,1,18.052,1.3439999999973224,0.43699999999807915,200.56064,True,,
A,nfmcd_default,fcm,500,8,2,18.256,1.3589999999967404,0.4370000000053551,200.114176,True,,
A,nfmcd_default,fcm,1000,8,0,18.092,1.375,1.2969999999986612,229.158912,True,,
A,nfmcd_default,fcm,1000,8,1,18.052,1.360000000000582,1.3280000000013388,228.999168,True,,
A,nfmcd_default,fcm,1000,8,2,18.024,1.389999999999418,1.5789999999979045,229.31456,True,,
A,nfmcd_default,fcm,2000,8,0,17.999,1.4219999999986612,3.4839999999967404,300.126208,True,,
A,nfmcd_default,fcm,2000,8,1,17.856,1.4219999999986612,3.2810000000026776,300.212224,True,,
A,nfmcd_default,fcm,2000,8,2,17.911,1.4060000000026776,3.264999999999418,300.064768,True,,
A,nfmcd_default,fcm,5000,8,0,18.022,1.610000000000582,6.25,465.678336,True,,
A,nfmcd_default,fcm,5000,8,1,18.0508,1.625,6.578000000001339,466.395136,True,,
A,nfmcd_default,fcm,10000,8,0,17.941,2.1410000000032596,11.375,819.458048,True,,
A,nfmcd_default,fcm,10000,8,1,18.0006,2.1710000000020955,12.203999999997905,819.494912,True,,
A,nfmcd_default,fcm,20000,8,0,18.0358,4.063000000001921,21.29699999999866,1442.418688,True,,
A,nfmcd_robust,fcm,200,8,0,18.19,1.3589999999967404,0.1870000000053551,189.31712,True,,
A,nfmcd_robust,fcm,200,8,1,18.6,1.3280000000013388,0.1569999999992433,189.382656,True,,
A,nfmcd_robust,fcm,200,8,2,17.79,1.3439999999973224,0.15600000000267755,189.444096,True,,
A,nfmcd_robust,fcm,500,8,0,18.068,1.3430000000007567,0.3289999999979045,202.366976,True,,
A,nfmcd_robust,fcm,500,8,1,18.052,1.375,0.35900000000401633,203.014144,True,,
A,nfmcd_robust,fcm,500,8,2,18.256,1.360000000000582,0.35899999999674037,203.0592,True,,
A,nfmcd_robust,fcm,1000,8,0,18.092,1.3589999999967404,0.5469999999986612,224.976896,True,,
A,nfmcd_robust,fcm,1000,8,1,18.052,1.3590000000040163,0.5159999999959837,225.652736,True,,
A,nfmcd_robust,fcm,1000,8,2,18.024,1.375,0.5469999999986612,226.03776,True,,
A,nfmcd_robust,fcm,2000,8,0,17.999,1.4369999999980791,1.3130000000019209,268.836864,True,,
A,nfmcd_robust,fcm,2000,8,1,17.856,1.4369999999980791,1.2660000000032596,269.082624,True,,
A,nfmcd_robust,fcm,2000,8,2,17.911,1.4210000000020955,1.2819999999992433,268.197888,True,,
A,nfmcd_robust,fcm,5000,8,0,18.022,1.625,4.406999999999243,419.71712,True,,
A,nfmcd_robust,fcm,5000,8,1,18.0508,1.6090000000040163,4.3439999999973224,420.1472,True,,
A,nfmcd_robust,fcm,10000,8,0,17.941,2.1409999999959837,11.781000000002678,819.007488,True,,
A,nfmcd_robust,fcm,10000,8,1,18.0006,2.187000000005355,12.860000000000582,819.396608,True,,
A,nfmcd_robust,fcm,20000,8,0,18.0358,4.078000000001339,21.51600000000326,1443.024896,True,,
A,louvain,fcm,200,8,0,18.19,1.3439999999973224,0.01600000000325963,176.963584,True,,
A,louvain,fcm,200,8,1,18.6,1.3439999999973224,0.01600000000325963,177.17248,True,,
A,louvain,fcm,200,8,2,17.79,1.3440000000045984,0.0,177.246208,True,,
A,louvain,fcm,500,8,0,18.068,1.3589999999967404,0.031000000002677552,180.424704,True,,
A,louvain,fcm,500,8,1,18.052,1.375,0.030999999995401595,180.588544,True,,
A,louvain,fcm,500,8,2,18.256,1.3589999999967404,0.031000000002677552,180.412416,True,,
A,louvain,fcm,1000,8,0,18.092,1.3590000000040163,0.11000000000058208,189.530112,True,,
A,louvain,fcm,1000,8,1,18.052,1.389999999999418,0.09399999999732245,189.579264,True,,
A,louvain,fcm,1000,8,2,18.024,1.3910000000032596,0.10899999999674037,189.497344,True,,
A,louvain,fcm,2000,8,0,17.999,1.4219999999986612,0.17199999999866122,203.866112,True,,
A,louvain,fcm,2000,8,1,17.856,1.4380000000019209,0.18699999999807915,203.558912,True,,
A,louvain,fcm,2000,8,2,17.911,1.4369999999980791,0.18800000000192085,203.292672,True,,
A,louvain,fcm,5000,8,0,18.022,1.6089999999967404,1.1090000000040163,245.075968,True,,
A,louvain,fcm,5000,8,1,18.0508,1.610000000000582,0.7189999999973224,244.240384,True,,
A,louvain,fcm,10000,8,0,17.941,2.1410000000032596,2.5,337.1008,True,,
A,louvain,fcm,10000,8,1,18.0006,2.1559999999954016,2.4840000000040163,337.604608,True,,
A,louvain,fcm,20000,8,0,18.0358,4.015999999995984,11.859000000004016,500.14208,True,,
A,spectral_graph_content,fcm,200,8,0,18.19,1.375,0.0940000000045984,188.932096,True,,
A,spectral_graph_content,fcm,200,8,1,18.6,1.3289999999979045,0.0930000000007567,189.165568,True,,
A,spectral_graph_content,fcm,200,8,2,17.79,1.3589999999967404,0.07800000000133878,188.669952,True,,
A,spectral_graph_content,fcm,500,8,0,18.068,1.3439999999973224,0.17199999999866122,207.64672,True,,
A,spectral_graph_content,fcm,500,8,1,18.052,1.3589999999967404,0.15600000000267755,206.336,True,,
A,spectral_graph_content,fcm,500,8,2,18.256,1.3440000000045984,0.1559999999954016,206.856192,True,,
A,spectral_graph_content,fcm,1000,8,0,18.092,1.3589999999967404,0.20300000000133878,257.347584,True,,
A,spectral_graph_content,fcm,1000,8,1,18.052,1.3589999999967404,0.20300000000133878,260.816896,True,,
A,spectral_graph_content,fcm,1000,8,2,18.024,1.375,0.20399999999790452,264.675328,True,,
A,spectral_graph_content,fcm,2000,8,0,17.999,1.4530000000013388,0.46899999999732245,453.85728,True,,
A,spectral_graph_content,fcm,2000,8,1,17.856,1.4219999999986612,0.5,453.7344,True,,
A,spectral_graph_content,fcm,2000,8,2,17.911,1.437000000005355,0.46899999999732245,453.582848,True,,
A,spectral_graph_content,fcm,5000,8,0,18.022,1.610000000000582,2.5469999999986612,1692.16,True,,
A,spectral_graph_content,fcm,5000,8,1,18.0508,1.6090000000040163,2.5310000000026776,1693.696,True,,
A,spectral_graph_content,fcm,10000,8,0,17.941,2.139999999999418,13.10899999999674,5989.380096,True,,
A,spectral_graph_content,fcm,10000,8,1,18.0006,2.1719999999986612,12.014999999999418,5990.17472,True,,
A,spectral_graph_content,,20000,8,0,,,,,False,memory_guard: dense n*n affinity alone would need ~3.2 GB (guard=2.0 GB),
B,nfmcd_default,fcm,200,8,0,18.19,1.3280000000013388,0.14100000000325963,187.633664,True,,"{""fusion"": 0.125, ""structural_embedding"": 0.0, ""alpha_fuse_features"": 0.0, ""fused_feature_dim"": 16, ""cluster_fcm"": 0.01600000000325963}"
B,nfmcd_default,fcm,500,8,0,18.068,1.3439999999973224,0.4530000000013388,199.770112,True,,"{""fusion"": 0.4370000000053551, ""structural_embedding"": 0.01599999999598367, ""alpha_fuse_features"": 0.0, ""fused_feature_dim"": 16, ""cluster_fcm"": 0.0}"
B,nfmcd_default,fcm,1000,8,0,18.092,1.3589999999967404,1.4060000000026776,228.90496,True,,"{""fusion"": 1.375, ""structural_embedding"": 0.031000000002677552, ""alpha_fuse_features"": 0.0, ""fused_feature_dim"": 16, ""cluster_fcm"": 0.0}"
B,nfmcd_default,fcm,2000,8,0,17.999,1.4530000000013388,3.4840000000040163,299.675648,True,,"{""fusion"": 3.438000000001921, ""structural_embedding"": 0.031000000002677552, ""alpha_fuse_features"": 0.0, ""fused_feature_dim"": 16, ""cluster_fcm"": 0.014999999999417923}"
B,nfmcd_default,fcm,5000,8,0,18.022,1.625,6.172000000005937,465.649664,True,,"{""fusion"": 6.0310000000026776, ""structural_embedding"": 0.07800000000133878, ""alpha_fuse_features"": 0.0, ""fused_feature_dim"": 16, ""cluster_fcm"": 0.06300000000192085}"
B,nfmcd_default,fcm,10000,8,0,17.941,2.1409999999959837,11.359000000004016,818.450432,True,,"{""fusion"": 11.031000000002678, ""structural_embedding"": 0.25, ""alpha_fuse_features"": 0.0, ""fused_feature_dim"": 16, ""cluster_fcm"": 0.07800000000133878}"
B,nfmcd_default,fcm,20000,8,0,18.0358,4.01600000000326,21.4059999999954,1440.718848,True,,"{""fusion"": 20.1559999999954, ""structural_embedding"": 0.9840000000040163, ""alpha_fuse_features"": 0.0, ""fused_feature_dim"": 16, ""cluster_fcm"": 0.26599999999598367}"
C,nfmcd_default,fcm,1000,8,0,18.092,1.5470000000059372,2.936999999998079,229.044224,True,,
C,nfmcd_default,fcm,1000,8,1,18.052,1.5159999999959837,1.5469999999986612,228.970496,True,,
C,nfmcd_default,fcm_adaptive_m,1000,8,0,18.092,1.5,3.75,229.453824,True,,
C,nfmcd_default,fcm_adaptive_m,1000,8,1,18.052,1.389999999999418,1.6719999999986612,227.9424,True,,
C,nfmcd_default,kmeans_softmax,1000,8,0,18.092,1.437999999994645,1.6560000000026776,228.950016,True,,
C,nfmcd_default,kmeans_softmax,1000,8,1,18.052,1.4059999999954016,1.4840000000040163,229.003264,True,,
C,nfmcd_default,gmm,1000,8,0,18.092,1.4059999999954016,1.4060000000026776,229.113856,True,,
C,nfmcd_default,gmm,1000,8,1,18.052,1.375,1.375,229.351424,True,,
C,nfmcd_default,spectral_soft,1000,8,0,18.092,1.389999999999418,1.4219999999986612,229.281792,True,,
C,nfmcd_default,spectral_soft,1000,8,1,18.052,1.360000000000582,1.7339999999967404,229.388288,True,,
C,nfmcd_default,fcm,5000,8,0,18.022,1.625,7.625,466.321408,True,,
C,nfmcd_default,fcm_adaptive_m,5000,8,0,18.022,1.7809999999954016,8.281000000002678,466.460672,True,,
C,nfmcd_default,kmeans_softmax,5000,8,0,18.022,1.6719999999986612,6.10899999999674,499.183616,True,,
C,nfmcd_default,gmm,5000,8,0,18.022,1.625,6.0939999999973224,466.51392,True,,
C,nfmcd_default,spectral_soft,5000,8,0,18.022,1.6089999999967404,6.094000000004598,466.427904,True,,
