method,dataset,seed,k_used,n_pred,modularity,onmi,f1,feature_source,note,error,secs
vgae_fcm,crisismmd,0,7,7,0.4480944758460904,0.43269337631837645,0.57784527216436,"content_matrix (raw concatenated L2-normalized text+image, zero-block if a modality is missing)","trained VGAE (hidden=64,out=32,epochs=200) + FuzzyCMeans(m=1.5)",,7.35
vgae_fcm,crisismmd,1,7,7,0.5227340474592405,0.6002016318805293,0.7542574922134344,"content_matrix (raw concatenated L2-normalized text+image, zero-block if a modality is missing)","trained VGAE (hidden=64,out=32,epochs=200) + FuzzyCMeans(m=1.5)",,2.13
vgae_fcm,crisismmd,2,7,7,0.5201090513343871,0.569971157563305,0.7405592789578825,"content_matrix (raw concatenated L2-normalized text+image, zero-block if a modality is missing)","trained VGAE (hidden=64,out=32,epochs=200) + FuzzyCMeans(m=1.5)",,2.14
vgae_fcm,pheme,0,9,9,0.646879382382281,0.2629572966881397,0.39026781346277734,"content_matrix (raw concatenated L2-normalized text+image, zero-block if a modality is missing)","trained VGAE (hidden=64,out=32,epochs=200) + FuzzyCMeans(m=1.5)",,13.01
vgae_fcm,pheme,1,9,9,0.7287581053326649,0.250910925060843,0.41908191276024415,"content_matrix (raw concatenated L2-normalized text+image, zero-block if a modality is missing)","trained VGAE (hidden=64,out=32,epochs=200) + FuzzyCMeans(m=1.5)",,12.46
vgae_fcm,pheme,2,9,9,0.6374682417893353,0.24642595178103055,0.3627736946357509,"content_matrix (raw concatenated L2-normalized text+image, zero-block if a modality is missing)","trained VGAE (hidden=64,out=32,epochs=200) + FuzzyCMeans(m=1.5)",,12.93
vgae_fcm,fakeddit,0,10,10,0.3167309356858295,0.1750114820720967,0.41853454912991445,"content_matrix (raw concatenated L2-normalized text+image, zero-block if a modality is missing)","trained VGAE (hidden=64,out=32,epochs=200) + FuzzyCMeans(m=1.5)",,5.15
vgae_fcm,fakeddit,1,10,10,0.3187866118837993,0.17302667950978967,0.43011717881004785,"content_matrix (raw concatenated L2-normalized text+image, zero-block if a modality is missing)","trained VGAE (hidden=64,out=32,epochs=200) + FuzzyCMeans(m=1.5)",,4.97
vgae_fcm,fakeddit,2,10,10,0.2612178774694381,0.17577320250283257,0.3976026897260166,"content_matrix (raw concatenated L2-normalized text+image, zero-block if a modality is missing)","trained VGAE (hidden=64,out=32,epochs=200) + FuzzyCMeans(m=1.5)",,5.04
vgae_fcm,dblp,0,8,8,0.8429780664812733,0.5428479802696693,0.6943708136419533,spectral_structural_embedding(dim=8) -- dataset ships no per-node content,"trained VGAE (hidden=64,out=32,epochs=200) + FuzzyCMeans(m=1.5)",,3.28
vgae_fcm,dblp,1,8,8,0.8510117170120182,0.5682616184255572,0.7320085396712235,spectral_structural_embedding(dim=8) -- dataset ships no per-node content,"trained VGAE (hidden=64,out=32,epochs=200) + FuzzyCMeans(m=1.5)",,3.3
vgae_fcm,dblp,2,8,8,0.8288831195243973,0.49579955051068647,0.6370869337609859,spectral_structural_embedding(dim=8) -- dataset ships no per-node content,"trained VGAE (hidden=64,out=32,epochs=200) + FuzzyCMeans(m=1.5)",,3.23
vgae_fcm,amazon,0,4,4,0.7160913872452335,0.5143571078072254,0.7413705467699323,spectral_structural_embedding(dim=4) -- dataset ships no per-node content,"trained VGAE (hidden=64,out=32,epochs=200) + FuzzyCMeans(m=1.5)",,0.2
vgae_fcm,amazon,1,4,4,0.7160913872452335,0.510803993983886,0.7467317382571621,spectral_structural_embedding(dim=4) -- dataset ships no per-node content,"trained VGAE (hidden=64,out=32,epochs=200) + FuzzyCMeans(m=1.5)",,0.18
vgae_fcm,amazon,2,4,4,0.7160913872452335,0.510803993983886,0.746731738257162,spectral_structural_embedding(dim=4) -- dataset ships no per-node content,"trained VGAE (hidden=64,out=32,epochs=200) + FuzzyCMeans(m=1.5)",,0.19
